{
"type": "FeatureCollection",
"name": "nyc_taxi_zones",
"crs": { "type": "name", "properties": { "name": "urn:ogc:def:crs:OGC:1.3:CRS84" } },
"features": [
{ "type": "Feature", "properties": { "id": 1, "name": "Newark Airport", "borough": "EWR" }, "geometry": { "type": "Polygon", "coordinates": [ [ [ -74.184453, 40.694996 ], [ -74.182842, 40.703465 ], [ -74.181573, 40.7045 ], [ -74.176992, 40.706138000000102 ], [ -74.17566, 40.70738 ], [ -74.17134, 40.707965 ], [ -74.160819, 40.707641 ], [ -74.15307, 40.705283 ], [ -74.162907, 40.689875 ], [ -74.164797, 40.689758 ], [ -74.165877, 40.687877 ], [ -74.166048, 40.686554 ], [ -74.172834, 40.676564 ], [ -74.177091, 40.671785 ], [ -74.17863, 40.671038 ], [ -74.180304, 40.671299 ], [ -74.185038, 40.67336 ], [ -74.189358, 40.679759 ], [ -74.189916, 40.681541 ], [ -74.189223, 40.688624 ], [ -74.185632, 40.691648 ], [ -74.184453, 40.694996 ] ] ] } },
{ "type": "Feature", "properties": { "id": 2, "name": "Jamaica Bay", "borough": "Queens" }, "geometry": { "type": "MultiPolygon", "coordinates": [ [ [ [ -73.823375972606627, 40.638987047176904 ], [ -73.82107505533321, 40.629733774566425 ], [ -73.819910140681529, 40.627840653117197 ], [ -73.817964148395632, 40.627105565696979 ], [ -73.817697965932581, 40.625961622496405 ], [ -73.816114834295433, 40.624604655173236 ], [ -73.816729980585706, 40.623871514072768 ], [ -73.817952847206854, 40.624093280117641 ], [ -73.818917080398236, 40.623090267163526 ], [ -73.817787183106674, 40.621626331776298 ], [ -73.816970078208698, 40.621491557101251 ], [ -73.816530742595788, 40.622002518748175 ], [ -73.81571468044605, 40.621489551517136 ], [ -73.815431747042638, 40.620116531242417 ], [ -73.817180538784527, 40.619267274493396 ], [ -73.817774298345228, 40.617501121695838 ], [ -73.817118936222172, 40.615282192345653 ], [ -73.816526811891208, 40.614947009580256 ], [ -73.821416015999915, 40.615054763000131 ], [ -73.823798479999951, 40.61212942100012 ], [ -73.823824685976604, 40.611498664955278 ], [ -73.825753221052707, 40.614192081540267 ], [ -73.827256366329891, 40.613378714124742 ], [ -73.827875254717952, 40.613697628598608 ], [ -73.82750222609539, 40.614204666720397 ], [ -73.830545752859166, 40.614933060780849 ], [ -73.834341681222838, 40.614365437197634 ], [ -73.835422886833229, 40.614610454435969 ], [ -73.83585572623771, 40.615208999053131 ], [ -73.83776702143372, 40.615522231418936 ], [ -73.835941625295234, 40.616545261917324 ], [ -73.834962226455872, 40.617780308811973 ], [ -73.834975852291919, 40.61859185621811 ], [ -73.835747065585778, 40.619611526330004 ], [ -73.834772060069142, 40.619844145468392 ], [ -73.835312018533884, 40.62014537181404 ], [ -73.834645138057198, 40.621997727389903 ], [ -73.83534733990399, 40.623695778844123 ], [ -73.835143558597352, 40.625487082796859 ], [ -73.833422308099543, 40.626781983462287 ], [ -73.834643772249748, 40.627427079424535 ], [ -73.833041009077476, 40.628261271060808 ], [ -73.83196080768154, 40.629652729879552 ], [ -73.831153931796251, 40.632560527529719 ], [ -73.833406079792255, 40.638501355899159 ], [ -73.832216588191599, 40.63892849022097 ], [ -73.828085673532854, 40.635879726836713 ], [ -73.82591657926902, 40.635747412966857 ], [ -73.82443032497055, 40.636216521040993 ], [ -73.824135776900476, 40.63878799670475 ], [ -73.824573798903089, 40.639353873239394 ], [ -73.824193272931566, 40.639953274487972 ], [ -73.823375972606627, 40.638987047176904 ] ] ], [ [ [ -73.847218348321249, 40.631965686706252 ], [ -73.848589966439292, 40.630131986806731 ], [ -73.858558363479801, 40.630458288195783 ], [ -73.856137418759104, 40.635081546014888 ], [ -73.846679148402345, 40.638731711757345 ], [ -73.84352007697278, 40.636503685328108 ], [ -73.845048592786327, 40.633174838999849 ], [ -73.847218348321249, 40.631965686706252 ] ] ], [ [ [ -73.790792842995288, 40.634282043102637 ], [ -73.798118722261989, 40.631037509261304 ], [ -73.798276154152973, 40.631252179366001 ], [ -73.790792842995288, 40.634282043102637 ] ] ], [ [ [ -73.836237315978281, 40.631110861231925 ], [ -73.841102054474248, 40.624556436515348 ], [ -73.844457114622372, 40.629847794440167 ], [ -73.842423745765004, 40.63153254924444 ], [ -73.837651743624008, 40.632839732956178 ], [ -73.836237315978281, 40.631110861231925 ] ] ], [ [ [ -73.813072338926176, 40.629261099642832 ], [ -73.813525021228742, 40.627306172686147 ], [ -73.812585560381322, 40.62837191618393 ], [ -73.811294322076563, 40.624703779000598 ], [ -73.811355819958507, 40.622937515040867 ], [ -73.812100453342936, 40.621100596815083 ], [ -73.810240665049903, 40.616487640654412 ], [ -73.810899904816054, 40.616218471341163 ], [ -73.812007177733548, 40.617179371483509 ], [ -73.814495433024121, 40.62239494530548 ], [ -73.814182785596458, 40.623694631558294 ], [ -73.816790735025521, 40.626348918121366 ], [ -73.813828994931541, 40.626135077644321 ], [ -73.816270260439808, 40.627145805917294 ], [ -73.81720935727391, 40.629106351152544 ], [ -73.817305769276203, 40.630621973798021 ], [ -73.816371812001663, 40.631372728249332 ], [ -73.815067884414546, 40.631164058578115 ], [ -73.813917332198059, 40.630776392218301 ], [ -73.813072338926176, 40.629261099642832 ] ] ], [ [ [ -73.847343506669759, 40.62909473971645 ], [ -73.849846301674177, 40.626224490746118 ], [ -73.847278377279807, 40.626621669792137 ], [ -73.84504991718353, 40.62541106188381 ], [ -73.843580107555027, 40.623178164184594 ], [ -73.846147540083194, 40.622223609607964 ], [ -73.848477815812856, 40.622418784790739 ], [ -73.856655101917482, 40.619993649188544 ], [ -73.861071322142678, 40.617712079370762 ], [ -73.863649887949336, 40.617878773642587 ], [ -73.864041062764869, 40.619207596714219 ], [ -73.861518254852328, 40.619049218399425 ], [ -73.861028833833842, 40.624138986994275 ], [ -73.863478809470053, 40.623388609316017 ], [ -73.863349556702246, 40.625924908777947 ], [ -73.861376324654955, 40.625979153993271 ], [ -73.860410822708744, 40.62516691297774 ], [ -73.858613389347227, 40.627962022328241 ], [ -73.857677790282096, 40.627983758948659 ], [ -73.857863093170309, 40.628444902667603 ], [ -73.856505509775801, 40.62909735372677 ], [ -73.856134798412398, 40.628280911273073 ], [ -73.853965441911498, 40.62761094389807 ], [ -73.854369310627689, 40.628817676544074 ], [ -73.850716961085723, 40.628002992109636 ], [ -73.848468681961663, 40.629643330753396 ], [ -73.847343506669759, 40.62909473971645 ] ] ], [ [ [ -73.87084603194215, 40.616967426457791 ], [ -73.878247793242394, 40.615444608331728 ], [ -73.874813868650492, 40.623587189183844 ], [ -73.866843841425265, 40.627829242860443 ], [ -73.86498193495926, 40.625660706041216 ], [ -73.866065331061421, 40.621493326749309 ], [ -73.866261276657355, 40.618456348024154 ], [ -73.87084603194215, 40.616967426457791 ] ] ], [ [ [ -73.797835333985134, 40.627408716571715 ], [ -73.797838481569613, 40.627013466303865 ], [ -73.795662567261061, 40.626114004327988 ], [ -73.799214934277572, 40.624084712988711 ], [ -73.79403741688607, 40.625635195955127 ], [ -73.793629274813497, 40.625156476195137 ], [ -73.798090931071727, 40.62306294824451 ], [ -73.799510856737356, 40.621175533021152 ], [ -73.799920576326826, 40.61857524016618 ], [ -73.801724986401638, 40.619967008731876 ], [ -73.800962922423409, 40.61777236939723 ], [ -73.801280495040928, 40.615879839747748 ], [ -73.802703438678066, 40.613580652321914 ], [ -73.803398209611899, 40.613172104348756 ], [ -73.805089060122924, 40.613432560419632 ], [ -73.804765926165572, 40.615800991371067 ], [ -73.805753022222817, 40.616694857538477 ], [ -73.805659450605631, 40.617600255343909 ], [ -73.807641168961169, 40.621199654692447 ], [ -73.807283313292743, 40.621666435622146 ], [ -73.807689178291056, 40.622277660424906 ], [ -73.806985023810611, 40.623871998830204 ], [ -73.802515779469061, 40.626329137692494 ], [ -73.800111771456599, 40.626927441987277 ], [ -73.800928415650318, 40.627524104895848 ], [ -73.797835333985134, 40.627408716571715 ] ] ], [ [ [ -73.773485604094361, 40.625113148109421 ], [ -73.773810244093966, 40.624925596731153 ], [ -73.77383258726536, 40.624944848253648 ], [ -73.773485604094361, 40.625113148109421 ] ] ], [ [ [ -73.77172760292548, 40.623585028015356 ], [ -73.772031314313494, 40.622991212903166 ], [ -73.772188240280158, 40.622995793795333 ], [ -73.775118912544315, 40.619233847487557 ], [ -73.775180459355653, 40.619264717885045 ], [ -73.77172760292548, 40.623585028015356 ] ] ], [ [ [ -73.791620589134766, 40.622313343483263 ], [ -73.789496532244115, 40.622746646108112 ], [ -73.784194832989257, 40.620892669955296 ], [ -73.785215430766812, 40.620063493744603 ], [ -73.78446087067887, 40.61702783512991 ], [ -73.783225545300141, 40.61557873072347 ], [ -73.780985977488655, 40.614749503537276 ], [ -73.780708871952825, 40.61402680900607 ], [ -73.783552214374041, 40.611924451981075 ], [ -73.784975233533373, 40.611929570088343 ], [ -73.785778093157958, 40.610993477070899 ], [ -73.788659106275475, 40.610090594226996 ], [ -73.789018402386446, 40.60922220694475 ], [ -73.789953893623363, 40.608981566326115 ], [ -73.791397210119115, 40.60761085525013 ], [ -73.791172876724758, 40.608474599109016 ], [ -73.793651040956419, 40.608985814969337 ], [ -73.794806338750433, 40.610378360481398 ], [ -73.798985293943389, 40.611482457719354 ], [ -73.79917318059519, 40.612026246932004 ], [ -73.800257000702388, 40.61159728288829 ], [ -73.800801259194785, 40.611933904481788 ], [ -73.799316940773267, 40.613358220591742 ], [ -73.799685101530997, 40.613777474043268 ], [ -73.799039035055912, 40.615550542484186 ], [ -73.798163006117477, 40.615716090283769 ], [ -73.798060903891596, 40.616326916541261 ], [ -73.797275925377249, 40.616660412916964 ], [ -73.797242981466198, 40.617593763472613 ], [ -73.796783043366645, 40.61770472285135 ], [ -73.797004847788571, 40.618379943958125 ], [ -73.796355679042193, 40.618454684535564 ], [ -73.796188308909251, 40.619609853029381 ], [ -73.795011887376234, 40.621330743662334 ], [ -73.795237513433776, 40.621657155463481 ], [ -73.794440154823036, 40.621851573315418 ], [ -73.794606254046201, 40.622571700554516 ], [ -73.791620589134766, 40.622313343483263 ] ] ], [ [ [ -73.766708277812356, 40.614910866185738 ], [ -73.768252880033785, 40.614877725169521 ], [ -73.773976920188247, 40.616003575671662 ], [ -73.768734547557173, 40.620900868220424 ], [ -73.767459269752564, 40.620511322031447 ], [ -73.766708277812356, 40.614910866185738 ] ] ], [ [ [ -73.843044212967726, 40.617737696390627 ], [ -73.842835735287935, 40.616609436163806 ], [ -73.84400850201834, 40.617041366153742 ], [ -73.844541934736824, 40.614867921675334 ], [ -73.840999425396305, 40.613029126216325 ], [ -73.838256672905317, 40.613847216216612 ], [ -73.840794424083498, 40.605643266382842 ], [ -73.847148096876595, 40.603614242192172 ], [ -73.851794022151921, 40.60689716858387 ], [ -73.851240929104492, 40.607719613415163 ], [ -73.847790134058343, 40.609235385262998 ], [ -73.848167693676771, 40.612534228297662 ], [ -73.84731105470064, 40.613438461927039 ], [ -73.846148045138435, 40.617728420366518 ], [ -73.843044212967726, 40.617737696390627 ] ] ], [ [ [ -73.85523067631884, 40.616131453358172 ], [ -73.85530325465119, 40.61314541357298 ], [ -73.852367043848488, 40.613155989076901 ], [ -73.853768459620724, 40.614087596516981 ], [ -73.85263195046835, 40.615094081909142 ], [ -73.849739863064983, 40.615156058143505 ], [ -73.850108575553662, 40.610212193346186 ], [ -73.855155922883398, 40.606120513001692 ], [ -73.857086381732458, 40.606468242933744 ], [ -73.857040527277235, 40.608299488876177 ], [ -73.859017553182781, 40.609475753925281 ], [ -73.859248554521869, 40.611254830874437 ], [ -73.858020931463471, 40.61264381691079 ], [ -73.856483607492322, 40.613190694863995 ], [ -73.858580567827715, 40.616917087222042 ], [ -73.85523067631884, 40.616131453358172 ] ] ], [ [ [ -73.814090115667994, 40.614466920099979 ], [ -73.815495266375834, 40.61403981513336 ], [ -73.814795632553128, 40.613194029981486 ], [ -73.815036384946282, 40.612976213749597 ], [ -73.815469483171938, 40.613342929008603 ], [ -73.816156266662347, 40.61294211575516 ], [ -73.816431503897789, 40.614282334965139 ], [ -73.814440323452231, 40.61474903867083 ], [ -73.814090115667994, 40.614466920099979 ] ] ], [ [ [ -73.814502615667081, 40.611058473505622 ], [ -73.81520720849484, 40.609816733796876 ], [ -73.815598587896659, 40.610672516164904 ], [ -73.815403661898401, 40.610384802015673 ], [ -73.814502615667081, 40.611058473505622 ] ] ], [ [ [ -73.869664429584915, 40.606540123413104 ], [ -73.871093307680709, 40.604694173994879 ], [ -73.871056566461348, 40.606285088494445 ], [ -73.87245579811875, 40.608185530348742 ], [ -73.873001227247741, 40.61055545846007 ], [ -73.871038701117101, 40.609723582526733 ], [ -73.869664429584915, 40.606540123413104 ] ] ], [ [ [ -73.794201726240317, 40.607730675613567 ], [ -73.793521527154752, 40.606327591396123 ], [ -73.793997549525926, 40.606080153462827 ], [ -73.795090023191577, 40.607271060105802 ], [ -73.794247990332238, 40.605900380031834 ], [ -73.796963277950326, 40.604117848767991 ], [ -73.801200196678806, 40.603912200652275 ], [ -73.804285306785971, 40.604519279530777 ], [ -73.805206765833233, 40.606739538100371 ], [ -73.804196955901674, 40.608744199035783 ], [ -73.801592067441149, 40.610230962501468 ], [ -73.798781986800989, 40.6103332756893 ], [ -73.796306542154269, 40.609338032538368 ], [ -73.794201726240317, 40.607730675613567 ] ] ], [ [ [ -73.832442073581745, 40.605929449536944 ], [ -73.835876016230287, 40.605636907545765 ], [ -73.836101566288448, 40.607362793823484 ], [ -73.832521922753472, 40.610384993604015 ], [ -73.830329479057767, 40.608487879916694 ], [ -73.830458153927211, 40.606669201403413 ], [ -73.832442073581745, 40.605929449536944 ] ] ], [ [ [ -73.826074726045377, 40.608437799546323 ], [ -73.827711042359766, 40.60839866813091 ], [ -73.828050772600648, 40.610046296865484 ], [ -73.826883264148051, 40.609596678069607 ], [ -73.826074726045377, 40.608437799546323 ] ] ], [ [ [ -73.867023994751492, 40.608068178769621 ], [ -73.868743175591689, 40.607035179279499 ], [ -73.868684688267521, 40.608241158184121 ], [ -73.867775015611372, 40.60853948877849 ], [ -73.867023994751492, 40.608068178769621 ] ] ], [ [ [ -73.828150851911957, 40.60795028983312 ], [ -73.826297630158081, 40.607817072229906 ], [ -73.825900927207655, 40.606465930649627 ], [ -73.828616714576526, 40.605838484137806 ], [ -73.828150851911957, 40.60795028983312 ] ] ], [ [ [ -73.815525367236646, 40.606407380282135 ], [ -73.815460664833509, 40.606428137007612 ], [ -73.815528167222737, 40.606163069945346 ], [ -73.815525367236646, 40.606407380282135 ] ] ], [ [ [ -73.813396652233436, 40.604364072245531 ], [ -73.811841302647849, 40.603134665085975 ], [ -73.810853651866466, 40.603223713014529 ], [ -73.809863338571517, 40.601895790008037 ], [ -73.81029011586071, 40.598991670072543 ], [ -73.811575503455217, 40.598141199259736 ], [ -73.814447381362243, 40.600543168853854 ], [ -73.815014715684242, 40.602056291563727 ], [ -73.814286936985795, 40.604455666221874 ], [ -73.813396652233436, 40.604364072245531 ] ] ], [ [ [ -73.867026072870289, 40.604171584008398 ], [ -73.867681941542102, 40.60307076667754 ], [ -73.868308084646102, 40.603139161146338 ], [ -73.867935053726939, 40.603961135453147 ], [ -73.867026072870289, 40.604171584008398 ] ] ], [ [ [ -73.852433358070115, 40.59733339779546 ], [ -73.856733643949752, 40.596075764354296 ], [ -73.860444205340755, 40.596471905596481 ], [ -73.863359991476059, 40.600322202771387 ], [ -73.861128142245462, 40.602550331074461 ], [ -73.854825957829675, 40.601867195353826 ], [ -73.85276838155842, 40.600948854026122 ], [ -73.850767480015591, 40.598839443837612 ], [ -73.852433358070115, 40.59733339779546 ] ] ], [ [ [ -73.870194914899386, 40.598996405902092 ], [ -73.871081418114755, 40.598901147470301 ], [ -73.870494119147708, 40.602604446204786 ], [ -73.870262805649176, 40.601681222258804 ], [ -73.870194914899386, 40.598996405902092 ] ] ], [ [ [ -73.823180159642959, 40.600083849028316 ], [ -73.823152931797054, 40.599976662824993 ], [ -73.823173561681614, 40.599978005155975 ], [ -73.823180159642959, 40.600083849028316 ] ] ], [ [ [ -73.823040078493747, 40.600068074785945 ], [ -73.822978576463001, 40.600043707225034 ], [ -73.823031951834238, 40.599930516942329 ], [ -73.823040078493747, 40.600068074785945 ] ] ], [ [ [ -73.824456294765938, 40.599115838682465 ], [ -73.82395871079126, 40.598876896838718 ], [ -73.824522712764022, 40.598951263990777 ], [ -73.824770889924778, 40.598391843874388 ], [ -73.824456294765938, 40.599115838682465 ] ] ], [ [ [ -73.869527075489316, 40.598713750354598 ], [ -73.869670707114778, 40.596688563622308 ], [ -73.870208998362287, 40.596954232789564 ], [ -73.869527075489316, 40.598713750354598 ] ] ], [ [ [ -73.836682741067065, 40.59494669701602 ], [ -73.833083773303244, 40.592986626450831 ], [ -73.833124343230566, 40.5922640700703 ], [ -73.8325749810638, 40.592118209114147 ], [ -73.833141905317547, 40.59158177393077 ], [ -73.834081531194116, 40.592082786090486 ], [ -73.834227770673266, 40.591373813822891 ], [ -73.832561109700563, 40.591325729776848 ], [ -73.832535694850435, 40.590218935798546 ], [ -73.834954227676988, 40.589728155618197 ], [ -73.833227415183003, 40.58979550608359 ], [ -73.833478666453573, 40.589368748711081 ], [ -73.83719541135855, 40.589699117363118 ], [ -73.839463038184775, 40.592256568489283 ], [ -73.839963400872719, 40.591873539012099 ], [ -73.839433457359675, 40.592439609473793 ], [ -73.839890701909198, 40.592800211494051 ], [ -73.840810160810278, 40.592919686203878 ], [ -73.841358238350168, 40.592133357919813 ], [ -73.84116650852377, 40.592446064372126 ], [ -73.842205074437217, 40.593158004693009 ], [ -73.843858940839326, 40.593425311960779 ], [ -73.843311538394062, 40.594423032977197 ], [ -73.839029642480909, 40.596253484748864 ], [ -73.837434355003481, 40.595800443014056 ], [ -73.836682741067065, 40.59494669701602 ] ] ], [ [ [ -73.867061494721185, 40.582087976793595 ], [ -73.868962922104117, 40.581693794788862 ], [ -73.870003136429119, 40.58263661481616 ], [ -73.871159226754145, 40.586873887967499 ], [ -73.869813564821044, 40.589460926788384 ], [ -73.866350521640854, 40.591892676564868 ], [ -73.863272734928188, 40.590908075692752 ], [ -73.861252993773633, 40.587988085921431 ], [ -73.861674478674558, 40.586144794993849 ], [ -73.863274710719409, 40.583876848532029 ], [ -73.867061494721185, 40.582087976793595 ] ] ] ] } },
{ "type": "Feature", "properties": { "id": 3, "name": "Allerton/Pelham Gardens", "borough": "Bronx" }, "geometry": { "type": "Polygon", "coordinates": [ [ [ -73.847926140999846, 40.871342234000117 ], [ -73.830893296999989, 40.862212849000144 ], [ -73.829508926999935, 40.861841213000062 ], [ -73.828343473999922, 40.860892026000094 ], [ -73.829874887, 40.85974042000008 ], [ -73.836819184999882, 40.857276809000098 ], [ -73.847397469999891, 40.858682546000132 ], [ -73.856637746999894, 40.858119172000087 ], [ -73.857353196999838, 40.859711606000126 ], [ -73.857803787999927, 40.863036217000072 ], [ -73.859612811999824, 40.865512718000062 ], [ -73.861562740999872, 40.86554946400009 ], [ -73.861379240999838, 40.871336512000092 ], [ -73.856613824999926, 40.871250167000106 ], [ -73.856512923999929, 40.874217793000128 ], [ -73.847926140999846, 40.871342234000117 ] ] ] } },
{ "type": "Feature", "properties": { "id": 4, "name": "Alphabet City", "borough": "Manhattan" }, "geometry": { "type": "Polygon", "coordinates": [ [ [ -73.971626972858616, 40.726628452998625 ], [ -73.973479755745117, 40.718861429113055 ], [ -73.977223791999918, 40.719309775000092 ], [ -73.983823872999807, 40.721472872000071 ], [ -73.978026979999854, 40.729433060000183 ], [ -73.972050152999884, 40.726880946000065 ], [ -73.971626972858616, 40.726628452998625 ] ] ] } },
{ "type": "Feature", "properties": { "id": 5, "name": "Arden Heights", "borough": "Staten Island" }, "geometry": { "type": "Polygon", "coordinates": [ [ [ -74.181808165999939, 40.565384579000117 ], [ -74.171851664999963, 40.561520923000103 ], [ -74.175124029999964, 40.557620038000117 ], [ -74.180185246999955, 40.548379609000122 ], [ -74.189031451999952, 40.538159342000078 ], [ -74.191353237999962, 40.536664859000041 ], [ -74.193771692999988, 40.53583384700012 ], [ -74.199850315999953, 40.54813241900009 ], [ -74.203148259999963, 40.556061785000061 ], [ -74.200467307999915, 40.556230491000079 ], [ -74.193173883999947, 40.562604344000121 ], [ -74.191010216999956, 40.562569402000108 ], [ -74.189477545999935, 40.563580990000112 ], [ -74.183403116999912, 40.565404962000123 ], [ -74.181808165999939, 40.565384579000117 ] ] ] } },
{ "type": "Feature", "properties": { "id": 6, "name": "Arrochar/Fort Wadsworth", "borough": "Staten Island" }, "geometry": { "type": "Polygon", "coordinates": [ [ [ -74.063673188999985, 40.602198166000143 ], [ -74.065170912999903, 40.604213508000093 ], [ -74.056858123902316, 40.608056357772753 ], [ -74.056010414108798, 40.606780566132187 ], [ -74.053810698054363, 40.605912718853183 ], [ -74.053607297408192, 40.605238809417926 ], [ -74.054020399590499, 40.604934720916539 ], [ -74.053033307410772, 40.601466470699265 ], [ -74.053407058394598, 40.60052266104411 ], [ -74.052228269541885, 40.599776102303835 ], [ -74.05291816194962, 40.599846257178406 ], [ -74.054474223339056, 40.598755539548584 ], [ -74.065033323781307, 40.588990998435385 ], [ -74.067284106999921, 40.590986203000071 ], [ -74.070439760999918, 40.59673474700007 ], [ -74.078881916999862, 40.593942791000131 ], [ -74.078466937999906, 40.593300012000086 ], [ -74.081733429999915, 40.592156286000062 ], [ -74.083768622999983, 40.595520957000133 ], [ -74.085875118999965, 40.595890121000046 ], [ -74.08497132899997, 40.597325110000064 ], [ -74.0814942209999, 40.599081991000133 ], [ -74.081164208999951, 40.600206554000152 ], [ -74.081844981999922, 40.601535197000125 ], [ -74.082187292999876, 40.601941008000075 ], [ -74.083838024999963, 40.601925767000125 ], [ -74.089476305999924, 40.600904322000105 ], [ -74.091720514999949, 40.599220857000063 ], [ -74.092888503999987, 40.601267851000088 ], [ -74.092441452999864, 40.604119586000067 ], [ -74.092719080999927, 40.606362222000122 ], [ -74.090454958999956, 40.609094526000106 ], [ -74.083419333999913, 40.606522509000129 ], [ -74.072981068999979, 40.605469930000041 ], [ -74.063673188999985, 40.602198166000143 ] ] ] } },
{ "type": "Feature", "properties": { "id": 7, "name": "Astoria", "borough": "Queens" }, "geometry": { "type": "Polygon", "coordinates": [ [ [ -73.918116864999917, 40.770028486000086 ], [ -73.902025165999916, 40.767416784000069 ], [ -73.907794054999869, 40.760517800000088 ], [ -73.906315050999879, 40.759843876000105 ], [ -73.909012590999922, 40.75427981500016 ], [ -73.910231246999913, 40.752976523000065 ], [ -73.917631929000052, 40.75385784900012 ], [ -73.92562743799995, 40.752137245000092 ], [ -73.924156999999852, 40.753961142000044 ], [ -73.936790916999925, 40.759882881000131 ], [ -73.933980921000014, 40.762825982000052 ], [ -73.937004785999861, 40.764239954000153 ], [ -73.93600532399995, 40.765884895000063 ], [ -73.938589768999975, 40.7668173590001 ], [ -73.936183796999913, 40.767691801000119 ], [ -73.934935110999916, 40.767013024000072 ], [ -73.933444684999927, 40.768817790000099 ], [ -73.924252887999785, 40.76472456400014 ], [ -73.922189461999949, 40.76726735700008 ], [ -73.919777647999979, 40.766152184000106 ], [ -73.918493369999965, 40.767734657000133 ], [ -73.919955968999915, 40.768440065000057 ], [ -73.918116864999917, 40.770028486000086 ] ] ] } },
{ "type": "Feature", "properties": { "id": 8, "name": "Astoria Park", "borough": "Queens" }, "geometry": { "type": "Polygon", "coordinates": [ [ [ -73.92302571499998, 40.775384309000138 ], [ -73.923981428999966, 40.774615112000092 ], [ -73.92827730816353, 40.776898975162354 ], [ -73.924233630037548, 40.779101193882894 ], [ -73.919964587964955, 40.78263506876845 ], [ -73.91796581399997, 40.781256291000069 ], [ -73.923757612999978, 40.776547012000094 ], [ -73.92302571499998, 40.775384309000138 ] ] ] } },
{ "type": "Feature", "properties": { "id": 9, "name": "Auburndale", "borough": "Queens" }, "geometry": { "type": "Polygon", "coordinates": [ [ [ -73.785719935999936, 40.762921465000048 ], [ -73.782124619999792, 40.75533931200011 ], [ -73.78052037799992, 40.753330743000092 ], [ -73.775738369999914, 40.743325647000134 ], [ -73.780366034999957, 40.742591663000063 ], [ -73.796724979000032, 40.738416643000079 ], [ -73.796292972999836, 40.738552306000116 ], [ -73.797223730999875, 40.740098035000102 ], [ -73.79723084999992, 40.741695507000117 ], [ -73.795212577999905, 40.743495569000082 ], [ -73.794463683999894, 40.744970022000118 ], [ -73.794722648999965, 40.747599330000092 ], [ -73.797295246999951, 40.749435053000063 ], [ -73.794719010999899, 40.750647617000098 ], [ -73.794932461999935, 40.757798030000124 ], [ -73.79031517, 40.757823451000085 ], [ -73.790760045999875, 40.760985769000101 ], [ -73.793439911999883, 40.760764128000119 ], [ -73.793025513999851, 40.764621192000057 ], [ -73.793959146999896, 40.764695320000094 ], [ -73.79317944599984, 40.770403178000088 ], [ -73.788368566000031, 40.764438429000073 ], [ -73.785719935999936, 40.762921465000048 ] ] ] } },
{ "type": "Feature", "properties": { "id": 10, "name": "Baisley Park", "borough": "Queens" }, "geometry": { "type": "Polygon", "coordinates": [ [ [ -73.783266249999883, 40.689994293000119 ], [ -73.782344527999882, 40.688407437000144 ], [ -73.781486756999954, 40.688697183000095 ], [ -73.779668505999979, 40.685377123000151 ], [ -73.776997675999965, 40.686282689000123 ], [ -73.774184148999836, 40.683237921000092 ], [ -73.773287039999971, 40.683454731000076 ], [ -73.772202752999874, 40.681610339000102 ], [ -73.777742112999903, 40.679446576000039 ], [ -73.78025859499995, 40.677840924000087 ], [ -73.783973840999863, 40.675117609000118 ], [ -73.785737308999927, 40.672385035000062 ], [ -73.788086473999854, 40.673009627000098 ], [ -73.789409993999911, 40.666841158000132 ], [ -73.801555653000037, 40.666753364000101 ], [ -73.801132361999933, 40.670548668000137 ], [ -73.801428367999875, 40.67366683400008 ], [ -73.805768401999913, 40.682932391000129 ], [ -73.798982090999885, 40.684858737000098 ], [ -73.79995042799996, 40.686827719000114 ], [ -73.795614867999873, 40.6886568910001 ], [ -73.793908417, 40.686304691000053 ], [ -73.783266249999883, 40.689994293000119 ] ] ] } },
{ "type": "Feature", "properties": { "id": 11, "name": "Bath Beach", "borough": "Brooklyn" }, "geometry": { "type": "Polygon", "coordinates": [ [ [ -74.004934488999922, 40.605074406000078 ], [ -74.000323537999932, 40.602620292000118 ], [ -74.000022660999917, 40.602907316000071 ], [ -73.995593207999946, 40.600232222000059 ], [ -74.002003947546669, 40.594132371138002 ], [ -74.005526219861309, 40.597539154070908 ], [ -74.010412388865234, 40.600475181746411 ], [ -74.014783637167355, 40.602082102970989 ], [ -74.019427608619026, 40.602871578425457 ], [ -74.015498549999975, 40.606841524000131 ], [ -74.017019101999949, 40.607654417000134 ], [ -74.010504035999972, 40.613896611000058 ], [ -74.000944083999968, 40.608639710000084 ], [ -74.004934488999922, 40.605074406000078 ] ] ] } },
{ "type": "Feature", "properties": { "id": 12, "name": "Battery Park", "borough": "Manhattan" }, "geometry": { "type": "Polygon", "coordinates": [ [ [ -74.016686130999986, 40.704799338000122 ], [ -74.014258613999942, 40.704489443000107 ], [ -74.014429831999976, 40.703150648000097 ], [ -74.01376867799992, 40.701143263000091 ], [ -74.014158934999983, 40.701096290000081 ], [ -74.013951527782439, 40.700990982230117 ], [ -74.014220631954998, 40.700111491868483 ], [ -74.014289207411238, 40.700644144765278 ], [ -74.014671199920187, 40.70021040169992 ], [ -74.014323843630052, 40.700661304127344 ], [ -74.014643232349016, 40.700817304325284 ], [ -74.015068182693099, 40.700318257555125 ], [ -74.015098322701306, 40.700334265523658 ], [ -74.014673656284998, 40.700834609531171 ], [ -74.016138906359984, 40.701646017102895 ], [ -74.017647975068499, 40.70349459987974 ], [ -74.017570357030223, 40.704183880993362 ], [ -74.016686130999986, 40.704799338000122 ] ] ] } },
{ "type": "Feature", "properties": { "id": 13, "name": "Battery Park City", "borough": "Manhattan" }, "geometry": { "type": "Polygon", "coordinates": [ [ [ -74.012441092999907, 40.719057673000094 ], [ -74.014268936999898, 40.711467816000109 ], [ -74.016687146999928, 40.704743942000057 ], [ -74.017817586979461, 40.703937922496806 ], [ -74.01844770243774, 40.704162168231754 ], [ -74.018668308379659, 40.704435240621443 ], [ -74.017480861525783, 40.704667487696341 ], [ -74.018887466493652, 40.704729148837586 ], [ -74.019342546244829, 40.706093673029898 ], [ -74.019122759634001, 40.706975814337611 ], [ -74.018535132696641, 40.706918322014253 ], [ -74.018190292596415, 40.707821626110189 ], [ -74.018855009119719, 40.708047534447559 ], [ -74.01777014254499, 40.712834574789355 ], [ -74.017800378883891, 40.712345124158801 ], [ -74.016624244252853, 40.712157318995494 ], [ -74.01632006627581, 40.713407982478444 ], [ -74.017544433346572, 40.713611222664476 ], [ -74.017724962192844, 40.713070181622932 ], [ -74.01671018605829, 40.718624176058171 ], [ -74.013213227191827, 40.718315719895983 ], [ -74.013030681132079, 40.719131455909725 ], [ -74.012441092999907, 40.719057673000094 ] ] ] } },
{ "type": "Feature", "properties": { "id": 14, "name": "Bay Ridge", "borough": "Brooklyn" }, "geometry": { "type": "Polygon", "coordinates": [ [ [ -74.034073292971286, 40.644313932982044 ], [ -74.029059688999936, 40.641726673000115 ], [ -74.02890829899998, 40.641173411000103 ], [ -74.026262673, 40.640094381000068 ], [ -74.026952446999928, 40.639446065000186 ], [ -74.024754375999976, 40.63812141800009 ], [ -74.021080513999976, 40.64149093700015 ], [ -74.021760408999967, 40.639824346000076 ], [ -74.021410383999921, 40.638584903000044 ], [ -74.016835401, 40.635355429000143 ], [ -74.016020101, 40.633317114000164 ], [ -74.015146306999952, 40.633221938000119 ], [ -74.01970491599991, 40.622184965000109 ], [ -74.020086673, 40.622420952000056 ], [ -74.025253271999915, 40.616678458000145 ], [ -74.027542972999981, 40.612937183000071 ], [ -74.02637609099996, 40.61245060300012 ], [ -74.027106605999947, 40.610243956000112 ], [ -74.024783762999988, 40.609699629000033 ], [ -74.024578554999906, 40.610223302000115 ], [ -74.024304375999918, 40.609456969000135 ], [ -74.021506028999937, 40.607822099000117 ], [ -74.022477694999935, 40.60667421600008 ], [ -74.02078541, 40.605673686000074 ], [ -74.021394672999989, 40.604493998000116 ], [ -74.018691357999955, 40.60360792400013 ], [ -74.019427608619026, 40.602871578425457 ], [ -74.021016629910804, 40.603555553161179 ], [ -74.030051465476845, 40.604759173812148 ], [ -74.032131595513093, 40.605901836264444 ], [ -74.036039777779052, 40.609295639002063 ], [ -74.036916284338815, 40.611180791065699 ], [ -74.039205576474004, 40.613439512733876 ], [ -74.040381323386725, 40.615341782328628 ], [ -74.041617407736013, 40.620562714545997 ], [ -74.041891237417886, 40.62406041493 ], [ -74.041086566114927, 40.630098523895477 ], [ -74.036806620488576, 40.638984221545762 ], [ -74.038762979207519, 40.639588258980709 ], [ -74.036724843748772, 40.639141190206871 ], [ -74.035712761507241, 40.640640154046686 ], [ -74.036758403175128, 40.641611762714135 ], [ -74.034073292971286, 40.644313932982044 ] ] ] } },
{ "type": "Feature", "properties": { "id": 15, "name": "Bay Terrace/Fort Totten", "borough": "Queens" }, "geometry": { "type": "Polygon", "coordinates": [ [ [ -73.777403912908696, 40.796598241268022 ], [ -73.774377844291052, 40.794495188274702 ], [ -73.773632481889138, 40.792749756215244 ], [ -73.772326481735405, 40.791480824626689 ], [ -73.772132928264682, 40.790178774334613 ], [ -73.770631245374176, 40.788462906037353 ], [ -73.771737563506662, 40.787463608912034 ], [ -73.774268360589588, 40.786756658654937 ], [ -73.77633728818715, 40.788487225753954 ], [ -73.774264666944234, 40.786651229145399 ], [ -73.774076382977782, 40.785917284019426 ], [ -73.768200554600327, 40.779444179191152 ], [ -73.767023923464976, 40.780086234158468 ], [ -73.766775703739356, 40.779812458698551 ], [ -73.768161730515757, 40.77939682124218 ], [ -73.767822076150566, 40.778810376156812 ], [ -73.768337889999827, 40.778682525000093 ], [ -73.768573049999901, 40.779105429000104 ], [ -73.77553732199992, 40.777025598000108 ], [ -73.775839582999936, 40.778612372000062 ], [ -73.795657020999826, 40.773036086000111 ], [ -73.798530093999872, 40.775190729000116 ], [ -73.803790228999887, 40.775610112000116 ], [ -73.802427916999875, 40.786068274000094 ], [ -73.797842054999805, 40.785894259000074 ], [ -73.794919776000015, 40.786338808000053 ], [ -73.790582989999876, 40.788192910000092 ], [ -73.79179280401884, 40.78935161654946 ], [ -73.790282023531958, 40.790316963399924 ], [ -73.785681013014056, 40.790340671660175 ], [ -73.782530806635179, 40.791276789432118 ], [ -73.78434153059591, 40.791749353795055 ], [ -73.781747087630961, 40.791133406644661 ], [ -73.781078459702286, 40.791677321779261 ], [ -73.780775031390135, 40.792990705340742 ], [ -73.781660115553791, 40.793482020313213 ], [ -73.780724350698307, 40.793333618824377 ], [ -73.780791820726463, 40.794035919864577 ], [ -73.781903854210327, 40.794901203894334 ], [ -73.783252710258779, 40.79492032976615 ], [ -73.782003261033609, 40.794975462503757 ], [ -73.781541500327435, 40.795659737320157 ], [ -73.779362468048205, 40.796685392535096 ], [ -73.777403912908696, 40.796598241268022 ] ] ] } },
{ "type": "Feature", "properties": { "id": 16, "name": "Bayside", "borough": "Queens" }, "geometry": { "type": "Polygon", "coordinates": [ [ [ -73.768573049999901, 40.779105429000104 ], [ -73.768337889999827, 40.778682525000093 ], [ -73.767822076150566, 40.778810376156812 ], [ -73.765104368202046, 40.773799038723254 ], [ -73.758935120936854, 40.768334328516147 ], [ -73.758642643580728, 40.767357170035645 ], [ -73.7573902080387, 40.767166672358677 ], [ -73.756500719378167, 40.766344505018282 ], [ -73.755473104397979, 40.766365580416704 ], [ -73.753770364822657, 40.765304631241634 ], [ -73.75921689799992, 40.764324856000073 ], [ -73.758864313999879, 40.763274541000136 ], [ -73.758446720999871, 40.764115146000037 ], [ -73.757848586999927, 40.762566800000123 ], [ -73.758480750999951, 40.761994737000109 ], [ -73.758001317999955, 40.760379867000076 ], [ -73.762395104999911, 40.759496998000103 ], [ -73.761766928999847, 40.757278802000052 ], [ -73.761843439999865, 40.755537269000087 ], [ -73.75684127399991, 40.749322077000059 ], [ -73.772414609999899, 40.743884845000117 ], [ -73.775738369999914, 40.743325647000134 ], [ -73.78052037799992, 40.753330743000092 ], [ -73.782124619999792, 40.75533931200011 ], [ -73.784289918999932, 40.759440299000104 ], [ -73.785463830999845, 40.762591925000073 ], [ -73.788368566000031, 40.764438429000073 ], [ -73.795657020999826, 40.773036086000111 ], [ -73.776783632999894, 40.778409583000055 ], [ -73.775839582999936, 40.778612372000062 ], [ -73.77553732199992, 40.777025598000108 ], [ -73.768573049999901, 40.779105429000104 ] ] ] } },
{ "type": "Feature", "properties": { "id": 17, "name": "Bedford", "borough": "Brooklyn" }, "geometry": { "type": "Polygon", "coordinates": [ [ [ -73.947052052999908, 40.703663949000067 ], [ -73.941930788999827, 40.700725234000096 ], [ -73.944387885999845, 40.700424523000137 ], [ -73.94032794, 40.679889975000066 ], [ -73.953370174999904, 40.680640508000081 ], [ -73.954684188999977, 40.687244854000063 ], [ -73.959567701999845, 40.686682555000139 ], [ -73.960292816999981, 40.690346250000132 ], [ -73.955410579999963, 40.690908292000131 ], [ -73.956142392999851, 40.694579019000102 ], [ -73.960158546999864, 40.694117309000085 ], [ -73.961051006999909, 40.698326079000083 ], [ -73.957019931999909, 40.698973914000142 ], [ -73.957457363999922, 40.700822603000134 ], [ -73.953811969000029, 40.703180980000099 ], [ -73.951288193999886, 40.700922365000075 ], [ -73.947052052999908, 40.703663949000067 ] ] ] } },
{ "type": "Feature", "properties": { "id": 18, "name": "Bedford Park", "borough": "Bronx" }, "geometry": { "type": "Polygon", "coordinates": [ [ [ -73.881468896999834, 40.868573646000101 ], [ -73.888122787999905, 40.864254571000068 ], [ -73.888895660999893, 40.864754153000064 ], [ -73.891771887999923, 40.861871716000103 ], [ -73.891380233999826, 40.861700588000126 ], [ -73.893810260999871, 40.858986565000137 ], [ -73.894693263999898, 40.859426282000108 ], [ -73.895739246999781, 40.858138207000067 ], [ -73.898838145999832, 40.859307308000091 ], [ -73.897143798, 40.862445065000117 ], [ -73.899436707999982, 40.862116912000047 ], [ -73.901079669999945, 40.862756383000104 ], [ -73.897403232999807, 40.86747419000011 ], [ -73.894381302999932, 40.866068851000158 ], [ -73.891574000999952, 40.869684252000162 ], [ -73.887851962999861, 40.872114176000089 ], [ -73.88937163799983, 40.873382298000131 ], [ -73.887735775999928, 40.877033882000056 ], [ -73.885276831999875, 40.879217669000077 ], [ -73.88345579299984, 40.876056095000138 ], [ -73.883400353, 40.873946626000155 ], [ -73.881468896999834, 40.868573646000101 ] ] ] } },
{ "type": "Feature", "properties": { "id": 19, "name": "Bellerose", "borough": "Queens" }, "geometry": { "type": "Polygon", "coordinates": [ [ [ -73.723395962999874, 40.75038907600004 ], [ -73.722585718999781, 40.748850451000102 ], [ -73.720101482999937, 40.749775686000099 ], [ -73.715449467999889, 40.739216804000151 ], [ -73.711478048999851, 40.732501401000071 ], [ -73.71075217299996, 40.730525375000099 ], [ -73.710499953810285, 40.727227087206828 ], [ -73.718287067892646, 40.726041111135366 ], [ -73.728162339106959, 40.723084139891483 ], [ -73.728364153999919, 40.723614352000055 ], [ -73.729905124999775, 40.723272495000138 ], [ -73.731472150999906, 40.727411795000116 ], [ -73.745556671999893, 40.730636898000142 ], [ -73.74640108899996, 40.731292839000112 ], [ -73.746721404000041, 40.73247715100009 ], [ -73.742947859, 40.735456552000116 ], [ -73.739331513999858, 40.739474475000108 ], [ -73.732416946999876, 40.743694576000131 ], [ -73.728962516, 40.747632888000048 ], [ -73.728290941999887, 40.747458957000113 ], [ -73.727664654, 40.749654642000131 ], [ -73.726272132999924, 40.749306491000041 ], [ -73.723395962999874, 40.75038907600004 ] ] ] } },
{ "type": "Feature", "properties": { "id": 20, "name": "Belmont", "borough": "Bronx" }, "geometry": { "type": "Polygon", "coordinates": [ [ [ -73.883867920999862, 40.864290889000088 ], [ -73.880608968999908, 40.860357093000076 ], [ -73.881006789999788, 40.858268023000115 ], [ -73.880730427999922, 40.856676605000082 ], [ -73.883119826000012, 40.848221092000131 ], [ -73.889878713999849, 40.852070221000147 ], [ -73.889609780999862, 40.853621880000119 ], [ -73.891097104000025, 40.856779814000085 ], [ -73.891125687999875, 40.860061825000138 ], [ -73.890275555999935, 40.861109073000144 ], [ -73.891771887999923, 40.861871716000103 ], [ -73.888895660999893, 40.864754153000064 ], [ -73.888122787999905, 40.864254571000068 ], [ -73.883625181000028, 40.867257588000093 ], [ -73.882676247, 40.866089141000053 ], [ -73.883767491999919, 40.865314753000128 ], [ -73.883867920999862, 40.864290889000088 ] ] ] } },
{ "type": "Feature", "properties": { "id": 21, "name": "Bensonhurst East", "borough": "Brooklyn" }, "geometry": { "type": "Polygon", "coordinates": [ [ [ -73.97477658, 40.612638475000097 ], [ -73.97403097799986, 40.608702310000105 ], [ -73.972994339999829, 40.608814142000078 ], [ -73.972177428000023, 40.604194712000051 ], [ -73.972911169000014, 40.599315804000163 ], [ -73.971910804999894, 40.599423059000102 ], [ -73.971483508999867, 40.597171585000154 ], [ -73.980357854999951, 40.596191541000131 ], [ -73.979954434999854, 40.59407381200009 ], [ -73.984639653999821, 40.593552176000088 ], [ -73.98601936799993, 40.594446049000091 ], [ -73.989621500999917, 40.590981993000156 ], [ -73.99036425099996, 40.59143193200012 ], [ -73.99330855, 40.589583899000154 ], [ -73.993757618999922, 40.590331844000055 ], [ -73.998018670614712, 40.588425400020732 ], [ -73.998672933755543, 40.589195549939795 ], [ -73.999236903969532, 40.58893532826923 ], [ -73.999464468110517, 40.589233269380834 ], [ -73.998378348821149, 40.589770445088753 ], [ -73.99883618014556, 40.589625489542506 ], [ -73.998443870794858, 40.589860399177795 ], [ -73.998778005895929, 40.59031435534208 ], [ -73.997107303652243, 40.591390755943266 ], [ -73.998064382676617, 40.591209464731641 ], [ -73.997282697037761, 40.591714814868297 ], [ -73.997548510583954, 40.591917579175721 ], [ -74.000043149449169, 40.591204286654822 ], [ -74.000232533445924, 40.59153130855956 ], [ -73.999006511771782, 40.592347779399908 ], [ -73.999483048861805, 40.592969199948961 ], [ -73.997368024999844, 40.593974311000167 ], [ -73.996339512999839, 40.593622475000153 ], [ -73.995308295999919, 40.594427587000091 ], [ -73.996747068999952, 40.595643126000105 ], [ -73.9868476259999, 40.60509723600012 ], [ -73.989131914999945, 40.606456137000087 ], [ -73.97963821799982, 40.615564547000112 ], [ -73.97477658, 40.612638475000097 ] ] ] } },
{ "type": "Feature", "properties": { "id": 22, "name": "Bensonhurst West", "borough": "Brooklyn" }, "geometry": { "type": "Polygon", "coordinates": [ [ [ -73.996788475999949, 40.626826051000087 ], [ -73.985693577999896, 40.620131514000093 ], [ -73.98627524699981, 40.619566617000068 ], [ -73.97963821799982, 40.615564547000112 ], [ -73.989131914999945, 40.606456137000087 ], [ -73.9868476259999, 40.60509723600012 ], [ -73.996747068999952, 40.595643126000105 ], [ -73.995308295999919, 40.594427587000091 ], [ -73.996339512999839, 40.593622475000153 ], [ -73.997368024999844, 40.593974311000167 ], [ -74.001057484457078, 40.592537005062482 ], [ -74.002003948046735, 40.594132371137988 ], [ -73.995593207999946, 40.600232222000059 ], [ -74.000022660999917, 40.602907316000071 ], [ -74.000323538999965, 40.602620292000118 ], [ -74.004934488999922, 40.605074406000078 ], [ -74.000944083999968, 40.608639710000084 ], [ -74.010504035999972, 40.613896611000058 ], [ -73.999320902999983, 40.624655247000156 ], [ -73.997713589999975, 40.623680270000158 ], [ -73.996788475999949, 40.626826051000087 ] ] ] } },
{ "type": "Feature", "properties": { "id": 23, "name": "Bloomfield/Emerson Hill", "borough": "Staten Island" }, "geometry": { "type": "Polygon", "coordinates": [ [ [ -74.195686092233771, 40.635016864640228 ], [ -74.179937060999976, 40.626601297000079 ], [ -74.17459706299995, 40.622364011000073 ], [ -74.168080862999929, 40.6209362560001 ], [ -74.161630102999965, 40.61793493600009 ], [ -74.150186664999964, 40.609497811000104 ], [ -74.143918163999942, 40.607989837000076 ], [ -74.132150511999981, 40.608551964000135 ], [ -74.132104596999909, 40.608152924000102 ], [ -74.130940022999951, 40.608214312000058 ], [ -74.121351795999942, 40.60976526800011 ], [ -74.121168798999918, 40.608834376000075 ], [ -74.117424665, 40.609289009000115 ], [ -74.11706965299993, 40.60820625000013 ], [ -74.115877163999926, 40.607257471000032 ], [ -74.114870584999878, 40.602136660000077 ], [ -74.120595462999958, 40.601809758000101 ], [ -74.120704242999949, 40.600705981000083 ], [ -74.125061154999969, 40.598180056000075 ], [ -74.130919094, 40.598855048000097 ], [ -74.13385485799995, 40.59635784600011 ], [ -74.138644585999955, 40.589060805000102 ], [ -74.147905764999919, 40.588556346000132 ], [ -74.160257560999966, 40.595343938000077 ], [ -74.161899405999961, 40.595298771000138 ], [ -74.162310733999902, 40.593608034000141 ], [ -74.163698881999949, 40.592258339000139 ], [ -74.163602681999933, 40.59337419900006 ], [ -74.166390049, 40.593737926000117 ], [ -74.168863623999968, 40.594728087000149 ], [ -74.167196348999951, 40.602075312000125 ], [ -74.172602297999916, 40.602971491000126 ], [ -74.174889594999954, 40.602216573000135 ], [ -74.178224572999923, 40.599828061000103 ], [ -74.179322774999946, 40.596760579000033 ], [ -74.187302486999869, 40.588488222000102 ], [ -74.185371048, 40.587451015000077 ], [ -74.187600541999913, 40.586902767000083 ], [ -74.190789021999947, 40.585188367000107 ], [ -74.191317835999868, 40.585704489000157 ], [ -74.192321131999904, 40.584913242000106 ], [ -74.194232613999901, 40.585146806000118 ], [ -74.199649812999979, 40.582262626000109 ], [ -74.200488488999937, 40.579949778000106 ], [ -74.203541506999883, 40.580436098000142 ], [ -74.205838291999925, 40.579841261000098 ], [ -74.205992550814912, 40.580410383936083 ], [ -74.205081369872246, 40.581599468802835 ], [ -74.204400764336924, 40.58371294584208 ], [ -74.204633902081042, 40.584323238801502 ], [ -74.204119992954219, 40.585859206997839 ], [ -74.204580656948025, 40.588217603682814 ], [ -74.20412200974495, 40.588881474412709 ], [ -74.204705298486218, 40.588772370830753 ], [ -74.204646089432003, 40.589285745466064 ], [ -74.203858866092702, 40.590249525361855 ], [ -74.203885504565122, 40.589786110741592 ], [ -74.202014055335837, 40.590895799627759 ], [ -74.202467759565749, 40.590838824857535 ], [ -74.203052549115029, 40.591140541809992 ], [ -74.202027339206992, 40.59099907929216 ], [ -74.201840929145575, 40.591636483382075 ], [ -74.202003498130281, 40.591780764795224 ], [ -74.202302845917444, 40.591469321774497 ], [ -74.202316457683196, 40.591523965102859 ], [ -74.200925404963471, 40.592866379305072 ], [ -74.199740609695667, 40.59356466924347 ], [ -74.19751357718701, 40.596798986036973 ], [ -74.197305917080101, 40.598059355862482 ], [ -74.198759582052944, 40.601711975176421 ], [ -74.202218498510518, 40.605969679616642 ], [ -74.202816283745932, 40.60827082796753 ], [ -74.202443744495184, 40.613284693932165 ], [ -74.200383484289702, 40.616428098243951 ], [ -74.200914232382772, 40.617798822398761 ], [ -74.200352038562471, 40.618342198554892 ], [ -74.200839914506332, 40.618804302607479 ], [ -74.201069974693795, 40.620381540777807 ], [ -74.200428001919207, 40.620495411017025 ], [ -74.201432399980348, 40.621612608965549 ], [ -74.201632011041227, 40.623121565457545 ], [ -74.201076627903291, 40.624078346589947 ], [ -74.20106080033608, 40.625895180012236 ], [ -74.201416706679069, 40.626070513895868 ], [ -74.200986254994419, 40.62934414810772 ], [ -74.200425737851177, 40.629821165953551 ], [ -74.200787299830893, 40.630346274468017 ], [ -74.200403116430593, 40.630292362267511 ], [ -74.200403803739775, 40.631445820694225 ], [ -74.198343582637051, 40.633141487707697 ], [ -74.197286752228678, 40.633291931082255 ], [ -74.197193196100926, 40.633882317446826 ], [ -74.195686092233771, 40.635016864640228 ] ] ] } },
{ "type": "Feature", "properties": { "id": 24, "name": "Bloomingdale", "borough": "Manhattan" }, "geometry": { "type": "Polygon", "coordinates": [ [ [ -73.958172970999868, 40.800582541000068 ], [ -73.960044565, 40.798041235000085 ], [ -73.972871790907263, 40.803356187574082 ], [ -73.971107658761369, 40.805790139589824 ], [ -73.958172970999868, 40.800582541000068 ] ] ] } },
{ "type": "Feature", "properties": { "id": 25, "name": "Boerum Hill", "borough": "Brooklyn" }, "geometry": { "type": "Polygon", "coordinates": [ [ [ -73.98902944799994, 40.692123861000098 ], [ -73.980928228999915, 40.68890247700007 ], [ -73.978042895999877, 40.684856615000079 ], [ -73.981756422999851, 40.679314624000071 ], [ -73.986103881999853, 40.681008522000127 ], [ -73.986533029999933, 40.680372639000097 ], [ -73.987668039999903, 40.680817810000114 ], [ -73.987224138999849, 40.681447302000073 ], [ -73.994901135999754, 40.684430238000111 ], [ -73.992363669999847, 40.689690124000109 ], [ -73.990544745999856, 40.689168105000135 ], [ -73.98902944799994, 40.692123861000098 ] ] ] } },
{ "type": "Feature", "properties": { "id": 26, "name": "Borough Park", "borough": "Brooklyn" }, "geometry": { "type": "Polygon", "coordinates": [ [ [ -73.98331628499983, 40.641478682000091 ], [ -73.980420578999883, 40.642385227000105 ], [ -73.979111886999931, 40.635440386000099 ], [ -73.976888611999897, 40.635674862000101 ], [ -73.976049356999937, 40.631275906000063 ], [ -73.977165119999839, 40.630746654000085 ], [ -73.976234537000011, 40.625976350000094 ], [ -73.977261499999898, 40.625852773000112 ], [ -73.976565838999889, 40.621994903000086 ], [ -73.977053528999988, 40.621532522000066 ], [ -73.975393804999982, 40.620769987000152 ], [ -73.977850092999859, 40.617287606000104 ], [ -73.975373355000016, 40.615754722000084 ], [ -73.97548096999985, 40.616311925000083 ], [ -73.973358793999921, 40.616541715000096 ], [ -73.972903268999957, 40.614152968000056 ], [ -73.97399319500002, 40.614029894000119 ], [ -73.975171769999918, 40.61472418600011 ], [ -73.97477658, 40.612638475000097 ], [ -73.98627524699981, 40.619566617000068 ], [ -73.985693577999896, 40.620131514000093 ], [ -73.994892805999953, 40.625461794000124 ], [ -73.994649729999949, 40.625697179000113 ], [ -73.996788475999949, 40.626826051000087 ], [ -73.997240670999872, 40.625288687000129 ], [ -74.002514547999965, 40.628474210000064 ], [ -74.001930113999975, 40.629032767000083 ], [ -74.007023024999967, 40.632109995000143 ], [ -74.005564903999925, 40.633083176000106 ], [ -74.007356366999957, 40.634163627000099 ], [ -73.99917564799992, 40.642025442000033 ], [ -73.995510336999899, 40.639809667000122 ], [ -73.988349866999911, 40.64456224400012 ], [ -73.98331628499983, 40.641478682000091 ] ] ] } },
{ "type": "Feature", "properties": { "id": 27, "name": "Breezy Point/Fort Tilden/Riis Beach", "borough": "Queens" }, "geometry": { "type": "Polygon", "coordinates": [ [ [ -73.866628120000016, 40.573057649000106 ], [ -73.864541760999927, 40.569242922000136 ], [ -73.864103100999912, 40.569354610000147 ], [ -73.862683912512352, 40.566505656043716 ], [ -73.863493063602149, 40.567034311734218 ], [ -73.865537572574112, 40.566571610437535 ], [ -73.866617205546376, 40.566091942910518 ], [ -73.866309412324455, 40.565546064125023 ], [ -73.866884010598454, 40.566083976276254 ], [ -73.868486948458795, 40.56552701030175 ], [ -73.868251175501698, 40.56506948945983 ], [ -73.868623218270997, 40.565538008775142 ], [ -73.870622148152592, 40.564813309494319 ], [ -73.870275884646929, 40.564174653597583 ], [ -73.870913162064625, 40.564764585510908 ], [ -73.872639712804528, 40.564084184026953 ], [ -73.872378780472857, 40.563575116561694 ], [ -73.873219528302457, 40.564063906185822 ], [ -73.88029675110954, 40.561374955249633 ], [ -73.883247415622336, 40.560855921485384 ], [ -73.886975108011526, 40.559400482998683 ], [ -73.887892561063907, 40.559510651379711 ], [ -73.892138643961033, 40.557871541996768 ], [ -73.893470650505563, 40.557945578638844 ], [ -73.894918172663097, 40.557078796298491 ], [ -73.89551188771064, 40.557414270149856 ], [ -73.897079561167629, 40.55665743308483 ], [ -73.897995147968132, 40.557102137180387 ], [ -73.900580604627038, 40.556432922907888 ], [ -73.902794226797297, 40.556732995095764 ], [ -73.906585749238999, 40.5557106253775 ], [ -73.940474038572901, 40.542850072149385 ], [ -73.940736816826956, 40.541820087077738 ], [ -73.940129757957862, 40.548002561293714 ], [ -73.940652732384464, 40.552497817400798 ], [ -73.939851074604221, 40.554560053746123 ], [ -73.935706125608405, 40.55722454588355 ], [ -73.931921186705935, 40.557819319455227 ], [ -73.926157232754207, 40.561552609723279 ], [ -73.917660819000915, 40.562826149686607 ], [ -73.914553369612861, 40.56435343243399 ], [ -73.911883196630086, 40.564990405238881 ], [ -73.912161818932617, 40.565836251568221 ], [ -73.911970247525034, 40.565869417532653 ], [ -73.911858090293833, 40.564995438003422 ], [ -73.910037629057911, 40.564793710602117 ], [ -73.909771706118732, 40.565305405307711 ], [ -73.909716849259638, 40.565287425461364 ], [ -73.909762584369687, 40.564284836928337 ], [ -73.907948214866295, 40.564158323984543 ], [ -73.907975517960779, 40.56355572211325 ], [ -73.906838946386557, 40.56285635934475 ], [ -73.902906697275327, 40.563478510994329 ], [ -73.902205686308932, 40.562965485870876 ], [ -73.901215072720049, 40.563008460632545 ], [ -73.896281262089786, 40.565232721707602 ], [ -73.895332594197427, 40.566340904174169 ], [ -73.895659806615143, 40.567059460980474 ], [ -73.892610134456092, 40.568587247286871 ], [ -73.889111030722233, 40.56791623669109 ], [ -73.884309731052966, 40.568696119538849 ], [ -73.884887071247206, 40.568470205668838 ], [ -73.884336847748187, 40.568487934478178 ], [ -73.884736897991274, 40.568268513240803 ], [ -73.884456657761788, 40.567895763406156 ], [ -73.883791037030747, 40.56812391132469 ], [ -73.884023400924121, 40.568503115611001 ], [ -73.883576706727212, 40.568209769754425 ], [ -73.883904278844071, 40.568906204259399 ], [ -73.883369273162756, 40.568331859248438 ], [ -73.877808089957327, 40.568800630063357 ], [ -73.862883019454287, 40.576059761127517 ], [ -73.86396642099993, 40.57502678700007 ], [ -73.863611329999969, 40.573823057000048 ], [ -73.866628120000016, 40.573057649000106 ] ] ] } },
{ "type": "Feature", "properties": { "id": 28, "name": "Briarwood/Jamaica Hills", "borough": "Queens" }, "geometry": { "type": "Polygon", "coordinates": [ [ [ -73.792404133999909, 40.71619304100011 ], [ -73.793620912999955, 40.713975347000073 ], [ -73.793038000999886, 40.71071107500007 ], [ -73.797768101999878, 40.709143188000091 ], [ -73.798701506999919, 40.710663377000074 ], [ -73.80130625, 40.709742149000164 ], [ -73.803024147999878, 40.708139657000146 ], [ -73.801657255999928, 40.705761475000038 ], [ -73.805647730999894, 40.704671728000143 ], [ -73.806948562999921, 40.707367100000091 ], [ -73.812012485999816, 40.705944945000127 ], [ -73.81152856899989, 40.702272875000119 ], [ -73.816378244999925, 40.702451964000076 ], [ -73.820452364999909, 40.709774549000095 ], [ -73.823638606999836, 40.712666644000095 ], [ -73.825919451999923, 40.715989876000116 ], [ -73.825247316999835, 40.716455445000079 ], [ -73.821874176999899, 40.716917118000048 ], [ -73.817204178999859, 40.715840728000117 ], [ -73.804941484999873, 40.715996231000148 ], [ -73.800216726999906, 40.716737859000069 ], [ -73.793154935000018, 40.718917579000063 ], [ -73.790732488999822, 40.719208757000061 ], [ -73.792013765999968, 40.717967687000133 ], [ -73.792404133999909, 40.71619304100011 ] ] ] } },
{ "type": "Feature", "properties": { "id": 29, "name": "Brighton Beach", "borough": "Brooklyn" }, "geometry": { "type": "Polygon", "coordinates": [ [ [ -73.960047986999953, 40.583269872000159 ], [ -73.956457290999822, 40.582658851000119 ], [ -73.95414287899986, 40.583106140000119 ], [ -73.952358467713211, 40.574274685845438 ], [ -73.955694840443641, 40.574326996263409 ], [ -73.956345066816255, 40.574207221989724 ], [ -73.956345334546072, 40.573797578292023 ], [ -73.956567509059099, 40.574170778493098 ], [ -73.958434763590034, 40.574088815549096 ], [ -73.958966341527301, 40.573947268768663 ], [ -73.958987189725505, 40.573430655732089 ], [ -73.95941778299985, 40.575177983000131 ], [ -73.964711288999908, 40.574782618000022 ], [ -73.968889958999895, 40.575261239000056 ], [ -73.965143851999954, 40.591101916000092 ], [ -73.960679840999902, 40.591597583000159 ], [ -73.960047986999953, 40.583269872000159 ] ] ] } },
{ "type": "Feature", "properties": { "id": 30, "name": "Broad Channel", "borough": "Queens" }, "geometry": { "type": "Polygon", "coordinates": [ [ [ -73.820758924999922, 40.615232679000101 ], [ -73.81652681189118, 40.614947010080179 ], [ -73.814752871052448, 40.608632796752495 ], [ -73.81598548513719, 40.605733505216349 ], [ -73.816425299615375, 40.605224123787117 ], [ -73.817391921032467, 40.605158124143578 ], [ -73.817253705967588, 40.603940324594781 ], [ -73.818311210770787, 40.601339712357614 ], [ -73.818490661103681, 40.599389559239803 ], [ -73.819281422008103, 40.597529610938444 ], [ -73.820384063695116, 40.596568761815284 ], [ -73.820712067890554, 40.595170514962312 ], [ -73.821357582601337, 40.594691009121306 ], [ -73.824802512462554, 40.595083161176646 ], [ -73.830482060136731, 40.594585938135715 ], [ -73.834655995074868, 40.595168458826258 ], [ -73.83439612701622, 40.596464205721446 ], [ -73.832393644768388, 40.597803353191402 ], [ -73.831541059700683, 40.597951026027701 ], [ -73.830628521894951, 40.597433425862221 ], [ -73.829483418116226, 40.598133941951453 ], [ -73.828061596877021, 40.597680402824594 ], [ -73.825979859814197, 40.599472067181686 ], [ -73.825567907372161, 40.598548147926714 ], [ -73.824654206486642, 40.59814924685169 ], [ -73.82395871079126, 40.598876896838718 ], [ -73.823766122906122, 40.600040070910573 ], [ -73.821469298669115, 40.599993722634032 ], [ -73.824436437812267, 40.600344983674944 ], [ -73.824452180544554, 40.600796962844385 ], [ -73.822944847202436, 40.60258290923408 ], [ -73.822467467512169, 40.605524982911497 ], [ -73.822904633887504, 40.605851277214938 ], [ -73.821264703214254, 40.607002850205376 ], [ -73.81961795381072, 40.610479041032349 ], [ -73.82087841795061, 40.612257345910166 ], [ -73.821284210763608, 40.611096929143187 ], [ -73.820487006107626, 40.610224379146857 ], [ -73.82161460094558, 40.608480319114094 ], [ -73.821862052207379, 40.609869212533127 ], [ -73.823824685976604, 40.611498664955278 ], [ -73.822349610999865, 40.614260026000146 ], [ -73.820758924999922, 40.615232679000101 ] ] ] } },
{ "type": "Feature", "properties": { "id": 31, "name": "Bronx Park", "borough": "Bronx" }, "geometry": { "type": "Polygon", "coordinates": [ [ [ -73.870944621999811, 40.857266081000105 ], [ -73.868415396999936, 40.857780358000156 ], [ -73.869903795999932, 40.855873022000097 ], [ -73.868234660999946, 40.850913737000049 ], [ -73.869414027999838, 40.848788025000104 ], [ -73.868892432999942, 40.848112322000084 ], [ -73.871092078999951, 40.844324781000111 ], [ -73.873992954999821, 40.842561506000123 ], [ -73.874591753999823, 40.841520648000127 ], [ -73.878171756, 40.842624437000069 ], [ -73.877329240999885, 40.843983125000136 ], [ -73.883119826000012, 40.848221092000131 ], [ -73.880730427999922, 40.856676605000082 ], [ -73.881006789999788, 40.858268023000115 ], [ -73.880608968999908, 40.860357093000076 ], [ -73.883793710999896, 40.864171571000085 ], [ -73.883943030999959, 40.864948187000032 ], [ -73.882676247, 40.866089141000053 ], [ -73.883090031999899, 40.866591509000131 ], [ -73.876192249000027, 40.870476711000087 ], [ -73.872552508999817, 40.875175183000088 ], [ -73.870943675000021, 40.878510767000158 ], [ -73.869434713000047, 40.878129199000135 ], [ -73.870312566999914, 40.875833078000042 ], [ -73.870944621999811, 40.857266081000105 ] ] ] } },
{ "type": "Feature", "properties": { "id": 32, "name": "Bronxdale", "borough": "Bronx" }, "geometry": { "type": "Polygon", "coordinates": [ [ [ -73.856637746999894, 40.858119172000087 ], [ -73.868188305999894, 40.858063834000156 ], [ -73.871049449999816, 40.857304837000164 ], [ -73.870461317999954, 40.863271498000159 ], [ -73.870561924999876, 40.871510778000143 ], [ -73.861379240999838, 40.871336512000092 ], [ -73.861562740999872, 40.86554946400009 ], [ -73.859612811999824, 40.865512718000062 ], [ -73.857803787999927, 40.863036217000072 ], [ -73.857353196999838, 40.859711606000126 ], [ -73.856637746999894, 40.858119172000087 ] ] ] } },
{ "type": "Feature", "properties": { "id": 33, "name": "Brooklyn Heights", "borough": "Brooklyn" }, "geometry": { "type": "Polygon", "coordinates": [ [ [ -73.996192272643427, 40.703377140932218 ], [ -73.993253881999948, 40.702411971000075 ], [ -73.990874538000028, 40.700673117000115 ], [ -73.991433470999851, 40.698281859000176 ], [ -73.990444740999976, 40.693828251000099 ], [ -73.99097187, 40.692548800000118 ], [ -73.98902944799994, 40.692123861000098 ], [ -73.990544745999856, 40.689168105000135 ], [ -74.001105193999877, 40.692056595000146 ], [ -74.001743620725023, 40.69240674985285 ], [ -74.000958684584901, 40.694069083791263 ], [ -74.003013938145415, 40.694777844239745 ], [ -74.002398025837948, 40.695711654864674 ], [ -74.000268723777836, 40.694965802578196 ], [ -73.999413024332014, 40.696357676453509 ], [ -74.000431473404234, 40.697052466178718 ], [ -73.999474068205828, 40.69670413446218 ], [ -73.998764580277168, 40.697120733094174 ], [ -74.001049030575203, 40.697908236697636 ], [ -74.00048768562506, 40.698757777634711 ], [ -73.998377606857602, 40.698063296146266 ], [ -73.998021027251013, 40.698761736573971 ], [ -74.000018404336146, 40.699466048073795 ], [ -73.999474638389302, 40.70032277801846 ], [ -73.997160542439161, 40.699792812644276 ], [ -73.996697689974638, 40.700876976917328 ], [ -73.99813879899439, 40.701518788248613 ], [ -73.996192272643427, 40.703377140932218 ] ] ] } },
{ "type": "Feature", "properties": { "id": 34, "name": "Brooklyn Navy Yard", "borough": "Brooklyn" }, "geometry": { "type": "MultiPolygon", "coordinates": [ [ [ [ -73.972320321199021, 40.709082883152377 ], [ -73.970262185322795, 40.706887504284211 ], [ -73.970180755728052, 40.704929270567028 ], [ -73.967515166910857, 40.703437356878318 ], [ -73.967476744930337, 40.703949870956407 ], [ -73.969296938377013, 40.705088331229824 ], [ -73.969292963742433, 40.707093331047965 ], [ -73.968389336999948, 40.706829187000089 ], [ -73.967209619999849, 40.704255709000137 ], [ -73.962179781999978, 40.700220710000096 ], [ -73.962954161999917, 40.697603749000088 ], [ -73.963971858, 40.696378655000103 ], [ -73.965467214999833, 40.69593216200014 ], [ -73.969394500999897, 40.696080389000045 ], [ -73.969727898999906, 40.697804014000042 ], [ -73.980544191999883, 40.698246512000082 ], [ -73.980740794999932, 40.701277310000172 ], [ -73.979121792850279, 40.705527034036344 ], [ -73.978865177553743, 40.705867956200493 ], [ -73.978927658237254, 40.705496199169261 ], [ -73.978465578489534, 40.705562221864596 ], [ -73.978399094391378, 40.705982745202576 ], [ -73.978853033607109, 40.706065535284786 ], [ -73.978344748528713, 40.705999964987789 ], [ -73.978593136201255, 40.704978584142971 ], [ -73.978020673266613, 40.704290966456384 ], [ -73.977211963392392, 40.704213926624419 ], [ -73.977512154949636, 40.703196752663693 ], [ -73.977135626253755, 40.703005581402707 ], [ -73.975960963448415, 40.704715506440671 ], [ -73.976927491883401, 40.702797820400562 ], [ -73.976159372920222, 40.702171280357035 ], [ -73.975329873939756, 40.702951924338535 ], [ -73.976005878454359, 40.701946133782016 ], [ -73.974550233883448, 40.701590344304961 ], [ -73.975735410845417, 40.699570447705774 ], [ -73.974115139264782, 40.701305271419464 ], [ -73.972392013974641, 40.700166322752466 ], [ -73.973757007131994, 40.701534138882053 ], [ -73.973186766708864, 40.701669803673873 ], [ -73.970782005879883, 40.699978663011443 ], [ -73.973324561039405, 40.702412656010921 ], [ -73.97283512788735, 40.702728740744227 ], [ -73.969825565595144, 40.700245070368148 ], [ -73.96948655218084, 40.700519061258376 ], [ -73.97283889974949, 40.703346428602025 ], [ -73.969245392073518, 40.701364741883779 ], [ -73.968985174289656, 40.701747088786732 ], [ -73.972312462761167, 40.703844539538771 ], [ -73.971103422988264, 40.703459735839971 ], [ -73.971019631185186, 40.703815613686551 ], [ -73.974655696080461, 40.706074262994434 ], [ -73.974390835023172, 40.706325774144943 ], [ -73.973476295984611, 40.705686283391522 ], [ -73.972548800578124, 40.706204490003991 ], [ -73.974629666044152, 40.707681060768401 ], [ -73.974236169685398, 40.708024386122602 ], [ -73.971096554891076, 40.705850056558468 ], [ -73.971056923061724, 40.706946433816896 ], [ -73.97275756998387, 40.708831278547876 ], [ -73.972320321199021, 40.709082883152377 ] ] ], [ [ [ -73.979057670061422, 40.705952889050508 ], [ -73.978931102855213, 40.705924906230528 ], [ -73.979060848728835, 40.705946028470549 ], [ -73.979057670061422, 40.705952889050508 ] ] ], [ [ [ -73.982302051838687, 40.705736979399866 ], [ -73.982422871798533, 40.705822055954719 ], [ -73.981023906182742, 40.705898913893741 ], [ -73.982302051838687, 40.705736979399866 ] ] ] ] } },
{ "type": "Feature", "properties": { "id": 35, "name": "Brownsville", "borough": "Brooklyn" }, "geometry": { "type": "Polygon", "coordinates": [ [ [ -73.901451147000017, 40.663658365000131 ], [ -73.900661186999855, 40.660586158000115 ], [ -73.89965233299985, 40.660735416000136 ], [ -73.89880698499995, 40.657406662000071 ], [ -73.90048767199994, 40.657148679000073 ], [ -73.903178583999932, 40.655311634000107 ], [ -73.907843463999939, 40.654591530000083 ], [ -73.907400356999986, 40.652843990000086 ], [ -73.908557904999952, 40.652095938000066 ], [ -73.909334992999973, 40.652808592000085 ], [ -73.910122556999951, 40.655851771000137 ], [ -73.912364588999949, 40.655513565000042 ], [ -73.919594797999807, 40.661995679000036 ], [ -73.920081670999863, 40.659857633000065 ], [ -73.926379704999917, 40.665514892000104 ], [ -73.90347422300006, 40.675506683000052 ], [ -73.90041654099997, 40.663806527000141 ], [ -73.901451147000017, 40.663658365000131 ] ] ] } },
{ "type": "Feature", "properties": { "id": 36, "name": "Bushwick North", "borough": "Brooklyn" }, "geometry": { "type": "Polygon", "coordinates": [ [ [ -73.921891847000055, 40.709396097000095 ], [ -73.911807100999852, 40.703434952000123 ], [ -73.912904041, 40.70236189100013 ], [ -73.910678826999984, 40.701045969000099 ], [ -73.911808200999872, 40.699938003000071 ], [ -73.904260183999895, 40.695700371000086 ], [ -73.905795970999932, 40.694127155000061 ], [ -73.901232906999937, 40.691442279000157 ], [ -73.904055772, 40.688546278000068 ], [ -73.931155338999872, 40.70377233500006 ], [ -73.932697848999936, 40.703170391000086 ], [ -73.933918707999879, 40.707487026000102 ], [ -73.921891847000055, 40.709396097000095 ] ] ] } },
{ "type": "Feature", "properties": { "id": 37, "name": "Bushwick South", "borough": "Brooklyn" }, "geometry": { "type": "Polygon", "coordinates": [ [ [ -73.933918707999879, 40.707487026000102 ], [ -73.932697848999936, 40.703170391000086 ], [ -73.931155338999872, 40.70377233500006 ], [ -73.904824996999878, 40.688808570000141 ], [ -73.904055772, 40.688546278000068 ], [ -73.90180467199994, 40.690766298000092 ], [ -73.900424650999881, 40.688183898000048 ], [ -73.901161549999884, 40.687877935000103 ], [ -73.896466250999936, 40.68233642200007 ], [ -73.897044721999933, 40.680561816000171 ], [ -73.898274189999967, 40.679725043000069 ], [ -73.900470011000024, 40.679535244000114 ], [ -73.9026226229999, 40.680664503000088 ], [ -73.904046397999892, 40.679220598000057 ], [ -73.938568547999807, 40.698848136000066 ], [ -73.943949472999961, 40.698221279000116 ], [ -73.944387885999845, 40.700424523000137 ], [ -73.940420578999934, 40.701076598000071 ], [ -73.941030096999867, 40.704636177000083 ], [ -73.942734483999971, 40.704473306000075 ], [ -73.943787995999941, 40.710900379000137 ], [ -73.940422519999942, 40.711217648000122 ], [ -73.940688030999922, 40.711962048000053 ], [ -73.934802819000026, 40.713372496000076 ], [ -73.932297086000034, 40.707749447000097 ], [ -73.933918707999879, 40.707487026000102 ] ] ] } },
{ "type": "Feature", "properties": { "id": 38, "name": "Cambria Heights", "borough": "Queens" }, "geometry": { "type": "Polygon", "coordinates": [ [ [ -73.74077675800001, 40.702679838000122 ], [ -73.734304036999845, 40.702478131000127 ], [ -73.734264553999822, 40.70321954200012 ], [ -73.726777595169565, 40.703059291199608 ], [ -73.725862641911746, 40.683241080974092 ], [ -73.7475517539999, 40.689347336000033 ], [ -73.744679555999852, 40.693412263000091 ], [ -73.743592860999897, 40.696215325000068 ], [ -73.74618157999997, 40.696121926000124 ], [ -73.747730121999908, 40.699553137000102 ], [ -73.745001191000043, 40.700262213000073 ], [ -73.745908710000037, 40.702287274000092 ], [ -73.741092939999888, 40.703481063000105 ], [ -73.740503364999824, 40.703433556000121 ], [ -73.74077675800001, 40.702679838000122 ] ] ] } },
{ "type": "Feature", "properties": { "id": 39, "name": "Canarsie", "borough": "Brooklyn" }, "geometry": { "type": "MultiPolygon", "coordinates": [ [ [ [ -73.891218534999879, 40.649987699000071 ], [ -73.890567929612757, 40.649208632967358 ], [ -73.891015778416147, 40.649342007892805 ], [ -73.891096114747, 40.648812499079199 ], [ -73.888796908486711, 40.646050258056562 ], [ -73.889376029750494, 40.646974754423304 ], [ -73.888865417782071, 40.647220035735771 ], [ -73.888599325520289, 40.646712468821121 ], [ -73.888081388920327, 40.646620569814516 ], [ -73.888289814207496, 40.646044215545793 ], [ -73.887409601565011, 40.6453292801244 ], [ -73.888055871828811, 40.645119787257478 ], [ -73.887343616656835, 40.64522415387119 ], [ -73.886236467918067, 40.643816787721136 ], [ -73.883735787818921, 40.642450349094418 ], [ -73.879538880085306, 40.638217839160461 ], [ -73.878638639040119, 40.638293606130247 ], [ -73.878634881181611, 40.637551781647304 ], [ -73.877144348842762, 40.63597649800392 ], [ -73.878205904897726, 40.634572943662739 ], [ -73.883644517282249, 40.630943312138783 ], [ -73.883454129234607, 40.629907669935122 ], [ -73.884047261493691, 40.629560118546685 ], [ -73.882632484334025, 40.628274273127083 ], [ -73.883692315714967, 40.627559373914245 ], [ -73.885129540237685, 40.628827258671571 ], [ -73.887526737061947, 40.62833182448265 ], [ -73.890487103947422, 40.626224779058269 ], [ -73.890904714447458, 40.625016198464039 ], [ -73.892376565519356, 40.623733236347945 ], [ -73.89577374598754, 40.622519071384971 ], [ -73.898261030118448, 40.622989159921985 ], [ -73.90114685492415, 40.625685387598217 ], [ -73.904127932076278, 40.626306200134437 ], [ -73.916331954275762, 40.632038732558534 ], [ -73.917160714927235, 40.631730125998622 ], [ -73.91860649599991, 40.632090415000071 ], [ -73.919950629999988, 40.644707630000092 ], [ -73.918301522999982, 40.64581226300011 ], [ -73.909448463999937, 40.651521599000112 ], [ -73.903982005999907, 40.646628568000075 ], [ -73.895861549, 40.651880527000074 ], [ -73.897610132999873, 40.653453816000123 ], [ -73.893546770999876, 40.655202714000069 ], [ -73.890005891999877, 40.651148697000117 ], [ -73.891218534999879, 40.649987699000071 ] ] ], [ [ [ -73.888467879616471, 40.646899734025467 ], [ -73.888497201938634, 40.646756786000275 ], [ -73.888532912128667, 40.64686188223088 ], [ -73.888467879616471, 40.646899734025467 ] ] ] ] } },
{ "type": "Feature", "properties": { "id": 40, "name": "Carroll Gardens", "borough": "Brooklyn" }, "geometry": { "type": "Polygon", "coordinates": [ [ [ -74.000048651999975, 40.682803356000171 ], [ -73.996208462999903, 40.681723425000108 ], [ -73.994901135999754, 40.684430238000111 ], [ -73.987224138999849, 40.681447302000073 ], [ -73.990698618999943, 40.675807419000144 ], [ -73.993491024, 40.676183302000048 ], [ -73.995064510999825, 40.675840475000044 ], [ -73.998618879999896, 40.671830172000085 ], [ -74.003292312999989, 40.679643288000108 ], [ -74.000647379999961, 40.685253947000113 ], [ -73.999080660999937, 40.68481599200004 ], [ -74.000048651999975, 40.682803356000171 ] ] ] } },
{ "type": "Feature", "properties": { "id": 41, "name": "Central Harlem", "borough": "Manhattan" }, "geometry": { "type": "Polygon", "coordinates": [ [ [ -73.952101251999906, 40.811442854000127 ], [ -73.941771401999901, 40.807089000000161 ], [ -73.942753671999938, 40.805744013000059 ], [ -73.944301945999911, 40.806390825000129 ], [ -73.945239651999913, 40.805136014000098 ], [ -73.94613131, 40.803877358000115 ], [ -73.944597512999977, 40.803228145000119 ], [ -73.949220456999839, 40.796909859000081 ], [ -73.959646853999871, 40.801156423000123 ], [ -73.958248782999874, 40.803106486000075 ], [ -73.958181672999956, 40.805596791000077 ], [ -73.954966572, 40.810064555000082 ], [ -73.953575777999902, 40.809476698000076 ], [ -73.952101251999906, 40.811442854000127 ] ] ] } },
{ "type": "Feature", "properties": { "id": 42, "name": "Central Harlem North", "borough": "Manhattan" }, "geometry": { "type": "Polygon", "coordinates": [ [ [ -73.934361215910556, 40.836200619617976 ], [ -73.934915335786286, 40.835230821938929 ], [ -73.935167252945817, 40.832874992778642 ], [ -73.933830892871072, 40.819521063761741 ], [ -73.934400399999859, 40.819667783000092 ], [ -73.934074639999963, 40.817826514000103 ], [ -73.93445400100002, 40.817188529000155 ], [ -73.939017532999983, 40.810856557000093 ], [ -73.935807801999857, 40.80949763800006 ], [ -73.938544078999882, 40.805729653000093 ], [ -73.952101251999906, 40.811442854000127 ], [ -73.949199600999847, 40.814720854000065 ], [ -73.946078287000049, 40.821263216000098 ], [ -73.945154569999943, 40.820876265000116 ], [ -73.939248855999878, 40.828296351000084 ], [ -73.938640266999968, 40.82973887400005 ], [ -73.940170898999895, 40.830384391000152 ], [ -73.938683162999851, 40.832800789000096 ], [ -73.934361215910556, 40.836200619617976 ] ] ] } },
{ "type": "Feature", "properties": { "id": 43, "name": "Central Park", "borough": "Manhattan" }, "geometry": { "type": "Polygon", "coordinates": [ [ [ -73.949220456999839, 40.796909859000081 ], [ -73.973014871999951, 40.764278879000095 ], [ -73.981362136999948, 40.767836739000103 ], [ -73.981648045999947, 40.768436322000134 ], [ -73.958172970999868, 40.800582541000068 ], [ -73.949220456999839, 40.796909859000081 ] ] ] } },
{ "type": "Feature", "properties": { "id": 44, "name": "Charleston/Tottenville", "borough": "Staten Island" }, "geometry": { "type": "Polygon", "coordinates": [ [ [ -74.212200340999928, 40.556443430000066 ], [ -74.217843978999937, 40.554432718000093 ], [ -74.217783776999966, 40.553049188000152 ], [ -74.221315626999981, 40.550253074000118 ], [ -74.217769415999925, 40.541126630000129 ], [ -74.217709760999966, 40.538311993000114 ], [ -74.218315151999903, 40.5353120790001 ], [ -74.218006764999956, 40.532298590000131 ], [ -74.215743410999934, 40.526464005000108 ], [ -74.215672303999895, 40.523957628000112 ], [ -74.214098067999856, 40.524097196000106 ], [ -74.213545933999953, 40.521235716000092 ], [ -74.217605700999968, 40.520871687000124 ], [ -74.223795958999915, 40.518196346000082 ], [ -74.226909932999945, 40.51917139800009 ], [ -74.226634071999911, 40.517251010000159 ], [ -74.222902513999969, 40.508936539000103 ], [ -74.223215824999969, 40.508658611000065 ], [ -74.221593002781731, 40.502500438221134 ], [ -74.225070578377014, 40.501764645244471 ], [ -74.227294135109958, 40.502297499455949 ], [ -74.231144949585754, 40.501851215882226 ], [ -74.23678845619574, 40.5000008352565 ], [ -74.239880172935656, 40.497573626560254 ], [ -74.244327982525888, 40.497546740214929 ], [ -74.246761027741897, 40.496133987611969 ], [ -74.249171568689647, 40.496567297053595 ], [ -74.250854894222485, 40.498006163595321 ], [ -74.25116773245702, 40.498993090653883 ], [ -74.253355380223041, 40.500413197886012 ], [ -74.255309697651953, 40.504136410724833 ], [ -74.255542691639349, 40.507837742496342 ], [ -74.25462856709899, 40.508674825727219 ], [ -74.254981300094798, 40.508771172775944 ], [ -74.254972903709699, 40.508805662133426 ], [ -74.253994785741114, 40.50896808987838 ], [ -74.25431454169312, 40.509413694649112 ], [ -74.253689118810613, 40.509425596439286 ], [ -74.254646512629051, 40.509826245924522 ], [ -74.254526217326188, 40.509973015886274 ], [ -74.253648125182565, 40.509470530436431 ], [ -74.253315798051318, 40.509861504541107 ], [ -74.253008472775591, 40.511193989705525 ], [ -74.253526850767102, 40.511677766031987 ], [ -74.253036353815489, 40.511433160458928 ], [ -74.253089508705472, 40.512121961378547 ], [ -74.25195197488479, 40.512997002547429 ], [ -74.252125913970502, 40.513710379800159 ], [ -74.250045877565697, 40.51510851049445 ], [ -74.250555264135471, 40.51571634242908 ], [ -74.249888248749883, 40.515521545193145 ], [ -74.250560072721967, 40.516106741535197 ], [ -74.249215286760958, 40.515084861299457 ], [ -74.249941588080361, 40.516137488191191 ], [ -74.249430968990907, 40.515687885597636 ], [ -74.248545892916709, 40.516169917148595 ], [ -74.248284220838897, 40.516486949553851 ], [ -74.248946246656033, 40.51719453978685 ], [ -74.249407707892829, 40.516980831423865 ], [ -74.248514490560311, 40.517475626265245 ], [ -74.248919106530536, 40.517208433692581 ], [ -74.247518118355217, 40.515735864778776 ], [ -74.246440396513179, 40.515965028508731 ], [ -74.246128576792927, 40.516137392573903 ], [ -74.246995569966003, 40.517182085195735 ], [ -74.246478997053231, 40.516687327211045 ], [ -74.245208615283559, 40.517289743624303 ], [ -74.245634731699397, 40.518075580745972 ], [ -74.24429835217606, 40.518515003107893 ], [ -74.242324778332758, 40.518326525021934 ], [ -74.241031229185324, 40.519542512688133 ], [ -74.240490696876918, 40.519191628970312 ], [ -74.239919378523879, 40.520046996530141 ], [ -74.241172935521973, 40.521060131432179 ], [ -74.242932350365166, 40.521227161132963 ], [ -74.242583756394382, 40.522198649000721 ], [ -74.24280157009575, 40.524007296286804 ], [ -74.24335792685855, 40.524818913820617 ], [ -74.243965007588585, 40.524905366338011 ], [ -74.241507333228967, 40.531041342795334 ], [ -74.241810616215275, 40.532562675421694 ], [ -74.242177996632307, 40.532576138476813 ], [ -74.242045702860139, 40.534346377050554 ], [ -74.244124959884942, 40.536196295729226 ], [ -74.244147825386875, 40.536881409917235 ], [ -74.245336511760527, 40.536905994434811 ], [ -74.244442596717732, 40.538066765993101 ], [ -74.245271007692551, 40.539241870190018 ], [ -74.245602056983245, 40.540949594577462 ], [ -74.246486148157857, 40.542213392655846 ], [ -74.248034637356881, 40.543093240441642 ], [ -74.246184223838824, 40.545633625854471 ], [ -74.243363465527764, 40.547865135236009 ], [ -74.243584476513433, 40.547623990878776 ], [ -74.242203184634306, 40.546948678300311 ], [ -74.240391828100513, 40.547663310173967 ], [ -74.237619634673266, 40.550123468578725 ], [ -74.236416234489653, 40.55050862684358 ], [ -74.236415597331074, 40.552328066345353 ], [ -74.234898658008035, 40.553005216671522 ], [ -74.233341884824966, 40.55249971061388 ], [ -74.230755112460244, 40.555536658545648 ], [ -74.229319541857137, 40.55549158696288 ], [ -74.228724299747796, 40.556297017139386 ], [ -74.22344265106311, 40.556046569903735 ], [ -74.22378606709124, 40.555880268009936 ], [ -74.222574868013709, 40.555406209779825 ], [ -74.221298646044559, 40.555366224685756 ], [ -74.220621759491237, 40.555898821005329 ], [ -74.219743569307226, 40.554612672072579 ], [ -74.219080608993508, 40.554847002198159 ], [ -74.219337012789751, 40.555691366981257 ], [ -74.219217163709274, 40.555796969878749 ], [ -74.218593257827976, 40.554674210247988 ], [ -74.218707675601649, 40.556041016201348 ], [ -74.217753423917259, 40.555005284776378 ], [ -74.214740531988141, 40.556242389132329 ], [ -74.21501817201802, 40.556755638380139 ], [ -74.214623404782927, 40.556913362221074 ], [ -74.213764673175802, 40.556396943325488 ], [ -74.205696051999894, 40.558516006000069 ], [ -74.206998852999973, 40.557567489000093 ], [ -74.212200340999928, 40.556443430000066 ] ] ] } },
{ "type": "Feature", "properties": { "id": 45, "name": "Chinatown", "borough": "Manhattan" }, "geometry": { "type": "Polygon", "coordinates": [ [ [ -73.997504452999877, 40.714069132000148 ], [ -73.992562421999892, 40.714388077000166 ], [ -73.991908242710309, 40.70953292664354 ], [ -73.997282871955676, 40.708731619843057 ], [ -73.999194511544275, 40.707947376675925 ], [ -74.003661182999977, 40.711487283000139 ], [ -74.005891750999893, 40.712007160000084 ], [ -74.002722861999942, 40.714389709000116 ], [ -73.999956209, 40.718017095000071 ], [ -73.996058726999976, 40.716231640000089 ], [ -73.997504452999877, 40.714069132000148 ] ] ] } },
{ "type": "Feature", "properties": { "id": 46, "name": "City Island", "borough": "Bronx" }, "geometry": { "type": "MultiPolygon", "coordinates": [ [ [ [ -73.784524319379628, 40.860477063148053 ], [ -73.784400078958953, 40.859766274445242 ], [ -73.785196643871117, 40.858827023637595 ], [ -73.78601763836582, 40.859300920107152 ], [ -73.787431861941755, 40.858935245614617 ], [ -73.786858867732988, 40.860045057839741 ], [ -73.784524319379628, 40.860477063148053 ] ] ], [ [ [ -73.767832056371731, 40.854442205742274 ], [ -73.769385291396944, 40.852536133996949 ], [ -73.768608176871055, 40.850788395378324 ], [ -73.769596743114633, 40.847594519098394 ], [ -73.767894926726356, 40.84528943351981 ], [ -73.76901389181107, 40.845097342722127 ], [ -73.771572188332371, 40.847500058580493 ], [ -73.770889202211706, 40.849751771338255 ], [ -73.772049636684599, 40.851618289757617 ], [ -73.772963566112836, 40.852159253958817 ], [ -73.771730604119043, 40.852476831319301 ], [ -73.772349174548225, 40.853851420736838 ], [ -73.772962853348673, 40.853800062246663 ], [ -73.772140368418135, 40.854412712600798 ], [ -73.772192230554069, 40.859986638597171 ], [ -73.770845623802671, 40.86010101292856 ], [ -73.769473054239967, 40.859330136668774 ], [ -73.768362772907949, 40.858358288852003 ], [ -73.768360859187993, 40.857655363706073 ], [ -73.765332439952758, 40.855043595125061 ], [ -73.767832056371731, 40.854442205742274 ] ] ], [ [ [ -73.79018745194999, 40.85860991738631 ], [ -73.788983850131132, 40.858470843740079 ], [ -73.788784028545692, 40.857420690336738 ], [ -73.788043429758005, 40.857559917687276 ], [ -73.788778985440175, 40.857400925199798 ], [ -73.788896549571845, 40.856573386709975 ], [ -73.788359432223601, 40.855626489148399 ], [ -73.788477326533496, 40.854400520532401 ], [ -73.786907347026968, 40.854063972299322 ], [ -73.787962642880771, 40.853474720935687 ], [ -73.785881865066301, 40.851788672441117 ], [ -73.783381586103772, 40.851586733914537 ], [ -73.784600776975978, 40.851095692195379 ], [ -73.783841193079837, 40.850692899498483 ], [ -73.784200471343766, 40.850060644240777 ], [ -73.78303535537907, 40.849071908128032 ], [ -73.781544490885992, 40.849400434643513 ], [ -73.782141086978314, 40.849100662667851 ], [ -73.781493865874893, 40.848580475825969 ], [ -73.782674670787046, 40.848139672946829 ], [ -73.78097820938946, 40.848458347913699 ], [ -73.782637403978882, 40.848072649246021 ], [ -73.78148431950568, 40.847882193848776 ], [ -73.78216393435585, 40.84663633778095 ], [ -73.780403269586003, 40.846931134166262 ], [ -73.781060439730041, 40.846802551854495 ], [ -73.781151825785628, 40.846246304627272 ], [ -73.781106757607844, 40.846746997141352 ], [ -73.781742889032515, 40.846412290116092 ], [ -73.781093018851834, 40.846798491587627 ], [ -73.782513451168498, 40.846408771551374 ], [ -73.782495972589444, 40.845661561949221 ], [ -73.783094420486378, 40.845518285564829 ], [ -73.783146442273633, 40.845309942026205 ], [ -73.783074558306566, 40.845509764292153 ], [ -73.782424871555108, 40.845676336667204 ], [ -73.781816461042908, 40.8457649780512 ], [ -73.783050749407792, 40.845496823176013 ], [ -73.783060231265779, 40.84508570856724 ], [ -73.781815359004497, 40.84548058288059 ], [ -73.783074574466809, 40.84505636873412 ], [ -73.783152455057277, 40.845295983327965 ], [ -73.782975792443366, 40.844680948020645 ], [ -73.783365361353404, 40.844444722981876 ], [ -73.783011298295492, 40.844172690347357 ], [ -73.783484287487966, 40.843678545998628 ], [ -73.78290650949755, 40.843936125840315 ], [ -73.780527360485522, 40.844525140338348 ], [ -73.77992703744448, 40.843883081356019 ], [ -73.780533027145665, 40.84445302176286 ], [ -73.780396232820053, 40.843966408179945 ], [ -73.780584647288791, 40.844434572698397 ], [ -73.781062613642987, 40.844328317876879 ], [ -73.780876901987156, 40.843862220487971 ], [ -73.781089777978536, 40.844320127077758 ], [ -73.781546025233354, 40.844215889747886 ], [ -73.781376740983575, 40.843704486540204 ], [ -73.781575903025214, 40.844207703973225 ], [ -73.782007705366809, 40.844109600669917 ], [ -73.781833065993553, 40.843575518305158 ], [ -73.782037575862702, 40.844103474973664 ], [ -73.782436798954436, 40.844009431100119 ], [ -73.78224871668732, 40.843436168417753 ], [ -73.782822439713954, 40.843919481199691 ], [ -73.782572107237755, 40.843294582445978 ], [ -73.783091861123694, 40.843685054811374 ], [ -73.782873882431673, 40.843124102362545 ], [ -73.783132525686653, 40.843697496731927 ], [ -73.782806615065539, 40.843779316122252 ], [ -73.782841516176958, 40.843894787202139 ], [ -73.783474812492443, 40.84365473810999 ], [ -73.782887783014857, 40.842494828849794 ], [ -73.782299412709179, 40.842605896413545 ], [ -73.782444524045843, 40.843042034416946 ], [ -73.781800483624338, 40.84269614579383 ], [ -73.781933065936499, 40.843228088076714 ], [ -73.781771969277372, 40.842702273492101 ], [ -73.781246566344947, 40.842797107289641 ], [ -73.781427851884374, 40.84337087428176 ], [ -73.781216011192683, 40.842804777395834 ], [ -73.780674299250165, 40.842907304537896 ], [ -73.780829036813103, 40.843507297145827 ], [ -73.780295525320653, 40.842973044894094 ], [ -73.780227738726765, 40.8437781812979 ], [ -73.780226624180756, 40.842883268935672 ], [ -73.782864993049131, 40.842478101882875 ], [ -73.780597358225947, 40.842786599941171 ], [ -73.782368559535044, 40.842428493149839 ], [ -73.78162055021906, 40.84232949488824 ], [ -73.782306433175833, 40.842211116312754 ], [ -73.782332572158708, 40.841922844111565 ], [ -73.781440031078489, 40.842142133493596 ], [ -73.782166244189625, 40.841689144110248 ], [ -73.780348051582308, 40.84210909822464 ], [ -73.780425771815203, 40.842494394207058 ], [ -73.78019599955293, 40.842046210976342 ], [ -73.781850481977656, 40.841653946394501 ], [ -73.781660512134238, 40.841124175588362 ], [ -73.780892206101569, 40.84155308419848 ], [ -73.78079752923469, 40.841256146048629 ], [ -73.7816485529559, 40.841097763528978 ], [ -73.78113875725964, 40.839494278801901 ], [ -73.781884557202702, 40.837650276604982 ], [ -73.782906291908787, 40.837320006073007 ], [ -73.782822601397271, 40.836338155888029 ], [ -73.783381680593195, 40.836909271680867 ], [ -73.784980603280943, 40.836746426080694 ], [ -73.784503339653398, 40.837057765171309 ], [ -73.784850092226421, 40.837470489178649 ], [ -73.785639978454469, 40.837064434585571 ], [ -73.785830679641279, 40.837209980004722 ], [ -73.785165844286482, 40.837471334061952 ], [ -73.785735092986798, 40.839234231776004 ], [ -73.787407587459896, 40.839677623197169 ], [ -73.787491664125838, 40.840842341674275 ], [ -73.788159211665118, 40.840490778567222 ], [ -73.787612377825923, 40.841198005296057 ], [ -73.788366174748248, 40.841504611016717 ], [ -73.788020035503521, 40.841783841458948 ], [ -73.788838648951327, 40.842350395961319 ], [ -73.788527808673706, 40.842425576894996 ], [ -73.789058255013614, 40.843235331770217 ], [ -73.789930933882289, 40.843042264363838 ], [ -73.789337087257152, 40.843681498055666 ], [ -73.789471822140939, 40.844292978352222 ], [ -73.790988583759017, 40.84565283206274 ], [ -73.790973333106663, 40.846357311525161 ], [ -73.791490765135521, 40.846251004965424 ], [ -73.791181287853448, 40.846555675930006 ], [ -73.791793436254508, 40.846731672329483 ], [ -73.791367098584459, 40.846887642686006 ], [ -73.791440496883283, 40.847306043483783 ], [ -73.791772327008516, 40.84722825327934 ], [ -73.79191997810095, 40.847258218030937 ], [ -73.791267085673681, 40.847601867354214 ], [ -73.79161765431445, 40.848052924408037 ], [ -73.791013623389901, 40.848985209717078 ], [ -73.789757110706105, 40.849531469287804 ], [ -73.789858369521752, 40.849972559362051 ], [ -73.790947768576203, 40.84973917964399 ], [ -73.790988771246518, 40.849828349532409 ], [ -73.78986630313652, 40.849989390703342 ], [ -73.79040506054308, 40.85027276271417 ], [ -73.789918724828638, 40.85061172713791 ], [ -73.791023811304171, 40.850432275424296 ], [ -73.789929536266726, 40.850626122555234 ], [ -73.790268245072539, 40.850961088074008 ], [ -73.789513715161732, 40.851300771713262 ], [ -73.79098717984283, 40.851264015299236 ], [ -73.789664903445129, 40.851500382132286 ], [ -73.790892179300741, 40.851546903549071 ], [ -73.790195886672791, 40.851752904563085 ], [ -73.790463705280999, 40.851767006154191 ], [ -73.790083969041063, 40.852034527382386 ], [ -73.79015509260995, 40.852251285235994 ], [ -73.790160951498592, 40.852040236431101 ], [ -73.792494509780767, 40.851550725092849 ], [ -73.790170071262949, 40.852280661153614 ], [ -73.793118371838318, 40.85157829524104 ], [ -73.7932378678764, 40.851931174674647 ], [ -73.791245567837734, 40.852304681410899 ], [ -73.791380526955137, 40.852602038304887 ], [ -73.793409876311685, 40.852021883730572 ], [ -73.793507628319134, 40.852264043925011 ], [ -73.790420537801609, 40.853022978212763 ], [ -73.792815119669356, 40.852494819309094 ], [ -73.790807587299213, 40.85319906006454 ], [ -73.79126573165874, 40.853706864233295 ], [ -73.792524087288939, 40.85340992070514 ], [ -73.792409310369251, 40.853053336114961 ], [ -73.79297928311027, 40.853302944909608 ], [ -73.792876100485842, 40.852944181328581 ], [ -73.793039911702607, 40.853371249285345 ], [ -73.791057212548253, 40.853918412426836 ], [ -73.792458168448107, 40.85360070875506 ], [ -73.791070027659416, 40.853944956664833 ], [ -73.79253714604873, 40.853849327813037 ], [ -73.791292821606319, 40.854584025977054 ], [ -73.792503066854351, 40.855788666137244 ], [ -73.792017122285273, 40.856176948606461 ], [ -73.792705239851372, 40.856192328905919 ], [ -73.792687682226557, 40.856335218720574 ], [ -73.79315700296155, 40.856350911074962 ], [ -73.793146860859579, 40.856467828471331 ], [ -73.792010500090512, 40.856225127718552 ], [ -73.791901833402505, 40.856546911368156 ], [ -73.793094921523817, 40.856686441404236 ], [ -73.791894229588749, 40.856568889329836 ], [ -73.791707042573577, 40.856851842855214 ], [ -73.792827132379756, 40.857435789918078 ], [ -73.793012643830053, 40.85700302604333 ], [ -73.792884038889042, 40.857479202493828 ], [ -73.791859787152035, 40.857004107259549 ], [ -73.792683385754628, 40.857420393592875 ], [ -73.791894519130764, 40.857437121865431 ], [ -73.792569704405778, 40.857639625362424 ], [ -73.792395217232823, 40.857845547752383 ], [ -73.791742540823492, 40.857393950004415 ], [ -73.791843032173816, 40.857028702011533 ], [ -73.790942022603659, 40.857552748188958 ], [ -73.791785294232497, 40.857775425855735 ], [ -73.791436959081054, 40.858154685123289 ], [ -73.791618660758274, 40.857901342048294 ], [ -73.790932228007435, 40.857567787470721 ], [ -73.79018745194999, 40.85860991738631 ] ] ], [ [ [ -73.782832914478519, 40.855870308445908 ], [ -73.783023715225028, 40.855092766665152 ], [ -73.783946997220056, 40.855630437526813 ], [ -73.783434875013853, 40.856362865959078 ], [ -73.782832914478519, 40.855870308445908 ] ] ], [ [ [ -73.780617308297181, 40.85573517581021 ], [ -73.780904768512897, 40.854968133162487 ], [ -73.781563896999401, 40.855001286434096 ], [ -73.781227823320165, 40.856087789162963 ], [ -73.780617308297181, 40.85573517581021 ] ] ], [ [ [ -73.78833349834521, 40.834667129759538 ], [ -73.789312236066237, 40.834464886553626 ], [ -73.789510198723221, 40.835364042525953 ], [ -73.788457000152093, 40.835309914315566 ], [ -73.78833349834521, 40.834667129759538 ] ] ] ] } },
{ "type": "Feature", "properties": { "id": 47, "name": "Claremont/Bathgate", "borough": "Bronx" }, "geometry": { "type": "Polygon", "coordinates": [ [ [ -73.890389539999831, 40.854689058000162 ], [ -73.892166873999813, 40.852769462000083 ], [ -73.893071409000015, 40.853249987000098 ], [ -73.894317740999767, 40.851891311000038 ], [ -73.894787649999927, 40.851081667000081 ], [ -73.894072589999908, 40.850713190000128 ], [ -73.896177129999984, 40.846658321000085 ], [ -73.892901022999951, 40.8462683300001 ], [ -73.895378361999946, 40.842938779000143 ], [ -73.896661616999879, 40.843524607000113 ], [ -73.901225349999919, 40.835499911000134 ], [ -73.905531167999882, 40.829104133000087 ], [ -73.910490106999916, 40.830737373000076 ], [ -73.905383579999921, 40.839768983000091 ], [ -73.904831219999892, 40.844800342000084 ], [ -73.901344046, 40.84442875100013 ], [ -73.895608832999798, 40.854570370000062 ], [ -73.89106280699994, 40.861529412000088 ], [ -73.890275555999935, 40.861109073000144 ], [ -73.891125687999875, 40.860061825000138 ], [ -73.89108676599993, 40.856597257000047 ], [ -73.890389539999831, 40.854689058000162 ] ] ] } },
{ "type": "Feature", "properties": { "id": 48, "name": "Clinton East", "borough": "Manhattan" }, "geometry": { "type": "Polygon", "coordinates": [ [ [ -73.982365451, 40.76739215300011 ], [ -73.991632712999959, 40.754706805000147 ], [ -73.997306714999979, 40.757110507000085 ], [ -73.98806289599996, 40.769790800000109 ], [ -73.982365451, 40.76739215300011 ] ] ] } },
{ "type": "Feature", "properties": { "id": 49, "name": "Clinton Hill", "borough": "Brooklyn" }, "geometry": { "type": "Polygon", "coordinates": [ [ [ -73.961051006999909, 40.698326079000083 ], [ -73.960158546999864, 40.694117309000085 ], [ -73.956142392999851, 40.694579019000102 ], [ -73.955410579999963, 40.690908292000131 ], [ -73.960292816999981, 40.690346250000132 ], [ -73.959567701999845, 40.686682555000139 ], [ -73.954684188999977, 40.687244854000063 ], [ -73.953281873999956, 40.680200031000034 ], [ -73.955436815999846, 40.679957855000119 ], [ -73.955293615999963, 40.679203151000038 ], [ -73.968689614000013, 40.682005258000082 ], [ -73.970131541999919, 40.689506308000034 ], [ -73.969103624999931, 40.689467522000058 ], [ -73.969831184999833, 40.693134244000163 ], [ -73.968809896000053, 40.693120382000146 ], [ -73.969394500999897, 40.696080389000045 ], [ -73.964550704999894, 40.696107592000061 ], [ -73.963475151999916, 40.696800668000115 ], [ -73.962839636999931, 40.69803866800013 ], [ -73.961051006999909, 40.698326079000083 ] ] ] } },
{ "type": "Feature", "properties": { "id": 50, "name": "Clinton West", "borough": "Manhattan" }, "geometry": { "type": "Polygon", "coordinates": [ [ [ -73.996677057847364, 40.773510053942402 ], [ -73.994163284563058, 40.772487191524043 ], [ -73.993831082015475, 40.772931787425527 ], [ -73.993502621999895, 40.772751633000084 ], [ -73.99387445099994, 40.772238168000136 ], [ -73.98806289599996, 40.769790800000109 ], [ -73.995474501999922, 40.759626857000093 ], [ -74.003757350188366, 40.763582241820423 ], [ -74.001386036985963, 40.762850095002065 ], [ -74.000973080220106, 40.76342027172582 ], [ -74.003149769889959, 40.764332888184768 ], [ -74.00311291631381, 40.764745596153865 ], [ -73.999927123677239, 40.763406528479479 ], [ -73.999150980879079, 40.764205259582852 ], [ -74.002274366423677, 40.765525181099704 ], [ -74.002024543303392, 40.765893266570572 ], [ -73.99888473174974, 40.764569377048765 ], [ -73.99857638530527, 40.764998607271032 ], [ -73.998281607095279, 40.765567775437518 ], [ -74.00157335385272, 40.766977192210845 ], [ -74.001314696359941, 40.767251120050119 ], [ -73.998066759053501, 40.765871881135922 ], [ -73.997378084479536, 40.766823386379762 ], [ -74.000649505304139, 40.768245236105791 ], [ -74.000385864890717, 40.768504195429429 ], [ -73.997155889492063, 40.767128696172968 ], [ -73.996457154050404, 40.768098815795817 ], [ -73.999735902478591, 40.769506177331714 ], [ -73.999472537340068, 40.769764214969328 ], [ -73.997071760393155, 40.768732643577003 ], [ -73.996571264395598, 40.769424568274111 ], [ -73.999026828329093, 40.77046327298229 ], [ -73.998762069143098, 40.770825056709398 ], [ -73.996313270220853, 40.769798836336633 ], [ -73.995424744362921, 40.771031615168134 ], [ -73.995899901009366, 40.771450298582288 ], [ -73.994935016589949, 40.771468146578165 ], [ -73.99711218538603, 40.772553236699707 ], [ -73.996909469027884, 40.772832945660141 ], [ -73.994774079308272, 40.771929547530391 ], [ -73.994445012933781, 40.772377126588452 ], [ -73.996448946676182, 40.773056841996961 ], [ -73.996143291330867, 40.773247541563663 ], [ -73.996677057847364, 40.773510053942402 ] ] ] } },
{ "type": "Feature", "properties": { "id": 51, "name": "Co-Op City", "borough": "Bronx" }, "geometry": { "type": "Polygon", "coordinates": [ [ [ -73.820916171999968, 40.868916934000083 ], [ -73.815787640999986, 40.865758061000086 ], [ -73.820375529999964, 40.861033005000102 ], [ -73.82444012099991, 40.859501384000097 ], [ -73.826996531999981, 40.859087786000053 ], [ -73.827994449999821, 40.86084018600009 ], [ -73.82954731199996, 40.862164087000117 ], [ -73.833159603999846, 40.868319756000126 ], [ -73.835657664999871, 40.867512756000131 ], [ -73.838292214999839, 40.872951339000139 ], [ -73.83746027699992, 40.873222650000073 ], [ -73.839247889999882, 40.876618738000104 ], [ -73.838148421999904, 40.876953299000107 ], [ -73.843241137999868, 40.879108913000103 ], [ -73.83664134299984, 40.882120025000106 ], [ -73.833422226000039, 40.884275396000099 ], [ -73.830653590999873, 40.884852939000091 ], [ -73.823871405999981, 40.88778362800015 ], [ -73.820774086999961, 40.886710603000076 ], [ -73.82023958299996, 40.885491051000059 ], [ -73.819925864999945, 40.882119333000063 ], [ -73.823295993999864, 40.873097418000071 ], [ -73.820916171999968, 40.868916934000083 ] ] ] } },
{ "type": "Feature", "properties": { "id": 52, "name": "Cobble Hill", "borough": "Brooklyn" }, "geometry": { "type": "Polygon", "coordinates": [ [ [ -73.992363669999847, 40.689690124000109 ], [ -73.996208462999903, 40.681723425000108 ], [ -74.000048651999975, 40.682803356000171 ], [ -73.999080660999937, 40.68481599200004 ], [ -74.000647379999961, 40.685253947000113 ], [ -73.997769243999926, 40.691194698000146 ], [ -73.992363669999847, 40.689690124000109 ] ] ] } },
{ "type": "Feature", "properties": { "id": 53, "name": "College Point", "borough": "Queens" }, "geometry": { "type": "MultiPolygon", "coordinates": [ [ [ [ -73.837870440509477, 40.798441908613384 ], [ -73.839190047271828, 40.797777266447888 ], [ -73.840258608091276, 40.797588858432306 ], [ -73.839970995900273, 40.796905641892437 ], [ -73.83840083088981, 40.796755258653619 ], [ -73.836632889116856, 40.792516375769459 ], [ -73.83922303099996, 40.793043046000101 ], [ -73.840678283000059, 40.793907892000142 ], [ -73.840815325999941, 40.791504885000094 ], [ -73.838956760999835, 40.791438431000145 ], [ -73.839005240999938, 40.790617322000131 ], [ -73.83992306199994, 40.790649902000105 ], [ -73.840081574999971, 40.787851531000115 ], [ -73.838244290999938, 40.787785916000153 ], [ -73.838699212999956, 40.781676957000066 ], [ -73.825137402999928, 40.78169970600014 ], [ -73.830000110999833, 40.773732407000161 ], [ -73.836140524999934, 40.769527374000134 ], [ -73.839131892817122, 40.765991105784352 ], [ -73.839697725490808, 40.766392677045538 ], [ -73.839753879820336, 40.767120445441073 ], [ -73.840311703152921, 40.766294797898624 ], [ -73.844913328460123, 40.765528388178716 ], [ -73.847805751044248, 40.766772948171813 ], [ -73.849012870790574, 40.769215304351462 ], [ -73.848601014251258, 40.769817825888119 ], [ -73.849504271784767, 40.769510223882449 ], [ -73.849774077932182, 40.769936012943148 ], [ -73.848726718243142, 40.770106189088942 ], [ -73.848671528688399, 40.770761572902735 ], [ -73.84994241882967, 40.771927193260034 ], [ -73.850338088185239, 40.771743668538953 ], [ -73.851301083744758, 40.771806360797896 ], [ -73.849951625173034, 40.77195829887733 ], [ -73.848976198671892, 40.773561667957189 ], [ -73.84895559325399, 40.777961673731539 ], [ -73.849933532961757, 40.778769123381231 ], [ -73.849636316335875, 40.779481920351763 ], [ -73.850947057242522, 40.779069155430449 ], [ -73.851487554803256, 40.778992978617772 ], [ -73.849817200660141, 40.779630348054354 ], [ -73.852352678812991, 40.779480672833529 ], [ -73.852320862422175, 40.779169284703912 ], [ -73.852388327784141, 40.779528902387092 ], [ -73.849821022597609, 40.77965133930406 ], [ -73.849553155500772, 40.779990415384205 ], [ -73.851690280854228, 40.779867508478361 ], [ -73.851670991622186, 40.780035228878305 ], [ -73.84949381208321, 40.780065828114445 ], [ -73.849889320817937, 40.781089134798577 ], [ -73.85093646396534, 40.781119575156197 ], [ -73.849887280637475, 40.781121511317103 ], [ -73.849836600142652, 40.78159962491646 ], [ -73.849187094184614, 40.781641811549697 ], [ -73.849547742659908, 40.781841078342985 ], [ -73.849252581828495, 40.78226477501422 ], [ -73.855282427865887, 40.781975384350183 ], [ -73.855450628349288, 40.783143079138497 ], [ -73.856311078026437, 40.783382166716287 ], [ -73.856649510905868, 40.782892319276613 ], [ -73.856841290146662, 40.783371363485408 ], [ -73.858083181033166, 40.783724078841864 ], [ -73.85797685542525, 40.784678164568341 ], [ -73.859523695059707, 40.785561954252856 ], [ -73.858990488050168, 40.785491599434884 ], [ -73.858128171584937, 40.78705156105849 ], [ -73.856811337654847, 40.786672613697348 ], [ -73.855958689130503, 40.787675178773959 ], [ -73.852842301338669, 40.788211371740118 ], [ -73.854801947331836, 40.788619154726099 ], [ -73.854471940712301, 40.79025897531973 ], [ -73.852658306930451, 40.791106420610525 ], [ -73.853778549106949, 40.792421274007204 ], [ -73.853733515937321, 40.793935375091287 ], [ -73.852766271983995, 40.794389247829493 ], [ -73.852630982562403, 40.794944854244925 ], [ -73.85159077157229, 40.794086531580632 ], [ -73.84906160835088, 40.793362610298708 ], [ -73.848559887389811, 40.795495060218542 ], [ -73.846245284063357, 40.796161950667248 ], [ -73.844599150444395, 40.794911549875323 ], [ -73.84354668938991, 40.79491394401068 ], [ -73.843306323869101, 40.795500933489116 ], [ -73.842848653223967, 40.795213401671859 ], [ -73.843284971941898, 40.796174392685231 ], [ -73.842808752412196, 40.795418222413296 ], [ -73.842259593683309, 40.795584968937547 ], [ -73.842866752593594, 40.796922229072116 ], [ -73.842167473411493, 40.795612940163785 ], [ -73.841587211743942, 40.79540106922142 ], [ -73.84129943545976, 40.796219669330149 ], [ -73.840139303644492, 40.796879187836254 ], [ -73.84041517975831, 40.797678437258924 ], [ -73.83920948324085, 40.797844314354116 ], [ -73.838429158291703, 40.798375671153536 ], [ -73.837870440509477, 40.798441908613384 ] ] ], [ [ [ -73.868099122578883, 40.78745866181859 ], [ -73.868130320000162, 40.78723277784438 ], [ -73.869234917329194, 40.785969914958343 ], [ -73.868099122578883, 40.78745866181859 ] ] ] ] } },
{ "type": "Feature", "properties": { "id": 54, "name": "Columbia Street", "borough": "Brooklyn" }, "geometry": { "type": "MultiPolygon", "coordinates": [ [ [ [ -74.001743620725023, 40.69240674985285 ], [ -74.004007959710876, 40.693208199632551 ], [ -74.003462180925297, 40.694057015074918 ], [ -74.00127014951309, 40.69329606183711 ], [ -74.001743620725023, 40.69240674985285 ] ] ], [ [ [ -74.001743620725023, 40.69240674985285 ], [ -73.997769243999926, 40.691194698000146 ], [ -74.003292312999989, 40.679643288000108 ], [ -74.005960410999876, 40.683362871000135 ], [ -74.004852416999967, 40.685668131000114 ], [ -74.007171096999897, 40.686357010000101 ], [ -74.007530831999929, 40.686074487000113 ], [ -74.007019886826427, 40.686526417194209 ], [ -74.005882241832211, 40.686195768893789 ], [ -74.005629863303952, 40.686784206043811 ], [ -74.007832937666791, 40.687385055162935 ], [ -74.007420121540918, 40.688206290436192 ], [ -74.005003733150645, 40.687605985401078 ], [ -74.004592705217661, 40.688215222986813 ], [ -74.00678438439806, 40.688826879958455 ], [ -74.006364612252611, 40.689669668637151 ], [ -74.00382038919723, 40.688929644699449 ], [ -74.00340921624516, 40.689613261160297 ], [ -74.005759006703443, 40.690236400016339 ], [ -74.005342096249095, 40.691091602978005 ], [ -74.0009615685494, 40.690128768350228 ], [ -74.000699058418746, 40.690611858419281 ], [ -74.004794152945522, 40.691761620374628 ], [ -74.004409412599756, 40.69252880038956 ], [ -74.001969385260736, 40.691843208317714 ], [ -74.001743620725023, 40.69240674985285 ] ] ], [ [ [ -74.008600723999905, 40.685909565000095 ], [ -74.012175966146359, 40.684095185628678 ], [ -74.008163205714155, 40.686173644858634 ], [ -74.008600723999905, 40.685909565000095 ] ] ] ] } },
{ "type": "Feature", "properties": { "id": 55, "name": "Coney Island", "borough": "Brooklyn" }, "geometry": { "type": "Polygon", "coordinates": [ [ [ -73.987101202999966, 40.584644592000089 ], [ -73.984927309999989, 40.584595953000111 ], [ -73.984821928999878, 40.584168523000116 ], [ -73.977425252999879, 40.582906593000146 ], [ -73.966615314999828, 40.584571037000124 ], [ -73.968889958999895, 40.575261239000056 ], [ -73.964711288999908, 40.574782618000022 ], [ -73.95941778299985, 40.575177983000131 ], [ -73.959391822236853, 40.573912109376323 ], [ -73.968390378288689, 40.573154442940279 ], [ -73.969451262023782, 40.572857280363401 ], [ -73.969246212155724, 40.572304075654728 ], [ -73.969558951517442, 40.572808580460951 ], [ -73.970853630743676, 40.572770515280034 ], [ -73.971350445874805, 40.572599460045453 ], [ -73.971183063557021, 40.571941899084358 ], [ -73.971607064523781, 40.572628223920027 ], [ -73.972496737470777, 40.572576256747595 ], [ -73.973345022298105, 40.572321214006259 ], [ -73.973249901151348, 40.571626686611829 ], [ -73.973732099711896, 40.572286925094211 ], [ -73.975470819027905, 40.571969003817124 ], [ -73.975405640942071, 40.57142104064075 ], [ -73.975925520915354, 40.572018657437738 ], [ -73.97730110158642, 40.571862385946602 ], [ -73.977670875238132, 40.571171020079234 ], [ -73.978075997982131, 40.571229570128871 ], [ -73.977715330724877, 40.571251913842445 ], [ -73.977807965186457, 40.571756200726476 ], [ -73.978454865111829, 40.571892204299409 ], [ -73.979846944694003, 40.57153931961038 ], [ -73.979443283676147, 40.571220925948182 ], [ -73.980325922260107, 40.571737702218762 ], [ -73.982040758525102, 40.571480370522622 ], [ -73.981571554234293, 40.571249988424995 ], [ -73.983672701532669, 40.571407057687559 ], [ -73.983404407376725, 40.570165544510907 ], [ -73.983043288837067, 40.570145860988234 ], [ -73.983360580392727, 40.569529994486878 ], [ -73.983839494892607, 40.570112467158182 ], [ -73.983488421466618, 40.570156030549285 ], [ -73.98375790448641, 40.571396227251086 ], [ -73.990262675274238, 40.570708340117449 ], [ -73.99079264766938, 40.570248648755715 ], [ -73.991193375236108, 40.570611874968485 ], [ -73.99518726085735, 40.570021877633302 ], [ -73.995764696770948, 40.570392962362646 ], [ -74.001064386345092, 40.570401541435629 ], [ -74.002011670539005, 40.570208758524394 ], [ -74.002085476397284, 40.569585983985199 ], [ -74.002487077376983, 40.571738388872639 ], [ -74.003031861648083, 40.57218559475924 ], [ -74.006669156326012, 40.573393648375522 ], [ -74.011156687292541, 40.57416676185904 ], [ -74.012015401911256, 40.57488505247435 ], [ -74.01302222952468, 40.577804459633704 ], [ -74.012350359292327, 40.579221821659246 ], [ -74.011173722943198, 40.58028397882542 ], [ -74.007958303674272, 40.581677050081623 ], [ -74.006047342358059, 40.581983653036012 ], [ -74.002205828768041, 40.581365886020528 ], [ -73.998219464959206, 40.581474377214491 ], [ -73.997808624569373, 40.580595800916072 ], [ -73.988142082904176, 40.57886596371398 ], [ -73.986695399970614, 40.579814908132704 ], [ -73.987021385776998, 40.580022764875409 ], [ -73.98588567394853, 40.581144424565004 ], [ -73.986045099162084, 40.581720685151772 ], [ -73.988009733767385, 40.579670687155968 ], [ -73.98995504960881, 40.58066166976581 ], [ -73.988299482999821, 40.583466747000067 ], [ -73.986544570999882, 40.583658591000152 ], [ -73.987101202999966, 40.584644592000089 ] ] ] } },
{ "type": "Feature", "properties": { "id": 56, "name": "Corona", "borough": "Queens" }, "geometry": { "type": "Polygon", "coordinates": [ [ [ -73.854425752999987, 40.748851726000076 ], [ -73.850115565999886, 40.740723563000152 ], [ -73.847801646999983, 40.740049677000066 ], [ -73.848236279999824, 40.739290401000162 ], [ -73.847508202999919, 40.739007807000135 ], [ -73.851870674999859, 40.73734292900015 ], [ -73.864621932999952, 40.734282757000123 ], [ -73.867562533999831, 40.74094188900014 ], [ -73.867909638999862, 40.744933716000098 ], [ -73.854425752999987, 40.748851726000076 ] ] ] } },
{ "type": "Feature", "properties": { "id": 57, "name": "Corona", "borough": "Queens" }, "geometry": { "type": "Polygon", "coordinates": [ [ [ -73.85086439699991, 40.749995642000059 ], [ -73.854425752999987, 40.748851726000076 ], [ -73.855834956, 40.751577272000084 ], [ -73.854555522999931, 40.751961919000095 ], [ -73.855799090999867, 40.754409528000139 ], [ -73.853126354999944, 40.755109343000072 ], [ -73.85086439699991, 40.749995642000059 ] ] ] } },
{ "type": "Feature", "properties": { "id": 58, "name": "Country Club", "borough": "Bronx" }, "geometry": { "type": "Polygon", "coordinates": [ [ [ -73.815071659042374, 40.849133619794699 ], [ -73.816128629934781, 40.847388856120027 ], [ -73.816026851149033, 40.846400458770219 ], [ -73.814645946975418, 40.847219613529226 ], [ -73.815703531894485, 40.846291340424038 ], [ -73.813686347381989, 40.847274325509233 ], [ -73.813563728616714, 40.84715141127873 ], [ -73.81490858203199, 40.846468764879184 ], [ -73.814423525798205, 40.84618782507259 ], [ -73.815026276042801, 40.845499995058603 ], [ -73.813188650724967, 40.846229536475391 ], [ -73.81403198219364, 40.845589297868088 ], [ -73.813632582326989, 40.845280769031547 ], [ -73.813359055850199, 40.845845499331233 ], [ -73.813289326928555, 40.845951022731832 ], [ -73.813212952442512, 40.845922939842033 ], [ -73.813618582670529, 40.8452750423887 ], [ -73.813259977246886, 40.845233990458404 ], [ -73.812849399585232, 40.846318799498405 ], [ -73.813243263509179, 40.845235908352748 ], [ -73.813100506268455, 40.845172414533458 ], [ -73.812877035975802, 40.845134667946084 ], [ -73.813155970442438, 40.845212100376521 ], [ -73.812855369576326, 40.845186285461651 ], [ -73.812414453281278, 40.846559380748964 ], [ -73.812277909004834, 40.846543458279477 ], [ -73.812857743379396, 40.845129544589319 ], [ -73.812544578156192, 40.844979598008443 ], [ -73.811884588447697, 40.846594967061407 ], [ -73.812436250606694, 40.846737712075743 ], [ -73.811699718236653, 40.846681700813832 ], [ -73.812661413490488, 40.84420764950103 ], [ -73.813117950235664, 40.844787603569841 ], [ -73.812549091207089, 40.844952275146255 ], [ -73.813655806658801, 40.845059122465884 ], [ -73.814144620491845, 40.844818173262929 ], [ -73.813699792878026, 40.844848456863573 ], [ -73.814170975642057, 40.844639947154917 ], [ -73.813369917884515, 40.843800827878084 ], [ -73.814374582525446, 40.843088925999602 ], [ -73.815697929480748, 40.844386428113083 ], [ -73.816311103902166, 40.843979534121004 ], [ -73.817500729744239, 40.844367444910553 ], [ -73.818237227462021, 40.844355041712824 ], [ -73.816626773250945, 40.843944898560437 ], [ -73.815723001319981, 40.84253656598711 ], [ -73.815171136648729, 40.842577161624028 ], [ -73.815702078464071, 40.84251972168979 ], [ -73.815262633976559, 40.841259839423167 ], [ -73.814733458175326, 40.841375728310979 ], [ -73.815234048872455, 40.841009641496719 ], [ -73.81480646696015, 40.839804367389206 ], [ -73.814365965024862, 40.839865363765142 ], [ -73.814723196844824, 40.839588886600204 ], [ -73.814315788000812, 40.839649526509689 ], [ -73.814309001336824, 40.839622416379477 ], [ -73.816264706409029, 40.83826365571732 ], [ -73.816060682173244, 40.836030196228613 ], [ -73.824633465000034, 40.833855808000109 ], [ -73.825158839000053, 40.834614472000119 ], [ -73.826012526000028, 40.834020778000038 ], [ -73.826220878000029, 40.834354708000049 ], [ -73.825404825999769, 40.83565927500014 ], [ -73.826241329999959, 40.842993594000092 ], [ -73.825179989999981, 40.842700059000073 ], [ -73.824956976999857, 40.846105445000049 ], [ -73.820484055999827, 40.848501026000157 ], [ -73.820140437000035, 40.848020599000087 ], [ -73.815071659042374, 40.849133619794699 ] ] ] } },
{ "type": "Feature", "properties": { "id": 59, "name": "Crotona Park", "borough": "Bronx" }, "geometry": { "type": "Polygon", "coordinates": [ [ [ -73.896661616999879, 40.843524607000113 ], [ -73.88869040799986, 40.839158026000071 ], [ -73.888137521999923, 40.839862002000096 ], [ -73.886598022999891, 40.839279050000094 ], [ -73.887303732000021, 40.838127191000147 ], [ -73.888411871999963, 40.83855339100009 ], [ -73.890573632999832, 40.836901048000101 ], [ -73.893856242999945, 40.83639510200009 ], [ -73.896972202999947, 40.834345254000091 ], [ -73.901215783999902, 40.835410141000075 ], [ -73.896661616999879, 40.843524607000113 ] ] ] } },
{ "type": "Feature", "properties": { "id": 60, "name": "Crotona Park East", "borough": "Bronx" }, "geometry": { "type": "Polygon", "coordinates": [ [ [ -73.880061996, 40.840162235000022 ], [ -73.872772046999813, 40.839751282000158 ], [ -73.873795901999927, 40.837445133000088 ], [ -73.874908511, 40.837359610000185 ], [ -73.874822281999855, 40.836859480000051 ], [ -73.877565245999961, 40.835818752000087 ], [ -73.879252394999924, 40.834424790000092 ], [ -73.880051884999872, 40.834702059000094 ], [ -73.883900948000033, 40.829802816000075 ], [ -73.883520187999906, 40.82926018100013 ], [ -73.884613359999975, 40.825276503000097 ], [ -73.884398548999897, 40.82296557600008 ], [ -73.887534295999856, 40.822509339000135 ], [ -73.886475528999881, 40.825285424000114 ], [ -73.886012626999914, 40.828238531000125 ], [ -73.887613078999905, 40.829337419000105 ], [ -73.889911064999893, 40.830124192000063 ], [ -73.893360418, 40.830152531000145 ], [ -73.894692052, 40.83061909400007 ], [ -73.897172209999823, 40.830368833000165 ], [ -73.896302, 40.833543218000081 ], [ -73.896972202999947, 40.834345254000091 ], [ -73.89408527499981, 40.836297347000098 ], [ -73.890739754999899, 40.83682930900013 ], [ -73.888411871999963, 40.83855339100009 ], [ -73.887303732000021, 40.838127191000147 ], [ -73.886184320999917, 40.840105044000055 ], [ -73.882747698999921, 40.838592341000087 ], [ -73.882003841000014, 40.837443782000094 ], [ -73.880061996, 40.840162235000022 ] ] ] } },
{ "type": "Feature", "properties": { "id": 61, "name": "Crown Heights North", "borough": "Brooklyn" }, "geometry": { "type": "Polygon", "coordinates": [ [ [ -73.929161306999916, 40.683436324000112 ], [ -73.929008839999852, 40.682702905000106 ], [ -73.922813742999949, 40.683414430000099 ], [ -73.921646663999923, 40.678869923000128 ], [ -73.922752571999979, 40.667097333000079 ], [ -73.928722045999848, 40.664495569000074 ], [ -73.928684043999908, 40.665086023000143 ], [ -73.936983623999922, 40.665535508000147 ], [ -73.936749469999981, 40.668127371000111 ], [ -73.947818574999843, 40.668783754000096 ], [ -73.947729962999901, 40.669713442000095 ], [ -73.955269636999972, 40.670124905000087 ], [ -73.961318779999914, 40.671406676000089 ], [ -73.960074283000012, 40.674878071000137 ], [ -73.963182388999826, 40.675529504000075 ], [ -73.961346558999935, 40.680463524000089 ], [ -73.955293615999963, 40.679203151000038 ], [ -73.955436815999846, 40.679957855000119 ], [ -73.953281873999956, 40.680200031000034 ], [ -73.953370174999904, 40.680640508000081 ], [ -73.934350664999926, 40.679563408000099 ], [ -73.935008216999918, 40.682763768000051 ], [ -73.929161306999916, 40.683436324000112 ] ] ] } },
{ "type": "Feature", "properties": { "id": 62, "name": "Crown Heights South", "borough": "Brooklyn" }, "geometry": { "type": "Polygon", "coordinates": [ [ [ -73.929167521999972, 40.664299532000086 ], [ -73.930684654999851, 40.663620477000123 ], [ -73.942828921999919, 40.662847486000089 ], [ -73.942696289999887, 40.66405512900014 ], [ -73.945462936999832, 40.664226104000072 ], [ -73.957209354999961, 40.663517397000113 ], [ -73.957291726999912, 40.664302633000055 ], [ -73.95787061899992, 40.664273358000123 ], [ -73.960336828999814, 40.664108698000156 ], [ -73.96095595499996, 40.663285055000109 ], [ -73.962587848999959, 40.671711597000083 ], [ -73.955269636999972, 40.670124905000087 ], [ -73.947729962999901, 40.669713442000095 ], [ -73.947818574999843, 40.668783754000096 ], [ -73.936749469999981, 40.668127371000111 ], [ -73.936983623999922, 40.665535508000147 ], [ -73.928684044999926, 40.665086023000114 ], [ -73.929167521999972, 40.664299532000086 ] ] ] } },
{ "type": "Feature", "properties": { "id": 63, "name": "Cypress Hills", "borough": "Brooklyn" }, "geometry": { "type": "Polygon", "coordinates": [ [ [ -73.868684542999887, 40.694034692000095 ], [ -73.866026667999918, 40.681918052000128 ], [ -73.864100967000027, 40.682372850000078 ], [ -73.863286408000036, 40.679077197000048 ], [ -73.862345804999833, 40.679164786000136 ], [ -73.861062949999891, 40.674342935000034 ], [ -73.861764096999849, 40.674232260000103 ], [ -73.872310180000014, 40.677755747000063 ], [ -73.875316275999978, 40.680110984000081 ], [ -73.876889551999852, 40.680164997000141 ], [ -73.880613777999926, 40.679110032000075 ], [ -73.881167303000041, 40.681353663000081 ], [ -73.884892546999879, 40.680811116000015 ], [ -73.88467046600006, 40.679940285000086 ], [ -73.889874391999982, 40.678302150000071 ], [ -73.896217736999859, 40.677358184000099 ], [ -73.896536764999894, 40.678593581000058 ], [ -73.9000462609999, 40.676893090000156 ], [ -73.904046397999892, 40.679220598000057 ], [ -73.9026226229999, 40.680664503000088 ], [ -73.900470011000024, 40.679535244000114 ], [ -73.897862998999855, 40.679875011000057 ], [ -73.896978862999973, 40.680670327000108 ], [ -73.895997272999978, 40.68319687900005 ], [ -73.894174632999921, 40.685283248000097 ], [ -73.892523167999954, 40.683424533000057 ], [ -73.890154186999823, 40.685003990000055 ], [ -73.889627875999977, 40.684236454000072 ], [ -73.88452250999984, 40.686684749000065 ], [ -73.883776986000015, 40.687863411000102 ], [ -73.879506411999955, 40.691146769000071 ], [ -73.874020531999918, 40.694191295000145 ], [ -73.868917043999943, 40.695150423000072 ], [ -73.868424896999898, 40.694718119000115 ], [ -73.868684542999887, 40.694034692000095 ] ] ] } },
{ "type": "Feature", "properties": { "id": 64, "name": "Douglaston", "borough": "Queens" }, "geometry": { "type": "Polygon", "coordinates": [ [ [ -73.750805936068772, 40.782893378834146 ], [ -73.723059241862586, 40.766144406157252 ], [ -73.713518281860416, 40.759837730916374 ], [ -73.717672370999964, 40.759311212000085 ], [ -73.720315952999982, 40.757897258000142 ], [ -73.723266734999982, 40.753947599000135 ], [ -73.727713561999948, 40.750626895000089 ], [ -73.729066709999785, 40.747390959000079 ], [ -73.731064618999895, 40.744888376000077 ], [ -73.734369658999796, 40.742351599000095 ], [ -73.738571758999981, 40.74009212300011 ], [ -73.740169517999931, 40.73848189800006 ], [ -73.741281138999881, 40.738788692000149 ], [ -73.743068207999912, 40.738440818000093 ], [ -73.743961935999877, 40.740789126000109 ], [ -73.749968042999868, 40.739745753000143 ], [ -73.750982301, 40.740021463000076 ], [ -73.753473, 40.742404844000127 ], [ -73.748876972999938, 40.743288375000141 ], [ -73.74477587099986, 40.743281097000121 ], [ -73.746259843999852, 40.746711475000119 ], [ -73.74384322099985, 40.747690096000078 ], [ -73.745779487999982, 40.751560805000125 ], [ -73.747098853999901, 40.752346829000082 ], [ -73.747741164999852, 40.753849945000105 ], [ -73.747111138999912, 40.754173286000125 ], [ -73.750047644999853, 40.758404658000174 ], [ -73.750577106999842, 40.758014895000102 ], [ -73.751155829999831, 40.759069769000092 ], [ -73.752302593999929, 40.759455199000115 ], [ -73.753209971999951, 40.758244873000102 ], [ -73.755116483999942, 40.758479498000128 ], [ -73.755837132999872, 40.757742062000133 ], [ -73.756820621999964, 40.759734806000033 ], [ -73.758001317999955, 40.760379867000076 ], [ -73.758480750999951, 40.761994737000109 ], [ -73.757848586999927, 40.762566800000123 ], [ -73.758446720999871, 40.764115146000037 ], [ -73.758864313999879, 40.763274541000136 ], [ -73.75921689799992, 40.764324856000073 ], [ -73.753770364822586, 40.765304631741628 ], [ -73.752192615365061, 40.763830418515262 ], [ -73.751074322525483, 40.761763671336411 ], [ -73.748612250725614, 40.760927803076179 ], [ -73.747535134750621, 40.759857196187504 ], [ -73.746559818679287, 40.759339147688607 ], [ -73.746261363136611, 40.757774541449287 ], [ -73.746103342528812, 40.757679382258615 ], [ -73.74577582220617, 40.757848636632382 ], [ -73.744558640307773, 40.75655788583272 ], [ -73.744866183386492, 40.757204304879181 ], [ -73.745759849542054, 40.757913517108832 ], [ -73.746311967054865, 40.758054814022955 ], [ -73.746162243718871, 40.759024799277086 ], [ -73.748158659046169, 40.760726377280399 ], [ -73.748374564394638, 40.761558789630975 ], [ -73.749362033490684, 40.761844520340439 ], [ -73.749173944623777, 40.761377744828117 ], [ -73.750570493653001, 40.761915474821691 ], [ -73.75507210849031, 40.767533106787617 ], [ -73.754393882693407, 40.76875346274884 ], [ -73.755573326493206, 40.771529125922889 ], [ -73.754380747575368, 40.772041271642387 ], [ -73.753366919992928, 40.773207847763558 ], [ -73.755185753943152, 40.776498070830407 ], [ -73.754813228934253, 40.777619032305779 ], [ -73.75551781604716, 40.777584144020125 ], [ -73.755517375817917, 40.77770404836437 ], [ -73.75455791105837, 40.777776590664494 ], [ -73.75299839296423, 40.781289489522294 ], [ -73.750805936068772, 40.782893378834146 ] ] ] } },
{ "type": "Feature", "properties": { "id": 65, "name": "Downtown Brooklyn/MetroTech", "borough": "Brooklyn" }, "geometry": { "type": "Polygon", "coordinates": [ [ [ -73.990932017999839, 40.700766216000083 ], [ -73.986793828999922, 40.700633223000111 ], [ -73.986968922999935, 40.69850361400016 ], [ -73.983051470999882, 40.698377934000085 ], [ -73.983117939999886, 40.697542043000126 ], [ -73.980509261999885, 40.697446275000104 ], [ -73.980135180999923, 40.694698017000142 ], [ -73.979167184, 40.693488323000111 ], [ -73.982511229999886, 40.693614334000124 ], [ -73.982539836999919, 40.69300261600015 ], [ -73.981758889999895, 40.692955173000087 ], [ -73.982131801999941, 40.691227237000078 ], [ -73.98147568199991, 40.689930944000061 ], [ -73.983720110999926, 40.690006719000124 ], [ -73.990971868999935, 40.692548800000139 ], [ -73.990444740999976, 40.693828251000099 ], [ -73.991422897999925, 40.697780993000073 ], [ -73.990932017999839, 40.700766216000083 ] ] ] } },
{ "type": "Feature", "properties": { "id": 66, "name": "DUMBO/Vinegar Hill", "borough": "Brooklyn" }, "geometry": { "type": "Polygon", "coordinates": [ [ [ -73.979060848699589, 40.705946029005901 ], [ -73.980740794999932, 40.701277310000172 ], [ -73.980404824999837, 40.700699006000114 ], [ -73.980509261999885, 40.697446275000104 ], [ -73.983117941, 40.697542043000098 ], [ -73.983051470999882, 40.698377934000085 ], [ -73.986968922999935, 40.69850361400016 ], [ -73.986793827999961, 40.700633223000139 ], [ -73.990932017999839, 40.700766216000083 ], [ -73.992860161999786, 40.702202767000095 ], [ -73.995445643120689, 40.703275305471998 ], [ -73.994662903436023, 40.703430608056749 ], [ -73.995029259164426, 40.703808200868231 ], [ -73.994776143534537, 40.704245861052627 ], [ -73.993508814036048, 40.704623505274185 ], [ -73.99212703535072, 40.704689642033692 ], [ -73.991861591893169, 40.704086642104528 ], [ -73.990947553507937, 40.704032442139386 ], [ -73.990227211960061, 40.704934044487281 ], [ -73.988303322085315, 40.704540468955237 ], [ -73.987956764915026, 40.705134217412677 ], [ -73.986529730120878, 40.704979099173961 ], [ -73.986434298266616, 40.705348607419729 ], [ -73.983438062609409, 40.705644094924054 ], [ -73.980925103059718, 40.70536925510045 ], [ -73.980906346688073, 40.705906059210399 ], [ -73.979060848699589, 40.705946029005901 ] ] ] } },
{ "type": "Feature", "properties": { "id": 67, "name": "Dyker Heights", "borough": "Brooklyn" }, "geometry": { "type": "Polygon", "coordinates": [ [ [ -74.015146306999952, 40.633221938000119 ], [ -74.010003407999946, 40.630113089000105 ], [ -74.007023024999967, 40.632109995000143 ], [ -74.001930113999975, 40.629032767000083 ], [ -74.002514547999965, 40.628474210000064 ], [ -73.997240670999872, 40.625288687000129 ], [ -73.997713589999975, 40.623680270000158 ], [ -73.999320902999983, 40.624655247000156 ], [ -74.017019101999949, 40.607654417000134 ], [ -74.015498549999975, 40.606841524000131 ], [ -74.018691356999881, 40.603607924000158 ], [ -74.021299491999983, 40.604428323000072 ], [ -74.020785408999956, 40.605673686000095 ], [ -74.022477694999935, 40.60667421600008 ], [ -74.021506028999937, 40.607822099000117 ], [ -74.024304375999961, 40.609456970000103 ], [ -74.024578554999906, 40.610223302000115 ], [ -74.024783762999988, 40.609699629000033 ], [ -74.027106605999947, 40.610243956000112 ], [ -74.02637609099996, 40.61245060300012 ], [ -74.027542972999981, 40.612937183000071 ], [ -74.025253271999915, 40.616678458000145 ], [ -74.020086673, 40.622420952000056 ], [ -74.01970491599991, 40.622184965000109 ], [ -74.015146306999952, 40.633221938000119 ] ] ] } },
{ "type": "Feature", "properties": { "id": 68, "name": "East Chelsea", "borough": "Manhattan" }, "geometry": { "type": "Polygon", "coordinates": [ [ [ -73.991632712999959, 40.754706805000147 ], [ -74.002523813999943, 40.739752644000092 ], [ -74.008204018999876, 40.742147518000053 ], [ -73.997306714999979, 40.757110507000085 ], [ -73.991632712999959, 40.754706805000147 ] ] ] } },
{ "type": "Feature", "properties": { "id": 69, "name": "East Concourse/Concourse Village", "borough": "Bronx" }, "geometry": { "type": "Polygon", "coordinates": [ [ [ -73.911694302999834, 40.827758716000119 ], [ -73.911309744999926, 40.824848558000092 ], [ -73.91316674499997, 40.825456455000094 ], [ -73.913511916999809, 40.824804944000107 ], [ -73.915411081999977, 40.825773909000105 ], [ -73.916613684999845, 40.824992308000112 ], [ -73.916087828999835, 40.82483785200008 ], [ -73.922652611999951, 40.820494315000104 ], [ -73.925184864999977, 40.818012669000083 ], [ -73.927316530999988, 40.818559634000103 ], [ -73.919860893999854, 40.831947227000114 ], [ -73.91371372699993, 40.838808935000095 ], [ -73.91193751499992, 40.843202388000094 ], [ -73.905148939999876, 40.842547195000144 ], [ -73.905383580999853, 40.839768983000091 ], [ -73.910490106999916, 40.830737373000076 ], [ -73.908959903, 40.830226233000069 ], [ -73.911694302999834, 40.827758716000119 ] ] ] } },
{ "type": "Feature", "properties": { "id": 70, "name": "East Elmhurst", "borough": "Queens" }, "geometry": { "type": "Polygon", "coordinates": [ [ [ -73.859123758999871, 40.761275499000149 ], [ -73.856039808999938, 40.759725787000036 ], [ -73.854495932999868, 40.758278639000039 ], [ -73.875138743000036, 40.756633816000111 ], [ -73.876013718999957, 40.76144373200011 ], [ -73.874995750999858, 40.761264322000116 ], [ -73.876387924000014, 40.768999558000154 ], [ -73.876089496999839, 40.771536903000069 ], [ -73.87143357299982, 40.771576467000067 ], [ -73.868098735, 40.770172009000134 ], [ -73.863402149, 40.766455512000078 ], [ -73.859123758999871, 40.761275499000149 ] ] ] } },
{ "type": "Feature", "properties": { "id": 71, "name": "East Flatbush/Farragut", "borough": "Brooklyn" }, "geometry": { "type": "Polygon", "coordinates": [ [ [ -73.931907438, 40.656537653000129 ], [ -73.931391166999902, 40.651689608000112 ], [ -73.930381443999977, 40.651734054000045 ], [ -73.929106230999849, 40.639795106000115 ], [ -73.925743893999851, 40.640014466000054 ], [ -73.926524908999923, 40.636492723000082 ], [ -73.927448222999857, 40.635258410000056 ], [ -73.9372670019998, 40.634650625000091 ], [ -73.937017462000028, 40.63231097900011 ], [ -73.944628854999948, 40.631837735000111 ], [ -73.94537272499997, 40.638786955000064 ], [ -73.948264996999825, 40.638607190000116 ], [ -73.948413434000031, 40.63998746400015 ], [ -73.94744296799982, 40.640047665000097 ], [ -73.947789946999762, 40.643305736000094 ], [ -73.945868791999885, 40.643423744000067 ], [ -73.946674144999832, 40.650948119000141 ], [ -73.945706061999843, 40.651006784000096 ], [ -73.946066905999828, 40.654410262000098 ], [ -73.947032575999984, 40.65433871400009 ], [ -73.947158962999836, 40.655593787000107 ], [ -73.931907438, 40.656537653000129 ] ] ] } },
{ "type": "Feature", "properties": { "id": 72, "name": "East Flatbush/Remsen Village", "borough": "Brooklyn" }, "geometry": { "type": "Polygon", "coordinates": [ [ [ -73.920213130999841, 40.659975441000071 ], [ -73.919594797999807, 40.661995679000036 ], [ -73.912364588999949, 40.655513565000042 ], [ -73.910122556999951, 40.655851771000137 ], [ -73.909334992999973, 40.652808592000085 ], [ -73.908557904999952, 40.652095938000066 ], [ -73.919950629999988, 40.644707630000092 ], [ -73.919737369999865, 40.642778148000069 ], [ -73.923326545999856, 40.639900216000107 ], [ -73.92356525899983, 40.642499298000089 ], [ -73.925382330999852, 40.642384532000065 ], [ -73.925743894999869, 40.640014466000032 ], [ -73.92910623199991, 40.639795106000093 ], [ -73.930381442999945, 40.651734054000066 ], [ -73.931391166999902, 40.651689608000112 ], [ -73.931907438999886, 40.65653765300015 ], [ -73.927994651999882, 40.656802101000068 ], [ -73.928340175999864, 40.660060036000075 ], [ -73.927255053999943, 40.659337564000076 ], [ -73.926464242999828, 40.659814362000148 ], [ -73.930684654999851, 40.663620477000123 ], [ -73.926379704999917, 40.665514892000104 ], [ -73.920213130999841, 40.659975441000071 ] ] ] } },
{ "type": "Feature", "properties": { "id": 73, "name": "East Flushing", "borough": "Queens" }, "geometry": { "type": "Polygon", "coordinates": [ [ [ -73.794719010999899, 40.750647617000098 ], [ -73.797295247999884, 40.74943505300012 ], [ -73.794675687999799, 40.747211928000134 ], [ -73.803352141999895, 40.746431965000077 ], [ -73.802766292999962, 40.748122145000082 ], [ -73.802876664999872, 40.749765149000048 ], [ -73.807505992999907, 40.750136587000128 ], [ -73.814161720999977, 40.746138580000036 ], [ -73.820849288, 40.752241545000082 ], [ -73.818407828999895, 40.753830422000163 ], [ -73.820300677, 40.755514980000115 ], [ -73.817892456999914, 40.7570863380001 ], [ -73.820635932999849, 40.758872268000083 ], [ -73.811049631999836, 40.761417021000142 ], [ -73.799400888999884, 40.759397219000128 ], [ -73.794932461999935, 40.757798030000124 ], [ -73.794719010999899, 40.750647617000098 ] ] ] } },
{ "type": "Feature", "properties": { "id": 74, "name": "East Harlem North", "borough": "Manhattan" }, "geometry": { "type": "MultiPolygon", "coordinates": [ [ [ [ -73.933830892871072, 40.819521063761741 ], [ -73.934120734842921, 40.808656451977626 ], [ -73.930306410125382, 40.803788035634071 ], [ -73.929034902403032, 40.801080903852139 ], [ -73.929036401796196, 40.796762594101516 ], [ -73.930068810355436, 40.794700828605635 ], [ -73.935053000027665, 40.791687202954655 ], [ -73.937736120999801, 40.792815804000142 ], [ -73.938648832999874, 40.791557755000085 ], [ -73.943272511999965, 40.793488103000136 ], [ -73.941876046999937, 40.795405869000035 ], [ -73.948311255000036, 40.798129218000106 ], [ -73.944597512999977, 40.803228145000119 ], [ -73.94613131, 40.803877358000115 ], [ -73.944301945999911, 40.806390825000129 ], [ -73.942753671999938, 40.805744013000059 ], [ -73.941771401999901, 40.807089000000161 ], [ -73.938544078999882, 40.805729653000093 ], [ -73.935807801999857, 40.80949763800006 ], [ -73.939017532999983, 40.810856557000093 ], [ -73.934074639999963, 40.817826514000103 ], [ -73.934400399999859, 40.819667783000092 ], [ -73.933830892871072, 40.819521063761741 ] ] ], [ [ [ -73.926886060220014, 40.800840648369054 ], [ -73.926509548836407, 40.800657031262418 ], [ -73.927046402979144, 40.800651743031509 ], [ -73.926886060220014, 40.800840648369054 ] ] ], [ [ [ -73.92711464230625, 40.800563756229757 ], [ -73.926695726147713, 40.800146977076416 ], [ -73.927247707892704, 40.800392957369105 ], [ -73.92711464230625, 40.800563756229757 ] ] ], [ [ [ -73.926720911689671, 40.800414210943792 ], [ -73.926538464450161, 40.800333898154129 ], [ -73.926742638929767, 40.800403498972962 ], [ -73.926720911689671, 40.800414210943792 ] ] ], [ [ [ -73.927382636244957, 40.797377063580655 ], [ -73.927671226208574, 40.797217014266415 ], [ -73.927706941270628, 40.797298663882316 ], [ -73.927382636244957, 40.797377063580655 ] ] ] ] } },
{ "type": "Feature", "properties": { "id": 75, "name": "East Harlem South", "borough": "Manhattan" }, "geometry": { "type": "Polygon", "coordinates": [ [ [ -73.943272511999965, 40.793488103000136 ], [ -73.938648832999874, 40.791557755000085 ], [ -73.937736120999801, 40.792815804000142 ], [ -73.935053000027665, 40.791687202954655 ], [ -73.937081043823071, 40.789366395710189 ], [ -73.936218598699426, 40.788800497574492 ], [ -73.937149654610991, 40.789168449059609 ], [ -73.938115700897328, 40.787184762756624 ], [ -73.939826196964603, 40.785256552415646 ], [ -73.943544207062232, 40.782880524162792 ], [ -73.955777358999896, 40.787913924000144 ], [ -73.948311255000036, 40.798129218000106 ], [ -73.941876046999937, 40.795405869000035 ], [ -73.943272511999965, 40.793488103000136 ] ] ] } },
{ "type": "Feature", "properties": { "id": 76, "name": "East New York", "borough": "Brooklyn" }, "geometry": { "type": "Polygon", "coordinates": [ [ [ -73.880639005999825, 40.679176985000055 ], [ -73.876889551999852, 40.680164997000141 ], [ -73.875071363999908, 40.680035146000101 ], [ -73.872310180000014, 40.677755747000063 ], [ -73.861764096999877, 40.674232261000114 ], [ -73.861062949999891, 40.674342935000034 ], [ -73.860389379000011, 40.671268775000073 ], [ -73.857633231999984, 40.671656194000029 ], [ -73.855684611999877, 40.663867492000122 ], [ -73.858429508999919, 40.663453360000062 ], [ -73.857610527999853, 40.660108356000109 ], [ -73.860359781999904, 40.659645829000112 ], [ -73.863170832999955, 40.658276512000128 ], [ -73.862697782997657, 40.657618309006345 ], [ -73.863276230685855, 40.656941215328295 ], [ -73.862641173431598, 40.655667537007893 ], [ -73.860989173769454, 40.655209767052753 ], [ -73.859755336866328, 40.654104176095125 ], [ -73.85695870295892, 40.650587373487319 ], [ -73.857524293743495, 40.649996190231548 ], [ -73.858403153410137, 40.647003901237561 ], [ -73.857169782982055, 40.64367855888618 ], [ -73.862894632243837, 40.642550679682635 ], [ -73.866704119737832, 40.640021763495689 ], [ -73.865353899691115, 40.63895129367598 ], [ -73.865632473913337, 40.638786763623102 ], [ -73.868672828950821, 40.640925079203555 ], [ -73.870614924610663, 40.644856741886933 ], [ -73.872570431028919, 40.645575612359863 ], [ -73.879216582309027, 40.654591083773184 ], [ -73.879719790342918, 40.654375929776542 ], [ -73.873185933309372, 40.645445013361758 ], [ -73.873270312552364, 40.643903214345102 ], [ -73.870085442244331, 40.639844181366449 ], [ -73.869895833862472, 40.638934528919734 ], [ -73.86799709668125, 40.638115265209784 ], [ -73.869609721365592, 40.637085534608907 ], [ -73.869208461106297, 40.637465809261194 ], [ -73.869559024903026, 40.637947484327697 ], [ -73.873479391545018, 40.636285545798984 ], [ -73.877158633277929, 40.6386713240815 ], [ -73.878415894069249, 40.638912189353519 ], [ -73.874580810999902, 40.645610106000134 ], [ -73.876103980000039, 40.646214789000105 ], [ -73.882213648999937, 40.654518638000155 ], [ -73.890005891999877, 40.651148697000117 ], [ -73.893546770999876, 40.655202714000069 ], [ -73.897610132999873, 40.653453816000123 ], [ -73.895861549, 40.651880527000074 ], [ -73.903982005999907, 40.646628568000075 ], [ -73.909448463999937, 40.651521599000112 ], [ -73.907400356999986, 40.652843990000086 ], [ -73.907843463999939, 40.654591530000083 ], [ -73.903178583999932, 40.655311634000107 ], [ -73.900394866999903, 40.657184205000128 ], [ -73.896125872999932, 40.657814664000128 ], [ -73.881855572999854, 40.66414998800014 ], [ -73.883308833999749, 40.66611200500008 ], [ -73.888108173999939, 40.664047412000102 ], [ -73.889906696, 40.663778290000046 ], [ -73.890693853999849, 40.66685223400011 ], [ -73.889769885999854, 40.666989915000102 ], [ -73.890878051000016, 40.67131808700006 ], [ -73.892710907000037, 40.671045828000103 ], [ -73.893670363999874, 40.674821771000069 ], [ -73.899306753999866, 40.673982042000112 ], [ -73.900046261999933, 40.676893090000164 ], [ -73.896536764999894, 40.678593581000058 ], [ -73.896217736999859, 40.677358184000099 ], [ -73.889874391999982, 40.678302150000071 ], [ -73.88467046600006, 40.679940285000086 ], [ -73.884892546999879, 40.680811116000015 ], [ -73.881167303000041, 40.681353663000081 ], [ -73.880639005999825, 40.679176985000055 ] ] ] } },
{ "type": "Feature", "properties": { "id": 77, "name": "East New York/Pennsylvania Avenue", "borough": "Brooklyn" }, "geometry": { "type": "Polygon", "coordinates": [ [ [ -73.900046261999933, 40.676893090000164 ], [ -73.899306753999866, 40.673982042000112 ], [ -73.893670363999874, 40.674821771000069 ], [ -73.892710906999923, 40.671045829000128 ], [ -73.890878051000016, 40.67131808700006 ], [ -73.889769885999854, 40.666989915000102 ], [ -73.890693853999849, 40.66685223400011 ], [ -73.889906696, 40.663778290000046 ], [ -73.888108173999939, 40.664047412000102 ], [ -73.883308833999749, 40.66611200500008 ], [ -73.881855572999854, 40.66414998800014 ], [ -73.896125873999836, 40.657814664000107 ], [ -73.89880698499995, 40.657406662000071 ], [ -73.89965233299985, 40.660735416000136 ], [ -73.900661186999855, 40.660586158000115 ], [ -73.901451147000017, 40.663658365000131 ], [ -73.90041654099997, 40.663806527000141 ], [ -73.90347422300006, 40.675506683000052 ], [ -73.900046261999933, 40.676893090000164 ] ] ] } },
{ "type": "Feature", "properties": { "id": 78, "name": "East Tremont", "borough": "Bronx" }, "geometry": { "type": "Polygon", "coordinates": [ [ [ -73.88963328299991, 40.853173818000123 ], [ -73.889878713999849, 40.852070221000147 ], [ -73.882761047999921, 40.848057846000096 ], [ -73.877329240999885, 40.843983125000136 ], [ -73.878171756, 40.842624437000069 ], [ -73.874591753999823, 40.841520648000127 ], [ -73.873992954999821, 40.842561506000123 ], [ -73.871092078999951, 40.844324781000111 ], [ -73.868892432999942, 40.848112322000084 ], [ -73.869414026999962, 40.848788025000069 ], [ -73.869209445999971, 40.849238372000116 ], [ -73.867859929999838, 40.848864931000065 ], [ -73.868354658999834, 40.847080233000106 ], [ -73.868926526999942, 40.846881741000139 ], [ -73.868637216999872, 40.845309843000109 ], [ -73.868042003999975, 40.844813839000089 ], [ -73.870995181000012, 40.843111392000132 ], [ -73.873597135999873, 40.839798555000129 ], [ -73.880061996, 40.840162235000022 ], [ -73.882003841000014, 40.837443782000094 ], [ -73.882747698999921, 40.838592341000087 ], [ -73.886184320999931, 40.840105045000087 ], [ -73.886598022999891, 40.839279050000094 ], [ -73.888137521999923, 40.839862002000096 ], [ -73.88869040799986, 40.839158026000071 ], [ -73.889417248999877, 40.839422734000046 ], [ -73.895378360999956, 40.842938779000129 ], [ -73.892901022999951, 40.8462683300001 ], [ -73.896177129999984, 40.846658321000085 ], [ -73.894072589999951, 40.850713189000103 ], [ -73.894787649999927, 40.851081667000081 ], [ -73.893071409000015, 40.853249987000098 ], [ -73.892166873999813, 40.852769462000083 ], [ -73.890389539999831, 40.854689058000162 ], [ -73.88963328299991, 40.853173818000123 ] ] ] } },
{ "type": "Feature", "properties": { "id": 79, "name": "East Village", "borough": "Manhattan" }, "geometry": { "type": "Polygon", "coordinates": [ [ [ -73.98377990999991, 40.721535954000124 ], [ -73.992603221999943, 40.724136450000053 ], [ -73.990505585999884, 40.730564957000141 ], [ -73.98990295999991, 40.734434790000108 ], [ -73.978026979999854, 40.729433060000183 ], [ -73.98377990999991, 40.721535954000124 ] ] ] } },
{ "type": "Feature", "properties": { "id": 80, "name": "East Williamsburg", "borough": "Brooklyn" }, "geometry": { "type": "Polygon", "coordinates": [ [ [ -73.932268521750458, 40.728174658015838 ], [ -73.929580206908852, 40.727612820708856 ], [ -73.928494185401576, 40.726614603308057 ], [ -73.925614705166112, 40.720061662212643 ], [ -73.924817989436875, 40.720265137475529 ], [ -73.924538549858028, 40.719342580204767 ], [ -73.924931813789755, 40.718405828749596 ], [ -73.928879651799946, 40.717720318623755 ], [ -73.929705399153278, 40.717049279389371 ], [ -73.929473569214551, 40.715721452621331 ], [ -73.932206073073061, 40.714963980929546 ], [ -73.93124067059496, 40.713724810884898 ], [ -73.932639052424705, 40.713052586169553 ], [ -73.93203262980515, 40.711590223074467 ], [ -73.933283493202367, 40.710978707458082 ], [ -73.931901019208496, 40.711338471428476 ], [ -73.930360945657895, 40.708717738535412 ], [ -73.931546137468516, 40.711855351751197 ], [ -73.930778947370371, 40.712160427955624 ], [ -73.931610327348466, 40.712038023183212 ], [ -73.931848688774323, 40.71256477418347 ], [ -73.930422943130651, 40.713172558671239 ], [ -73.931052319017226, 40.714610223923522 ], [ -73.928438818145779, 40.715530949575935 ], [ -73.928906012650017, 40.716618957312271 ], [ -73.928271451070273, 40.717089728832327 ], [ -73.924603394760723, 40.717953306073575 ], [ -73.923055000143336, 40.716342664793551 ], [ -73.924885535076115, 40.715267187652792 ], [ -73.92433589757124, 40.714122593466662 ], [ -73.922232946999912, 40.712854425000096 ], [ -73.921546016999983, 40.711043284000048 ], [ -73.920745196999846, 40.710529686000079 ], [ -73.92189184699987, 40.709396096000042 ], [ -73.932297086000034, 40.707749447000097 ], [ -73.934802819000026, 40.713372496000076 ], [ -73.940688030999922, 40.711962048000053 ], [ -73.940422519999942, 40.711217648000122 ], [ -73.943787995999941, 40.710900379000137 ], [ -73.942734483999971, 40.704473306000075 ], [ -73.941030097999928, 40.704636177000147 ], [ -73.940892871999793, 40.703914157000071 ], [ -73.940420578999934, 40.701076598000071 ], [ -73.941930788999827, 40.700725234000096 ], [ -73.950236937999961, 40.705473246000075 ], [ -73.950874926999958, 40.709513115000107 ], [ -73.94865533499987, 40.709724983000072 ], [ -73.949372318999849, 40.714066878000047 ], [ -73.953484721999828, 40.714070208000066 ], [ -73.950046191999846, 40.716805228000112 ], [ -73.937653145999889, 40.724265555000052 ], [ -73.932268521750458, 40.728174658015838 ] ] ] } },
{ "type": "Feature", "properties": { "id": 81, "name": "Eastchester", "borough": "Bronx" }, "geometry": { "type": "Polygon", "coordinates": [ [ [ -73.837379561611058, 40.893924741304545 ], [ -73.822677087900544, 40.88961946903585 ], [ -73.822486204065768, 40.890098054202277 ], [ -73.823264898565, 40.889987021030194 ], [ -73.823366012875297, 40.891075135853328 ], [ -73.822853350532199, 40.891206829047782 ], [ -73.793006526245023, 40.883358737442862 ], [ -73.793228708911428, 40.882822594952408 ], [ -73.805505767000014, 40.886092949000073 ], [ -73.807641394999962, 40.885953252000114 ], [ -73.812096591999861, 40.88671501000011 ], [ -73.815478730999899, 40.886687446000131 ], [ -73.820274329999847, 40.88555070000011 ], [ -73.820774086999961, 40.886710603000076 ], [ -73.823871405999981, 40.88778362800015 ], [ -73.830653589999841, 40.884852939000098 ], [ -73.833422226000039, 40.884275396000099 ], [ -73.83664134299984, 40.882120025000106 ], [ -73.843241137999868, 40.879108913000103 ], [ -73.838148421999904, 40.876953299000107 ], [ -73.839247889999882, 40.876618738000104 ], [ -73.83746027699992, 40.873222650000073 ], [ -73.838292214999839, 40.872951339000139 ], [ -73.835657664999871, 40.867512756000131 ], [ -73.833159603999846, 40.868319756000126 ], [ -73.82954731199996, 40.862164087000117 ], [ -73.828343473999922, 40.860892026000094 ], [ -73.847926140999846, 40.871342234000117 ], [ -73.85363638799987, 40.873300599000153 ], [ -73.850689556999882, 40.875486678000129 ], [ -73.851722360999858, 40.876843371000142 ], [ -73.852548540999877, 40.877091587000116 ], [ -73.85091896099982, 40.87789344100004 ], [ -73.852483058000033, 40.879463705000077 ], [ -73.847049579999947, 40.887671816000079 ], [ -73.835548539999948, 40.889133504000107 ], [ -73.837379561611058, 40.893924741304545 ] ] ] } },
{ "type": "Feature", "properties": { "id": 82, "name": "Elmhurst", "borough": "Queens" }, "geometry": { "type": "Polygon", "coordinates": [ [ [ -73.867685048999945, 40.744071718000122 ], [ -73.867562533999831, 40.74094188900014 ], [ -73.864470861999891, 40.734007274000156 ], [ -73.879693540999924, 40.729010159000083 ], [ -73.887205249999937, 40.727792997000066 ], [ -73.887559621999898, 40.730197056000108 ], [ -73.888059752, 40.730087230000102 ], [ -73.888522859999895, 40.734531160000103 ], [ -73.883810869999749, 40.733559536000044 ], [ -73.883529104, 40.733848279000036 ], [ -73.877521957999917, 40.731593169000099 ], [ -73.877251224999881, 40.731794153000088 ], [ -73.878224559999978, 40.732102269000073 ], [ -73.877082762999976, 40.732909317000107 ], [ -73.880661889999871, 40.735707874000127 ], [ -73.880330593999943, 40.73733367700008 ], [ -73.882302527, 40.737707701000126 ], [ -73.877430584000024, 40.738600516000112 ], [ -73.881003879999867, 40.741840662000158 ], [ -73.882942868, 40.741609544000021 ], [ -73.882829121999876, 40.740992283000068 ], [ -73.885512250999838, 40.740165019000088 ], [ -73.885725881999875, 40.741288706000056 ], [ -73.887511321, 40.74108252700011 ], [ -73.887986507999855, 40.743548192000134 ], [ -73.890716474999934, 40.743127784000123 ], [ -73.8917504879999, 40.746811727000086 ], [ -73.869424585999852, 40.749156852000119 ], [ -73.868529251999945, 40.747588302000139 ], [ -73.867685048999945, 40.744071718000122 ] ] ] } },
{ "type": "Feature", "properties": { "id": 83, "name": "Elmhurst/Maspeth", "borough": "Queens" }, "geometry": { "type": "Polygon", "coordinates": [ [ [ -73.891391454999848, 40.746641004000033 ], [ -73.890716474999934, 40.743127784000123 ], [ -73.887986507999855, 40.743548192000134 ], [ -73.887511321, 40.74108252700011 ], [ -73.885725882000031, 40.741288705000102 ], [ -73.885512250999838, 40.740165019000088 ], [ -73.882829121999876, 40.740992283000068 ], [ -73.882942868, 40.741609544000021 ], [ -73.881003879999867, 40.741840662000158 ], [ -73.877918317999885, 40.739394957000087 ], [ -73.877430583999924, 40.738600515000101 ], [ -73.882302527, 40.737707701000126 ], [ -73.880330593999943, 40.73733367700008 ], [ -73.880661889999871, 40.735707874000127 ], [ -73.877082762999976, 40.732909317000107 ], [ -73.878224559999978, 40.732102269000073 ], [ -73.877251224999881, 40.731794153000088 ], [ -73.877521957999917, 40.731593169000099 ], [ -73.883529104, 40.733848279000036 ], [ -73.883810869999749, 40.733559536000044 ], [ -73.889103189999844, 40.73459239600006 ], [ -73.892555546999844, 40.734478126000127 ], [ -73.898547727999869, 40.735191910000047 ], [ -73.90029003099994, 40.734729543000114 ], [ -73.90107970900003, 40.733914634000065 ], [ -73.905169488999832, 40.735859643000055 ], [ -73.906289034999872, 40.732400752000089 ], [ -73.910688763999971, 40.733471082000115 ], [ -73.909260029999885, 40.736403180000046 ], [ -73.906729504999944, 40.736913485000102 ], [ -73.900578253999853, 40.739492896000073 ], [ -73.895248195999883, 40.743819730000112 ], [ -73.894686580999903, 40.745624320000069 ], [ -73.896242455999882, 40.748719545000064 ], [ -73.891391454999848, 40.746641004000033 ] ] ] } },
{ "type": "Feature", "properties": { "id": 84, "name": "Eltingville/Annadale/Prince's Bay", "borough": "Staten Island" }, "geometry": { "type": "Polygon", "coordinates": [ [ [ -74.161349616999942, 40.529373424000127 ], [ -74.159882770755118, 40.527369358274619 ], [ -74.162271961088948, 40.527194262811086 ], [ -74.164602248091995, 40.526152798387933 ], [ -74.169997111614606, 40.523045772452512 ], [ -74.171102636961749, 40.523549706673869 ], [ -74.172063201754696, 40.523320569364927 ], [ -74.176012454790666, 40.52087596282928 ], [ -74.177563060429421, 40.519217618160084 ], [ -74.178318766904326, 40.519945785635166 ], [ -74.181040812088867, 40.520705036287346 ], [ -74.1848311647976, 40.519341358601018 ], [ -74.188493537209013, 40.516340024595962 ], [ -74.189268755573153, 40.515344976872562 ], [ -74.188842978156458, 40.515087166317301 ], [ -74.189712184983932, 40.51532037853449 ], [ -74.194096437363669, 40.510641242362418 ], [ -74.195213399990678, 40.509977652955797 ], [ -74.196499369895591, 40.509923531398051 ], [ -74.199672053577089, 40.511426850497678 ], [ -74.200037123131494, 40.512677599829964 ], [ -74.198925727938587, 40.512777305998526 ], [ -74.199361274078342, 40.513010194432361 ], [ -74.208219828741008, 40.511618212580778 ], [ -74.209687893974461, 40.510797369342555 ], [ -74.2091899682503, 40.510499056955382 ], [ -74.209322004641905, 40.510398628895601 ], [ -74.209713742058767, 40.510777703243193 ], [ -74.210135989082374, 40.510408998682706 ], [ -74.21353130803675, 40.506397477228056 ], [ -74.214342501297281, 40.506518911287408 ], [ -74.215658374064347, 40.505616578037575 ], [ -74.217547550956809, 40.503360049490816 ], [ -74.221539199551955, 40.502503474216311 ], [ -74.223215824999969, 40.508658611000065 ], [ -74.222902513999927, 40.508936540000079 ], [ -74.226634071999911, 40.517251010000159 ], [ -74.22690993399992, 40.51917139800004 ], [ -74.223795958999915, 40.518196346000082 ], [ -74.217605700999954, 40.520871688000064 ], [ -74.213545934999942, 40.521235715000117 ], [ -74.214098067999927, 40.524097195000103 ], [ -74.211425183999893, 40.524414102000087 ], [ -74.209196602, 40.525376580000071 ], [ -74.207553063999939, 40.525247349000075 ], [ -74.201526615999953, 40.526265206000133 ], [ -74.199097837999943, 40.528299645000139 ], [ -74.191743687999988, 40.531916697000064 ], [ -74.193771692999988, 40.53583384700012 ], [ -74.191353237999962, 40.536664859000041 ], [ -74.189031451999952, 40.538159342000078 ], [ -74.181285329999923, 40.546957573000093 ], [ -74.175124029999964, 40.557620038000117 ], [ -74.171851664999963, 40.561520923000103 ], [ -74.169825824000014, 40.561090421000102 ], [ -74.167072790999981, 40.548163067000139 ], [ -74.166233272999932, 40.547342479000143 ], [ -74.165400807999916, 40.544432723000092 ], [ -74.157866254999945, 40.536558095000046 ], [ -74.153974197999943, 40.534268148000116 ], [ -74.156908137999949, 40.531262028000114 ], [ -74.161349616999942, 40.529373424000127 ] ] ] } },
{ "type": "Feature", "properties": { "id": 85, "name": "Erasmus", "borough": "Brooklyn" }, "geometry": { "type": "Polygon", "coordinates": [ [ [ -73.947158962999836, 40.655593787000107 ], [ -73.947032575999984, 40.65433871400009 ], [ -73.946066905999828, 40.654410262000098 ], [ -73.945706061999843, 40.651006784000096 ], [ -73.946674144999832, 40.650948119000141 ], [ -73.945868791999885, 40.643423744000067 ], [ -73.947789946999762, 40.643305736000094 ], [ -73.94744296799982, 40.640047665000097 ], [ -73.948413434000031, 40.63998746400015 ], [ -73.948264996000049, 40.638607190000116 ], [ -73.953600046999895, 40.63842234700013 ], [ -73.957636445999881, 40.642689499000085 ], [ -73.958707898999904, 40.650387273000092 ], [ -73.949571131000056, 40.650807900000117 ], [ -73.950066648999879, 40.655422997000088 ], [ -73.947158962999836, 40.655593787000107 ] ] ] } },
{ "type": "Feature", "properties": { "id": 86, "name": "Far Rockaway", "borough": "Queens" }, "geometry": { "type": "Polygon", "coordinates": [ [ [ -73.766690716889727, 40.614226621571326 ], [ -73.765164008291976, 40.613754202686764 ], [ -73.765059616791731, 40.612035230610658 ], [ -73.762299440904172, 40.61135920604606 ], [ -73.761724137888748, 40.611847242757868 ], [ -73.760236357569653, 40.610820864950483 ], [ -73.76178242960593, 40.609151670054658 ], [ -73.761550519058886, 40.609031365800995 ], [ -73.759984469748218, 40.610879377846864 ], [ -73.759491198333706, 40.610815795911087 ], [ -73.759720990385787, 40.610151598083078 ], [ -73.755608370155898, 40.610077919637682 ], [ -73.755874129121423, 40.610385185055002 ], [ -73.754995010859957, 40.610132208028482 ], [ -73.747993073086121, 40.612310157984119 ], [ -73.747215678925741, 40.612178838825514 ], [ -73.746855390121652, 40.6115741005299 ], [ -73.745761501893298, 40.611991654374528 ], [ -73.743072479196783, 40.607886097193543 ], [ -73.743146552072645, 40.607259866048047 ], [ -73.740291389881449, 40.604598231889419 ], [ -73.739225125815281, 40.604142366913607 ], [ -73.738151431122873, 40.602710440083563 ], [ -73.738089253041764, 40.597688297045742 ], [ -73.738719680768938, 40.596948817326599 ], [ -73.738584667376273, 40.597253194615803 ], [ -73.739927472153866, 40.597054949536854 ], [ -73.740097142626666, 40.596208647291959 ], [ -73.740643843108103, 40.597001198658475 ], [ -73.741830835312186, 40.596695551456996 ], [ -73.739927929850055, 40.596061587313528 ], [ -73.739463703030523, 40.596878420092203 ], [ -73.739747240228482, 40.596542604835285 ], [ -73.739796340289388, 40.596882675628066 ], [ -73.739508858672679, 40.597040044091735 ], [ -73.739398108248835, 40.597046325656429 ], [ -73.738584314032622, 40.5968609477763 ], [ -73.738122208876192, 40.597386102069592 ], [ -73.737636793897835, 40.594415399838155 ], [ -73.742226030970684, 40.594905883324451 ], [ -73.746649203748433, 40.594280895008929 ], [ -73.750225381799609, 40.592708236787139 ], [ -73.75154772812445, 40.591422008685591 ], [ -73.753529881573243, 40.590946485000792 ], [ -73.755954636230499, 40.590874198050031 ], [ -73.761343116783252, 40.591726633850541 ], [ -73.763762234236992, 40.59143970901701 ], [ -73.764401830999859, 40.594571683000098 ], [ -73.762778455999879, 40.594756544000099 ], [ -73.763334496999903, 40.597822874000101 ], [ -73.761287533999948, 40.599549271000136 ], [ -73.761657972999842, 40.599973070000061 ], [ -73.763360964999961, 40.599105043000144 ], [ -73.764445824999967, 40.600435241000099 ], [ -73.76654204999997, 40.599434442000103 ], [ -73.765996893999855, 40.598721062000074 ], [ -73.76695532899997, 40.598067274000101 ], [ -73.767177200999967, 40.596623181000091 ], [ -73.767718117999934, 40.596261310000116 ], [ -73.767950436554344, 40.598158511418696 ], [ -73.770981683719938, 40.598894091049715 ], [ -73.7711110344584, 40.600546028547576 ], [ -73.77018588274089, 40.602748823325307 ], [ -73.770481131987552, 40.604841905320121 ], [ -73.769852193694945, 40.605940019302629 ], [ -73.770011043355041, 40.607211724980907 ], [ -73.768957140238555, 40.609279918056551 ], [ -73.769767455525113, 40.610064188671927 ], [ -73.771251018794771, 40.610389837101955 ], [ -73.772214380551318, 40.611497664584164 ], [ -73.773383685268996, 40.611152950391833 ], [ -73.772962686865327, 40.610152762945916 ], [ -73.773938277538946, 40.612120151753878 ], [ -73.77417180232338, 40.611828715276069 ], [ -73.773398034841776, 40.613682967484387 ], [ -73.766690716889727, 40.614226621571326 ] ] ] } },
{ "type": "Feature", "properties": { "id": 87, "name": "Financial District North", "borough": "Manhattan" }, "geometry": { "type": "Polygon", "coordinates": [ [ [ -74.005056728999918, 40.708788769000179 ], [ -74.001970148378092, 40.704731159202503 ], [ -74.003323072707758, 40.705628595220205 ], [ -74.003631871693159, 40.70542980675198 ], [ -74.002972464752858, 40.704766492442758 ], [ -74.003644461838576, 40.705421684639013 ], [ -74.004590038836611, 40.704787752945137 ], [ -74.003496320423153, 40.703796769267967 ], [ -74.004806289007391, 40.704642069051438 ], [ -74.005188050673183, 40.704420535690737 ], [ -74.004925804983657, 40.704211808384848 ], [ -74.005350272247497, 40.704310079961672 ], [ -74.004272587521001, 40.703015666411673 ], [ -74.005637759559647, 40.704105830539369 ], [ -74.006595919138746, 40.70368590245203 ], [ -74.005304125960791, 40.702559865633269 ], [ -74.005501660674568, 40.702430867797212 ], [ -74.006785021910474, 40.703568127905456 ], [ -74.007796750999901, 40.703063515000089 ], [ -74.009746392999958, 40.704775248000097 ], [ -74.009865808999905, 40.705796427000116 ], [ -74.012507739999975, 40.706767066000126 ], [ -74.009062647999883, 40.710886704000124 ], [ -74.005056728999918, 40.708788769000179 ] ] ] } },
{ "type": "Feature", "properties": { "id": 88, "name": "Financial District South", "borough": "Manhattan" }, "geometry": { "type": "Polygon", "coordinates": [ [ [ -74.009746392999958, 40.704775248000097 ], [ -74.007604981897657, 40.702993141329365 ], [ -74.009309076554828, 40.701954603022692 ], [ -74.008699643135671, 40.701139867542373 ], [ -74.007591362042248, 40.701328081048338 ], [ -74.008620361638819, 40.700552164216042 ], [ -74.00960052263278, 40.701865481918034 ], [ -74.011166641518756, 40.701477202208508 ], [ -74.010825117805851, 40.700209304867357 ], [ -74.011150335568288, 40.700898400101117 ], [ -74.011631479186377, 40.700458218248308 ], [ -74.012086682146872, 40.700681308739398 ], [ -74.011961961169121, 40.700037545595677 ], [ -74.012391600322786, 40.700620528094248 ], [ -74.012613820873653, 40.700108265811302 ], [ -74.013107478473657, 40.700507452180887 ], [ -74.013043700924314, 40.699774784736 ], [ -74.013273494830798, 40.700496870227987 ], [ -74.013485608327287, 40.7004782229086 ], [ -74.013532850181022, 40.700108161423458 ], [ -74.01367479307396, 40.700125821225583 ], [ -74.013558269797386, 40.700939870915434 ], [ -74.014158934999983, 40.701096290000081 ], [ -74.01376867899998, 40.701143263000091 ], [ -74.014429831999976, 40.703150648000097 ], [ -74.014289228999985, 40.704549075000088 ], [ -74.013269794999971, 40.704553496000166 ], [ -74.013253963999929, 40.70587051400009 ], [ -74.012507739999975, 40.706767066000126 ], [ -74.009865808999905, 40.705796427000116 ], [ -74.009746392999958, 40.704775248000097 ] ] ] } },
{ "type": "Feature", "properties": { "id": 89, "name": "Flatbush/Ditmas Park", "borough": "Brooklyn" }, "geometry": { "type": "Polygon", "coordinates": [ [ [ -73.953748537999957, 40.638586338000117 ], [ -73.94537272499997, 40.638786955000064 ], [ -73.944628854999948, 40.631837735000111 ], [ -73.946479617999984, 40.631708162000102 ], [ -73.944155352999914, 40.629508285000078 ], [ -73.959955650999916, 40.62777867200009 ], [ -73.960407342999886, 40.630162531000103 ], [ -73.962325993999912, 40.629968717000089 ], [ -73.971366221999915, 40.628929162000169 ], [ -73.970921263000037, 40.626569985000117 ], [ -73.976234537000011, 40.625976350000094 ], [ -73.977165119999839, 40.630746654000085 ], [ -73.96986869299991, 40.634194675000089 ], [ -73.970290361999915, 40.636406341000075 ], [ -73.968038684999854, 40.636650985000131 ], [ -73.971396317000043, 40.648257786000059 ], [ -73.96465438699984, 40.650887728000122 ], [ -73.966213219999958, 40.653189405000084 ], [ -73.959861031999807, 40.655634789000096 ], [ -73.958255172000037, 40.64853244900015 ], [ -73.957636445999881, 40.642689499000085 ], [ -73.953748537999957, 40.638586338000117 ] ] ] } },
{ "type": "Feature", "properties": { "id": 90, "name": "Flatiron", "borough": "Manhattan" }, "geometry": { "type": "Polygon", "coordinates": [ [ [ -73.991418585999938, 40.744802682000085 ], [ -73.996839938999983, 40.737360889000144 ], [ -74.00252381499989, 40.739752644000134 ], [ -73.997099028999941, 40.747205102000109 ], [ -73.991418585999938, 40.744802682000085 ] ] ] } },
{ "type": "Feature", "properties": { "id": 91, "name": "Flatlands", "borough": "Brooklyn" }, "geometry": { "type": "Polygon", "coordinates": [ [ [ -73.919737369999865, 40.642778148000069 ], [ -73.916903026999918, 40.616274229000126 ], [ -73.920526940999906, 40.61394269500007 ], [ -73.920624002999958, 40.614838682000098 ], [ -73.926400445999946, 40.614478535000082 ], [ -73.926296045999976, 40.613116799000132 ], [ -73.931731791999823, 40.617926921000077 ], [ -73.933204575999952, 40.616970442000088 ], [ -73.936866995999921, 40.620253281000103 ], [ -73.940789140999854, 40.617696790000053 ], [ -73.943469619999888, 40.617385001000109 ], [ -73.945736919999817, 40.615363407000096 ], [ -73.946513731999971, 40.619494019000143 ], [ -73.944518334, 40.61971364700009 ], [ -73.945424428999843, 40.624495610000125 ], [ -73.946422661, 40.624385567000104 ], [ -73.947326721999943, 40.62916656700002 ], [ -73.944155352999914, 40.629508285000078 ], [ -73.946479617999984, 40.631708162000102 ], [ -73.937017462000028, 40.63231097900011 ], [ -73.9372670019998, 40.634650625000091 ], [ -73.927448222999857, 40.635258410000056 ], [ -73.92616377799996, 40.637572961000075 ], [ -73.925382330999852, 40.642384532000065 ], [ -73.92356525899983, 40.642499298000089 ], [ -73.923326545999856, 40.639900216000107 ], [ -73.919737369999865, 40.642778148000069 ] ] ] } },
{ "type": "Feature", "properties": { "id": 92, "name": "Flushing", "borough": "Queens" }, "geometry": { "type": "Polygon", "coordinates": [ [ [ -73.825830899999971, 40.775915271000073 ], [ -73.826558419999856, 40.770137084000105 ], [ -73.824669089999873, 40.770407608000042 ], [ -73.823482451999851, 40.764651792000109 ], [ -73.820806848999865, 40.75894178300009 ], [ -73.817892456999914, 40.7570863380001 ], [ -73.820300677, 40.755514980000115 ], [ -73.818407828999895, 40.753830422000163 ], [ -73.820849288, 40.752241545000082 ], [ -73.815373173999902, 40.747218338000138 ], [ -73.815750694999835, 40.746979480000086 ], [ -73.821084275999979, 40.748558446000132 ], [ -73.824264939000017, 40.751832889000141 ], [ -73.825765572999828, 40.750969024000128 ], [ -73.825844409999988, 40.749348391000112 ], [ -73.827656418999837, 40.749860831000078 ], [ -73.83091972599982, 40.748961711000071 ], [ -73.831254798999893, 40.748106360000094 ], [ -73.833003020999868, 40.74783363100007 ], [ -73.832295356999879, 40.751941791000036 ], [ -73.835602308999952, 40.751394853000107 ], [ -73.837014066999984, 40.754027421000053 ], [ -73.83778038200002, 40.754130683000135 ], [ -73.838059741999956, 40.75466660700009 ], [ -73.838673218999872, 40.757019979000134 ], [ -73.836791072999858, 40.761166671000112 ], [ -73.836899701999954, 40.762698118000102 ], [ -73.837904295999934, 40.764587797000083 ], [ -73.839458134230597, 40.765445768229476 ], [ -73.836140524999934, 40.769527374000134 ], [ -73.830000110999833, 40.773732407000161 ], [ -73.825137402999928, 40.78169970600014 ], [ -73.822241276999989, 40.781693879000116 ], [ -73.824331018999871, 40.776743070000109 ], [ -73.825830899999971, 40.775915271000073 ] ] ] } },
{ "type": "Feature", "properties": { "id": 93, "name": "Flushing Meadows-Corona Park", "borough": "Queens" }, "geometry": { "type": "Polygon", "coordinates": [ [ [ -73.857638966020062, 40.763099448634868 ], [ -73.856674823623493, 40.763930188326334 ], [ -73.857582854706934, 40.763072900626803 ], [ -73.856586753887797, 40.762722840114435 ], [ -73.857604240371941, 40.763053281789155 ], [ -73.858176310705076, 40.762396294223997 ], [ -73.8566119581333, 40.761649542759486 ], [ -73.858194331325109, 40.762374107984705 ], [ -73.858585262844386, 40.761917008597145 ], [ -73.857476624355314, 40.761308916687526 ], [ -73.851585529011913, 40.759355420657137 ], [ -73.849301108143322, 40.760242875350158 ], [ -73.849874844961491, 40.761103812948669 ], [ -73.852072001778538, 40.760392884672299 ], [ -73.849811624751425, 40.761270974008404 ], [ -73.848686556589101, 40.76013849511083 ], [ -73.846709337149861, 40.761345269319968 ], [ -73.84606731299985, 40.760908864000051 ], [ -73.843243813999763, 40.755336804000152 ], [ -73.838673218999872, 40.757019979000134 ], [ -73.83778038200002, 40.754130683000135 ], [ -73.837014066999984, 40.754027421000053 ], [ -73.835602308999952, 40.751394853000107 ], [ -73.832295356999879, 40.751941791000036 ], [ -73.833003020999868, 40.74783363100007 ], [ -73.834690425999923, 40.746902698000127 ], [ -73.835675538999922, 40.744850518000121 ], [ -73.836099891999893, 40.742429069000082 ], [ -73.836990373999953, 40.742093301000118 ], [ -73.836694587999858, 40.739541254000152 ], [ -73.836275271000048, 40.739568376000115 ], [ -73.835645855999985, 40.738491011000072 ], [ -73.836356250999984, 40.735008592000092 ], [ -73.836127785999892, 40.73424131200013 ], [ -73.830732145999875, 40.726549328000097 ], [ -73.8273090039999, 40.724646077000081 ], [ -73.825567656999908, 40.719721015000104 ], [ -73.825316449999931, 40.717275700000144 ], [ -73.817295689999938, 40.717579645000143 ], [ -73.82018883899984, 40.716735224000047 ], [ -73.825247316999835, 40.716455445000079 ], [ -73.827155243, 40.715388004000069 ], [ -73.831458669999961, 40.714554449000133 ], [ -73.829796165999795, 40.715565719000054 ], [ -73.834883593999976, 40.719303272000133 ], [ -73.839854342999843, 40.728177569000081 ], [ -73.844212503999827, 40.732733041000145 ], [ -73.846893661999928, 40.738671217000089 ], [ -73.848236279999824, 40.739290401000162 ], [ -73.847801646999983, 40.740049677000066 ], [ -73.850115565999886, 40.740723563000152 ], [ -73.854369280999933, 40.74873893000008 ], [ -73.85086439699991, 40.749995642000059 ], [ -73.852617253999838, 40.753405066000113 ], [ -73.853798137999917, 40.757177612000106 ], [ -73.855251400999819, 40.759147530000085 ], [ -73.859123758999871, 40.761275499000149 ], [ -73.861097243999907, 40.763664478000095 ], [ -73.860433378098008, 40.763868882437947 ], [ -73.859413393980901, 40.762483265339483 ], [ -73.858922981825174, 40.762122346521714 ], [ -73.858645104879315, 40.762514395909214 ], [ -73.858619152818576, 40.761935596999088 ], [ -73.857654736162189, 40.763079823351376 ], [ -73.858500812552379, 40.763376433585236 ], [ -73.857638966020062, 40.763099448634868 ] ] ] } },
{ "type": "Feature", "properties": { "id": 94, "name": "Fordham South", "borough": "Bronx" }, "geometry": { "type": "Polygon", "coordinates": [ [ [ -73.899642617000012, 40.862210437000059 ], [ -73.897143798, 40.862445065000117 ], [ -73.898838145999832, 40.859307308000091 ], [ -73.895739246999781, 40.858138207000067 ], [ -73.894693263999898, 40.859426282000108 ], [ -73.893810260999871, 40.858986565000137 ], [ -73.891380233999826, 40.861700588000126 ], [ -73.89106059999996, 40.861471815000151 ], [ -73.895608832999798, 40.854570370000062 ], [ -73.897099267999963, 40.855172291000066 ], [ -73.898635436999854, 40.853906975000143 ], [ -73.898165774999825, 40.855146376000064 ], [ -73.900779226999859, 40.856047110000119 ], [ -73.901859960999928, 40.854586149000134 ], [ -73.905570072999879, 40.855787322000069 ], [ -73.904683713999873, 40.857060302000093 ], [ -73.905659534999884, 40.857398734000157 ], [ -73.903513905999858, 40.860917510000085 ], [ -73.902544793999979, 40.860578255000085 ], [ -73.901079669999945, 40.862756383000104 ], [ -73.899642617000012, 40.862210437000059 ] ] ] } },
{ "type": "Feature", "properties": { "id": 95, "name": "Forest Hills", "borough": "Queens" }, "geometry": { "type": "Polygon", "coordinates": [ [ [ -73.847324941999887, 40.738771458000087 ], [ -73.846055417999892, 40.737099188000073 ], [ -73.844060203, 40.73249274000009 ], [ -73.839854342999843, 40.728177569000081 ], [ -73.834883593999976, 40.719303272000133 ], [ -73.829796165999795, 40.715565719000054 ], [ -73.831458669999961, 40.714554449000133 ], [ -73.831031417999824, 40.714336725000081 ], [ -73.837708941999907, 40.711036484000083 ], [ -73.844910112000036, 40.708560331000129 ], [ -73.849331561999989, 40.708388334000134 ], [ -73.855939916999844, 40.706398034000102 ], [ -73.856677143999846, 40.707691874000048 ], [ -73.858680975999903, 40.72261244000007 ], [ -73.85990796499992, 40.724346234000052 ], [ -73.86203833799982, 40.725956785000129 ], [ -73.858054168999928, 40.724445406000079 ], [ -73.857271081, 40.725681298000083 ], [ -73.859419879999905, 40.726464838000098 ], [ -73.858087656999899, 40.728568722000077 ], [ -73.857412406999913, 40.72832248000006 ], [ -73.858510978999988, 40.730286802000109 ], [ -73.85625665099991, 40.730959123000112 ], [ -73.858724657999886, 40.735708644000077 ], [ -73.847324941999887, 40.738771458000087 ] ] ] } },
{ "type": "Feature", "properties": { "id": 96, "name": "Forest Park/Highland Park", "borough": "Queens" }, "geometry": { "type": "Polygon", "coordinates": [ [ [ -73.843146252999816, 40.709223456000124 ], [ -73.837147029999969, 40.707957046000082 ], [ -73.838104017999882, 40.706313024000075 ], [ -73.836962377999825, 40.704212452000128 ], [ -73.845024728999988, 40.6993593770001 ], [ -73.849138372999761, 40.698282741000163 ], [ -73.850708423000015, 40.70020312500008 ], [ -73.854434556999891, 40.700602952000146 ], [ -73.852711308999901, 40.698414962000157 ], [ -73.852772386999987, 40.697557112000077 ], [ -73.868424898000015, 40.694718120000132 ], [ -73.868917043999943, 40.695150423000072 ], [ -73.874020533, 40.694191295000138 ], [ -73.879506411999955, 40.691146769000071 ], [ -73.883776986000015, 40.687863411000102 ], [ -73.88452250999984, 40.686684749000065 ], [ -73.889627875999977, 40.684236454000072 ], [ -73.890154186999823, 40.685003990000055 ], [ -73.892523168999872, 40.683424533000057 ], [ -73.894174632999921, 40.685283248000097 ], [ -73.896466250999936, 40.68233642200007 ], [ -73.901161550999859, 40.687877935000145 ], [ -73.900424650999881, 40.688183898000048 ], [ -73.90180467199994, 40.690766298000092 ], [ -73.900386678999794, 40.693139960000117 ], [ -73.897362657999778, 40.694110847000083 ], [ -73.896910212999856, 40.693842270000118 ], [ -73.897686318000012, 40.6933652580001 ], [ -73.896956534999873, 40.691949207000114 ], [ -73.894742709999946, 40.692636952000079 ], [ -73.893262098999841, 40.692200947000138 ], [ -73.893579350000053, 40.693085329000063 ], [ -73.895586254999827, 40.693979162000076 ], [ -73.895076943999896, 40.694591390000078 ], [ -73.892452075999927, 40.69522572800004 ], [ -73.891956586999967, 40.694410570000102 ], [ -73.889193652999978, 40.694935770000107 ], [ -73.888286423999972, 40.695236917000116 ], [ -73.888654168999963, 40.69582954900013 ], [ -73.886420481999949, 40.696458149000144 ], [ -73.887793962999922, 40.697665427000096 ], [ -73.888180258000034, 40.698857911000118 ], [ -73.887712979999847, 40.699678076000112 ], [ -73.882809484999868, 40.700683455000096 ], [ -73.881826905999858, 40.699529299000069 ], [ -73.876217141999973, 40.701595005000136 ], [ -73.876397851999954, 40.702294042000105 ], [ -73.862853741999942, 40.703414492000107 ], [ -73.858198906999959, 40.702911074000063 ], [ -73.858932243999789, 40.701320345000077 ], [ -73.857253515000025, 40.701212177000073 ], [ -73.857166882999834, 40.701674105000102 ], [ -73.855295715000011, 40.701991010000093 ], [ -73.855292758999781, 40.702595502000136 ], [ -73.852520190999982, 40.702291724000155 ], [ -73.854739573, 40.70518485000013 ], [ -73.854732404999851, 40.706764143000079 ], [ -73.849331561999989, 40.708388334000134 ], [ -73.845671981999871, 40.708410366000095 ], [ -73.843146252999816, 40.709223456000124 ] ] ] } },
{ "type": "Feature", "properties": { "id": 97, "name": "Fort Greene", "borough": "Brooklyn" }, "geometry": { "type": "Polygon", "coordinates": [ [ [ -73.969727898999906, 40.697804014000042 ], [ -73.968809896000053, 40.693120382000146 ], [ -73.969831184999833, 40.693134244000163 ], [ -73.969103624999931, 40.689467522000058 ], [ -73.970131541999919, 40.689506308000034 ], [ -73.968689614000013, 40.682005258000082 ], [ -73.977457220999867, 40.684052287000071 ], [ -73.980928228999915, 40.68890247700007 ], [ -73.983720110999926, 40.690006719000124 ], [ -73.98147568199991, 40.689930944000061 ], [ -73.982131801999941, 40.691227237000078 ], [ -73.981758889999895, 40.692955173000087 ], [ -73.982539836999919, 40.69300261600015 ], [ -73.982511229999886, 40.693614334000124 ], [ -73.979167184, 40.693488323000111 ], [ -73.980135180999923, 40.694698017000142 ], [ -73.980544191999883, 40.698246512000082 ], [ -73.969727898999906, 40.697804014000042 ] ] ] } },
{ "type": "Feature", "properties": { "id": 98, "name": "Fresh Meadows", "borough": "Queens" }, "geometry": { "type": "Polygon", "coordinates": [ [ [ -73.765568496999848, 40.743258155000078 ], [ -73.762486092999893, 40.736730981000079 ], [ -73.762733034999854, 40.735262163000151 ], [ -73.765109206999938, 40.734556585000121 ], [ -73.763699791999883, 40.732864117000112 ], [ -73.765643745000048, 40.732533127000146 ], [ -73.76234209799992, 40.729538291000061 ], [ -73.756697712999866, 40.72622871100009 ], [ -73.759948541000028, 40.725805278000109 ], [ -73.765682531999872, 40.726377524000085 ], [ -73.769240748999934, 40.725902701000074 ], [ -73.774371087, 40.724261132000059 ], [ -73.777278080000031, 40.722346336000079 ], [ -73.778037659999796, 40.723284269000047 ], [ -73.775233871999802, 40.725237533000069 ], [ -73.777575068999866, 40.730193273000062 ], [ -73.791744726999923, 40.725788850000136 ], [ -73.793789386999975, 40.730701181000072 ], [ -73.794594864999937, 40.733409358000081 ], [ -73.794586331999909, 40.735052252000067 ], [ -73.795848032999871, 40.738074680000089 ], [ -73.796510290999876, 40.737908637000089 ], [ -73.796076051999819, 40.738144298000158 ], [ -73.796402187000041, 40.73828235800007 ], [ -73.780366034999957, 40.742591663000063 ], [ -73.772414609999899, 40.743884845000117 ], [ -73.767729913999943, 40.745776226000118 ], [ -73.76687853500006, 40.744093579000065 ], [ -73.765568496999848, 40.743258155000078 ] ] ] } },
{ "type": "Feature", "properties": { "id": 99, "name": "Freshkills Park", "borough": "Staten Island" }, "geometry": { "type": "Polygon", "coordinates": [ [ [ -74.168429161999939, 40.586497923000081 ], [ -74.169954655999945, 40.573458038000112 ], [ -74.169825824000014, 40.561090421000102 ], [ -74.182958159999956, 40.565480200000117 ], [ -74.189477545, 40.563580990000069 ], [ -74.191010216999956, 40.562569402000108 ], [ -74.193410946, 40.562485039000144 ], [ -74.200915012999914, 40.556005260000063 ], [ -74.203148259999963, 40.556061785000061 ], [ -74.205200411999911, 40.557332221000067 ], [ -74.206998852999973, 40.557567489000093 ], [ -74.205696051999894, 40.558516006000069 ], [ -74.213240314543228, 40.556672623869261 ], [ -74.21117440194196, 40.56045988235649 ], [ -74.211379978587743, 40.563492205275054 ], [ -74.210726676909985, 40.565273911362333 ], [ -74.208866611121977, 40.568909793929386 ], [ -74.208926363286579, 40.569624298450208 ], [ -74.208017053814075, 40.570517957400938 ], [ -74.207835590152783, 40.572610001451885 ], [ -74.207078004104062, 40.574266340216759 ], [ -74.207284314131712, 40.575254532872783 ], [ -74.206812056267708, 40.575922020188393 ], [ -74.207089171794934, 40.576305590338912 ], [ -74.205917325093921, 40.578616647553808 ], [ -74.205961542973441, 40.580046993882981 ], [ -74.203506638999883, 40.580436160000083 ], [ -74.200488487999962, 40.579949778000099 ], [ -74.199649812999979, 40.582262626000109 ], [ -74.194232612999912, 40.585146806000068 ], [ -74.192321131999904, 40.584913242000106 ], [ -74.191317834999978, 40.585704489000094 ], [ -74.190789021999947, 40.585188367000107 ], [ -74.187600541999913, 40.586902767000083 ], [ -74.185371048, 40.587451015000077 ], [ -74.187302486999869, 40.588488222000102 ], [ -74.179322774999946, 40.596760579000033 ], [ -74.17822457199992, 40.59982806100011 ], [ -74.174889593999964, 40.602216573000099 ], [ -74.172602297999916, 40.602971491000126 ], [ -74.167196348999951, 40.602075312000125 ], [ -74.168863622999922, 40.594728087000149 ], [ -74.166390049, 40.593737926000117 ], [ -74.163507854999935, 40.59327218000012 ], [ -74.163698882999938, 40.592258339000097 ], [ -74.167691524999896, 40.588831493000058 ], [ -74.168429161999939, 40.586497923000081 ] ] ] } },
{ "type": "Feature", "properties": { "id": 100, "name": "Garment District", "borough": "Manhattan" }, "geometry": { "type": "Polygon", "coordinates": [ [ [ -73.984117547999986, 40.754842053000147 ], [ -73.987769058999945, 40.74978702900011 ], [ -73.993464176999851, 40.752190055000078 ], [ -73.989790853999949, 40.75723313200011 ], [ -73.984117547999986, 40.754842053000147 ] ] ] } },
{ "type": "Feature", "properties": { "id": 101, "name": "Glen Oaks", "borough": "Queens" }, "geometry": { "type": "Polygon", "coordinates": [ [ [ -73.701633458460677, 40.752493329846608 ], [ -73.700020205016244, 40.739236541866141 ], [ -73.707662173029888, 40.727830934754877 ], [ -73.710499953810285, 40.727227087206828 ], [ -73.71075217299996, 40.730525375000099 ], [ -73.711478048999851, 40.732501401000071 ], [ -73.715449467999889, 40.739216804000151 ], [ -73.720101482999937, 40.749775686000099 ], [ -73.722585718999781, 40.748850451000102 ], [ -73.723395962999874, 40.75038907600004 ], [ -73.726272132999924, 40.749306491000041 ], [ -73.727664654, 40.749654642000131 ], [ -73.728290941999887, 40.747458957000113 ], [ -73.728962516, 40.747632888000048 ], [ -73.727378890999859, 40.751029567000046 ], [ -73.723266733999822, 40.753947599000107 ], [ -73.720633193999902, 40.75761683500015 ], [ -73.718319718999851, 40.759082076000105 ], [ -73.716125281999851, 40.759660714000098 ], [ -73.713518281860416, 40.759837730916374 ], [ -73.712449407153386, 40.759241704109506 ], [ -73.701633458460677, 40.752493329846608 ] ] ] } },
{ "type": "Feature", "properties": { "id": 102, "name": "Glendale", "borough": "Queens" }, "geometry": { "type": "Polygon", "coordinates": [ [ [ -73.855955361999875, 40.706429779000118 ], [ -73.854732404999851, 40.706764143000079 ], [ -73.854739573, 40.70518485000013 ], [ -73.852520190999982, 40.702291724000155 ], [ -73.855292758999781, 40.702595502000136 ], [ -73.855295715000011, 40.701991010000093 ], [ -73.858274057999864, 40.701223659000114 ], [ -73.858932243999789, 40.701320345000077 ], [ -73.858198906999959, 40.702911074000063 ], [ -73.862853741999942, 40.703414492000107 ], [ -73.876397851999954, 40.702294042000105 ], [ -73.876217141999973, 40.701595005000136 ], [ -73.881826905999858, 40.699529299000069 ], [ -73.882809484999882, 40.700683456000057 ], [ -73.887712979999847, 40.699678076000112 ], [ -73.888180258000034, 40.698857911000118 ], [ -73.887793962999922, 40.697665427000096 ], [ -73.886420481999949, 40.696458149000144 ], [ -73.888654168999963, 40.69582954900013 ], [ -73.888286423999972, 40.695236917000116 ], [ -73.889193652999978, 40.694935770000107 ], [ -73.891956586999967, 40.694410570000102 ], [ -73.892452075999927, 40.69522572800004 ], [ -73.895076943999896, 40.694591390000078 ], [ -73.895586254999827, 40.693979162000076 ], [ -73.893579350000053, 40.693085329000063 ], [ -73.893262098999841, 40.692200947000138 ], [ -73.894742709999932, 40.692636953000047 ], [ -73.896956534999873, 40.691949207000114 ], [ -73.897686318000012, 40.6933652580001 ], [ -73.896910212999813, 40.693842271000086 ], [ -73.897362657999778, 40.694110847000083 ], [ -73.900030392, 40.693437451000086 ], [ -73.898381851999957, 40.696135998000109 ], [ -73.895584575999862, 40.69712764200009 ], [ -73.89578005099996, 40.698510962000078 ], [ -73.89484994999988, 40.698589623000082 ], [ -73.895003226999989, 40.699712377000047 ], [ -73.889119177999888, 40.705598877000106 ], [ -73.885532141999988, 40.706445683000041 ], [ -73.869110071999884, 40.707089337000092 ], [ -73.870164624999845, 40.709207743000064 ], [ -73.865009819999983, 40.710776909000074 ], [ -73.859654167999949, 40.713379961000044 ], [ -73.859759329000013, 40.711845059000048 ], [ -73.857292872999849, 40.711467677000073 ], [ -73.856677143999846, 40.707691874000048 ], [ -73.855955361999875, 40.706429779000118 ] ] ] } },
{ "type": "Feature", "properties": { "id": 103, "name": "Governor's Island/Ellis Island/Liberty Island", "borough": "Manhattan" }, "geometry": { "type": "Polygon", "coordinates": [ [ [ -74.046147072043283, 40.691122646016737 ], [ -74.043505960562584, 40.689687359818336 ], [ -74.042704284133748, 40.690155204822304 ], [ -74.042553720186476, 40.689962759144947 ], [ -74.043467523051348, 40.689636990051895 ], [ -74.043640786137047, 40.688766559785194 ], [ -74.044385217056117, 40.688516178201674 ], [ -74.046802848992911, 40.689953256133144 ], [ -74.047476514811663, 40.689611369999334 ], [ -74.047729626985145, 40.68991531823329 ], [ -74.046892055002843, 40.69005909816152 ], [ -74.047170294947037, 40.690991329122703 ], [ -74.046147072043283, 40.691122646016737 ] ] ] } },
{ "type": "Feature", "properties": { "id": 104, "name": "Governor's Island/Ellis Island/Liberty Island", "borough": "Manhattan" }, "geometry": { "type": "Polygon", "coordinates": [ [ [ -74.039950407942442, 40.700890630321489 ], [ -74.037711247983125, 40.699344040174005 ], [ -74.038229544226937, 40.698368591349045 ], [ -74.039340376850646, 40.698115514418198 ], [ -74.041242618161064, 40.699536741217557 ], [ -74.041747688840005, 40.699147863783558 ], [ -74.039912488863095, 40.697702040199317 ], [ -74.0416605190741, 40.696452971320056 ], [ -74.043673712153819, 40.698020404165185 ], [ -74.041098612185294, 40.700492943194959 ], [ -74.040800806231175, 40.70026854996344 ], [ -74.039950407942442, 40.700890630321489 ] ] ] } },
{ "type": "Feature", "properties": { "id": 105, "name": "Governor's Island/Ellis Island/Liberty Island", "borough": "Manhattan" }, "geometry": { "type": "Polygon", "coordinates": [ [ [ -74.019714549420769, 40.693133006827367 ], [ -74.015123956349129, 40.69325806929988 ], [ -74.01343629886243, 40.692121076587924 ], [ -74.011811856472306, 40.692479335064533 ], [ -74.011903097225556, 40.692090583508048 ], [ -74.013332641496135, 40.692019970102571 ], [ -74.012608568594047, 40.691364104629933 ], [ -74.012034176165699, 40.691503076685869 ], [ -74.012527832099636, 40.691146337338139 ], [ -74.01182575354963, 40.691064816216333 ], [ -74.012195000900732, 40.691028847569001 ], [ -74.012306883044857, 40.689280182937715 ], [ -74.013169264027525, 40.688154771203401 ], [ -74.014880979750046, 40.687254570488776 ], [ -74.017049866092293, 40.686875987919144 ], [ -74.016646640847569, 40.686416347233589 ], [ -74.015143910219905, 40.68643703404323 ], [ -74.016673515299829, 40.686305168553645 ], [ -74.017530324340854, 40.685362987932578 ], [ -74.016781139571364, 40.686349037919364 ], [ -74.017120991010671, 40.686843337636795 ], [ -74.020543672930813, 40.685272067926149 ], [ -74.020206867105202, 40.684833833077256 ], [ -74.019398423919284, 40.685087404047337 ], [ -74.020952550102905, 40.684384431647381 ], [ -74.020278198464908, 40.684809135174667 ], [ -74.020612672358112, 40.685240390198253 ], [ -74.022593595810363, 40.684359695950114 ], [ -74.022132501868768, 40.683767672385386 ], [ -74.023055747495988, 40.682916945445392 ], [ -74.022368235576636, 40.683779916794172 ], [ -74.022758990299593, 40.684284448332441 ], [ -74.024648092412221, 40.683978566613192 ], [ -74.026334042423997, 40.684801697724396 ], [ -74.026425772431992, 40.686175339829745 ], [ -74.020205274342658, 40.69203392385446 ], [ -74.019714549420769, 40.693133006827367 ] ] ] } },
{ "type": "Feature", "properties": { "id": 106, "name": "Gowanus", "borough": "Brooklyn" }, "geometry": { "type": "Polygon", "coordinates": [ [ [ -73.986103881999853, 40.681008522000127 ], [ -73.981756422999851, 40.679314624000071 ], [ -73.992770806999815, 40.66550728100006 ], [ -73.994903501999914, 40.666785435000079 ], [ -73.998618879999896, 40.671830172000085 ], [ -73.995064510999825, 40.675840475000044 ], [ -73.993491024, 40.676183302000048 ], [ -73.990698618999943, 40.675807419000144 ], [ -73.987668039999903, 40.680817810000114 ], [ -73.986533029999933, 40.680372639000097 ], [ -73.986103881999853, 40.681008522000127 ] ] ] } },
{ "type": "Feature", "properties": { "id": 107, "name": "Gramercy", "borough": "Manhattan" }, "geometry": { "type": "Polygon", "coordinates": [ [ [ -73.98238628799993, 40.731411245000132 ], [ -73.98990295999991, 40.734434790000108 ], [ -73.989916899999812, 40.735349342000113 ], [ -73.984074852999939, 40.743324718000082 ], [ -73.980859653999929, 40.741969768000089 ], [ -73.982664974999892, 40.739497333000052 ], [ -73.97805226499996, 40.737553954000099 ], [ -73.98238628799993, 40.731411245000132 ] ] ] } },
{ "type": "Feature", "properties": { "id": 108, "name": "Gravesend", "borough": "Brooklyn" }, "geometry": { "type": "Polygon", "coordinates": [ [ [ -73.971483508999867, 40.597171585000154 ], [ -73.971896847999815, 40.594352511000103 ], [ -73.971151017999944, 40.590442444000097 ], [ -73.965143851999954, 40.591101916000092 ], [ -73.966615314999828, 40.584571037000124 ], [ -73.977425252999879, 40.582906593000146 ], [ -73.984821928999878, 40.584168523000116 ], [ -73.98492731, 40.584595952000043 ], [ -73.987101202999966, 40.584644592000089 ], [ -73.986544570999882, 40.583658591000152 ], [ -73.988299482999821, 40.583466747000067 ], [ -73.98995504960881, 40.58066166976581 ], [ -73.99163007472373, 40.581079884382078 ], [ -73.991855356566276, 40.581623978546311 ], [ -73.990262447143508, 40.584619148205498 ], [ -73.99547188560318, 40.58221005511821 ], [ -74.000308808106695, 40.583177037514886 ], [ -74.000359517904727, 40.58418644588059 ], [ -73.998085237760037, 40.585364721581676 ], [ -73.99970597099518, 40.585689819858736 ], [ -73.999565115703035, 40.58624392009591 ], [ -73.998145304489924, 40.586531693907332 ], [ -73.994079046217806, 40.58869344199077 ], [ -73.99795639739294, 40.587269506365836 ], [ -73.994876776953745, 40.588771746675413 ], [ -73.995347376612074, 40.589331380440186 ], [ -74.000114495384082, 40.586951640902825 ], [ -74.000317343032677, 40.586453335023492 ], [ -74.000382071078519, 40.587133057174889 ], [ -73.993757618999922, 40.590331844000055 ], [ -73.99330855, 40.589583899000154 ], [ -73.99036425099996, 40.59143193200012 ], [ -73.989621500999917, 40.590981993000156 ], [ -73.98601936799993, 40.594446049000091 ], [ -73.984639653999821, 40.593552176000088 ], [ -73.979954434999854, 40.59407381200009 ], [ -73.980357854999951, 40.596191541000131 ], [ -73.971483508999867, 40.597171585000154 ] ] ] } },
{ "type": "Feature", "properties": { "id": 109, "name": "Great Kills", "borough": "Staten Island" }, "geometry": { "type": "Polygon", "coordinates": [ [ [ -74.147897168999961, 40.570887286000165 ], [ -74.141312335999899, 40.568433348000099 ], [ -74.134939199999934, 40.56538743600008 ], [ -74.13170009, 40.564535749000122 ], [ -74.134809734, 40.560828618000109 ], [ -74.135613002999932, 40.558980027000132 ], [ -74.138850926999908, 40.556951179000094 ], [ -74.13316825999992, 40.552356179000149 ], [ -74.138617984999939, 40.548492385000067 ], [ -74.135857125831109, 40.546451696357543 ], [ -74.137179871298699, 40.545792864660783 ], [ -74.136115407240538, 40.545019845679988 ], [ -74.137192875197044, 40.545784294700269 ], [ -74.137508335088455, 40.545577557238808 ], [ -74.136589070710627, 40.544845486096115 ], [ -74.136873486308644, 40.54468259391021 ], [ -74.137949660507459, 40.546000337580878 ], [ -74.138869513404188, 40.545130197607492 ], [ -74.137624307451446, 40.544253566418462 ], [ -74.138755347034547, 40.54493395842708 ], [ -74.13901965079306, 40.54471556103011 ], [ -74.13786798524545, 40.544052544131112 ], [ -74.139033071786258, 40.544704910300183 ], [ -74.139539379157355, 40.544295140872329 ], [ -74.139145413463254, 40.54450958112529 ], [ -74.139420693378767, 40.544205943537385 ], [ -74.138974542267647, 40.544376101819914 ], [ -74.139220328599123, 40.544066700673994 ], [ -74.138585811591099, 40.544104638490559 ], [ -74.138823254616554, 40.543784054895987 ], [ -74.138279644560583, 40.543866694570767 ], [ -74.138341512888218, 40.543551828814252 ], [ -74.138522828353388, 40.543401551754677 ], [ -74.13956971698569, 40.544272274830647 ], [ -74.139836977860952, 40.544052462340943 ], [ -74.138706323972684, 40.543291410834584 ], [ -74.138906365394419, 40.543131777602504 ], [ -74.14038573073617, 40.544033185008068 ], [ -74.139219934858744, 40.543166085138083 ], [ -74.140295719471567, 40.543640457155689 ], [ -74.139361328040266, 40.5428258639988 ], [ -74.140306342581269, 40.543367110114566 ], [ -74.140627155669549, 40.543113029692691 ], [ -74.139631690741666, 40.542541097566378 ], [ -74.139858598916689, 40.54235717512929 ], [ -74.140646148698281, 40.543094214902304 ], [ -74.141324267942352, 40.543094133830387 ], [ -74.140165100374574, 40.542366218433678 ], [ -74.140335282297514, 40.542228209259697 ], [ -74.140207236065734, 40.542365224298528 ], [ -74.141410735603969, 40.54302241508055 ], [ -74.140262904006917, 40.541961511522793 ], [ -74.141349013795889, 40.542577523131769 ], [ -74.141797199570519, 40.542200415382567 ], [ -74.140639841721239, 40.541694542037419 ], [ -74.140958168328879, 40.541432077965176 ], [ -74.141873079719232, 40.542166658129624 ], [ -74.141672262430802, 40.542335464095487 ], [ -74.142296322461576, 40.542257849155661 ], [ -74.14247662235951, 40.541333709774996 ], [ -74.141728926512926, 40.539339484097177 ], [ -74.142303512758403, 40.539069975289806 ], [ -74.141765877937615, 40.538542040999907 ], [ -74.142265130079878, 40.538140353664843 ], [ -74.141867622914575, 40.538444090719388 ], [ -74.142167180191393, 40.53793276106834 ], [ -74.141041579165474, 40.537346885467528 ], [ -74.141298254718208, 40.537138177948492 ], [ -74.142185748418783, 40.537917778291742 ], [ -74.141582876908828, 40.53708757795259 ], [ -74.143749512492676, 40.537191061346469 ], [ -74.144740698135763, 40.535801044211411 ], [ -74.147943200461341, 40.534923016993154 ], [ -74.149777174894652, 40.533887869806904 ], [ -74.150695536182724, 40.532545838937324 ], [ -74.152456609366951, 40.532067944001113 ], [ -74.154543573744533, 40.530062136303826 ], [ -74.154928948493946, 40.530225483575833 ], [ -74.156223738873564, 40.529219709353221 ], [ -74.156085128241173, 40.528639386976273 ], [ -74.157018619462605, 40.528977655809818 ], [ -74.159701345202066, 40.527295992831718 ], [ -74.161349616999942, 40.529373424000127 ], [ -74.156908137999949, 40.531262028000114 ], [ -74.153974197999943, 40.534268148000116 ], [ -74.157866254999945, 40.536558095000046 ], [ -74.165400807999916, 40.544432723000092 ], [ -74.166233273999964, 40.547342479000072 ], [ -74.167072791999914, 40.548163067000146 ], [ -74.169825824000014, 40.561090421000102 ], [ -74.164941493999905, 40.560111797000097 ], [ -74.157259741999951, 40.562553319000102 ], [ -74.154664477, 40.565513443000107 ], [ -74.147897168999961, 40.570887286000165 ] ] ] } },
{ "type": "Feature", "properties": { "id": 110, "name": "Great Kills Park", "borough": "Staten Island" }, "geometry": { "type": "Polygon", "coordinates": [ [ [ -74.119458592999905, 40.552221906000099 ], [ -74.116562900999952, 40.549127742000074 ], [ -74.114958319999928, 40.549581439000114 ], [ -74.113383406081255, 40.548073375075525 ], [ -74.115461777984237, 40.547515362526077 ], [ -74.116545321769792, 40.547872393146797 ], [ -74.118041330837059, 40.547306612894729 ], [ -74.119778100449722, 40.545470456661846 ], [ -74.122453060503858, 40.544770545630001 ], [ -74.124244497127734, 40.543110380910946 ], [ -74.130711842726598, 40.534535075436416 ], [ -74.133564434980286, 40.531511174805807 ], [ -74.136907990763405, 40.529281918882901 ], [ -74.13728504251857, 40.529740467985008 ], [ -74.138830307152759, 40.529889356353202 ], [ -74.139150760136914, 40.531520111622214 ], [ -74.140610927031204, 40.534130600190338 ], [ -74.140324753934721, 40.535284579722124 ], [ -74.135075093256901, 40.535241170623166 ], [ -74.133810051538532, 40.535642939890096 ], [ -74.131195456893792, 40.537872408774732 ], [ -74.13152564883184, 40.53771854263853 ], [ -74.13129269799775, 40.537956701870975 ], [ -74.131813872017688, 40.538307358685891 ], [ -74.132112444955553, 40.538052296677883 ], [ -74.131697676020622, 40.537857123315938 ], [ -74.132434026548509, 40.537776532272964 ], [ -74.131911821246376, 40.537532840977114 ], [ -74.13245302764156, 40.537760281364122 ], [ -74.13275480490104, 40.537504536480157 ], [ -74.132235962692462, 40.537262550736784 ], [ -74.132398015842611, 40.537118864932879 ], [ -74.132776037117097, 40.537484010916067 ], [ -74.133074455715473, 40.537229123304208 ], [ -74.132557861390637, 40.536991407757483 ], [ -74.133391873773377, 40.536957984347737 ], [ -74.132874382809987, 40.536719632302571 ], [ -74.133035088395204, 40.536574875626073 ], [ -74.133410043653569, 40.536939721871136 ], [ -74.133860541403791, 40.536597962494021 ], [ -74.129969342030847, 40.539967769614357 ], [ -74.130208693615813, 40.539702663817515 ], [ -74.129683755086958, 40.539471719592626 ], [ -74.13052164283053, 40.539425558119888 ], [ -74.130002728149435, 40.539172393658745 ], [ -74.130541765211589, 40.53940930625587 ], [ -74.130839068518895, 40.539147592892689 ], [ -74.130322448992999, 40.538900471244645 ], [ -74.130485282947404, 40.538758916256171 ], [ -74.130859188540938, 40.539131339802516 ], [ -74.131153287153666, 40.538873574606491 ], [ -74.13065428041827, 40.538617311133173 ], [ -74.131174369850669, 40.538855161398772 ], [ -74.131474242153175, 40.53859831488289 ], [ -74.130975091159911, 40.53834174990228 ], [ -74.131793508156491, 40.538325991991911 ], [ -74.131164663126754, 40.537900135869286 ], [ -74.128446673070783, 40.540249215719086 ], [ -74.127387896344658, 40.542295429964497 ], [ -74.127928305076082, 40.543373247056174 ], [ -74.127629940380828, 40.543608893115746 ], [ -74.127989683907344, 40.543484343631249 ], [ -74.130114047152659, 40.545975726635852 ], [ -74.133086643658544, 40.546834295093795 ], [ -74.135857125831109, 40.546451696357543 ], [ -74.138617984999911, 40.548492384000085 ], [ -74.130424595999884, 40.554437042000117 ], [ -74.127300577999961, 40.557295172000131 ], [ -74.119458592999905, 40.552221906000099 ] ] ] } },
{ "type": "Feature", "properties": { "id": 111, "name": "Green-Wood Cemetery", "borough": "Brooklyn" }, "geometry": { "type": "Polygon", "coordinates": [ [ [ -73.995168900999857, 40.659669522000108 ], [ -73.992964019999917, 40.658337410000129 ], [ -73.992383394999862, 40.658899016000149 ], [ -73.990188415, 40.657600818000084 ], [ -73.988431352999768, 40.65925121200015 ], [ -73.981795686999959, 40.655246097000109 ], [ -73.980291154999932, 40.647297161000068 ], [ -73.981805338999962, 40.64712779900006 ], [ -73.98905872499985, 40.644119241000141 ], [ -73.998306022999856, 40.649740015000134 ], [ -73.997794660000011, 40.650288890000112 ], [ -74.002144745999885, 40.652956107000144 ], [ -73.995168900999857, 40.659669522000108 ] ] ] } },
{ "type": "Feature", "properties": { "id": 112, "name": "Greenpoint", "borough": "Brooklyn" }, "geometry": { "type": "MultiPolygon", "coordinates": [ [ [ [ -73.954395554170659, 40.739114772522726 ], [ -73.946523528547914, 40.736926853958337 ], [ -73.947199833671078, 40.735355178114318 ], [ -73.94706532915383, 40.734401992819457 ], [ -73.946598067073467, 40.734442224347468 ], [ -73.946929027374608, 40.735313140683921 ], [ -73.946626637866245, 40.735865585167552 ], [ -73.945570484572173, 40.736612303910597 ], [ -73.944999088894775, 40.736436693712832 ], [ -73.945185071813128, 40.735479152677982 ], [ -73.944515421173577, 40.736284391395579 ], [ -73.942394435424291, 40.735425749947787 ], [ -73.941147467019462, 40.734152927537771 ], [ -73.939813226254401, 40.731152688912204 ], [ -73.938103349606607, 40.729728519521558 ], [ -73.934929263918619, 40.728543915753164 ], [ -73.932268521750458, 40.728174658015838 ], [ -73.94195633599989, 40.721652319000093 ], [ -73.947213417999862, 40.718560986000071 ], [ -73.948416385999948, 40.718455533000146 ], [ -73.949078167999858, 40.722540287000115 ], [ -73.950645942999969, 40.721705693000075 ], [ -73.951646322999977, 40.723485857000121 ], [ -73.954776629000037, 40.722459505000131 ], [ -73.958142925035276, 40.724404284201547 ], [ -73.957950962132458, 40.725036439168569 ], [ -73.958426118439235, 40.725400535832371 ], [ -73.960124971332334, 40.725319636637039 ], [ -73.96028544944221, 40.725948122413179 ], [ -73.961615188359303, 40.725865563074201 ], [ -73.960996408416051, 40.728769126086135 ], [ -73.961431876778434, 40.730965171648052 ], [ -73.9622634042328, 40.732915551623677 ], [ -73.96406507049177, 40.732779040653803 ], [ -73.962304080110599, 40.733114091410833 ], [ -73.961574943067248, 40.735179614928789 ], [ -73.958375079027789, 40.738096949368817 ], [ -73.956930028651101, 40.738887073071744 ], [ -73.954395554170659, 40.739114772522726 ] ] ], [ [ [ -73.962467900110468, 40.724131579601504 ], [ -73.962007448494973, 40.723991901304004 ], [ -73.962072719219194, 40.723880300201671 ], [ -73.962467900110468, 40.724131579601504 ] ] ] ] } },
{ "type": "Feature", "properties": { "id": 113, "name": "Greenwich Village North", "borough": "Manhattan" }, "geometry": { "type": "Polygon", "coordinates": [ [ [ -73.98990295999991, 40.734434790000108 ], [ -73.991548326999862, 40.727089471000134 ], [ -73.996572144999789, 40.729552234000096 ], [ -73.995562454999956, 40.730715216000128 ], [ -74.000066577, 40.732929236000103 ], [ -73.996839938999983, 40.737360889000144 ], [ -73.98990295999991, 40.734434790000108 ] ] ] } },
{ "type": "Feature", "properties": { "id": 114, "name": "Greenwich Village South", "borough": "Manhattan" }, "geometry": { "type": "Polygon", "coordinates": [ [ [ -73.992579873999915, 40.724201555000107 ], [ -73.996771757999895, 40.7254319440001 ], [ -74.002817265999923, 40.72836312900013 ], [ -74.000066577, 40.732929236000103 ], [ -73.995562454999956, 40.730715216000128 ], [ -73.996572144999789, 40.729552234000096 ], [ -73.991548326999862, 40.727089471000134 ], [ -73.992579873999915, 40.724201555000107 ] ] ] } },
{ "type": "Feature", "properties": { "id": 115, "name": "Grymes Hill/Clifton", "borough": "Staten Island" }, "geometry": { "type": "Polygon", "coordinates": [ [ [ -74.080695148, 40.627536897000063 ], [ -74.083261074999967, 40.62719474300016 ], [ -74.084962118999911, 40.624625233000124 ], [ -74.086267565999961, 40.617832011000154 ], [ -74.08785147699993, 40.615243073000123 ], [ -74.08720982799997, 40.61330697400016 ], [ -74.080000948999938, 40.618552952000094 ], [ -74.072535516999878, 40.622464022000081 ], [ -74.071134623, 40.620359948000122 ], [ -74.0718329299999, 40.618900751000119 ], [ -74.075025698999937, 40.616378739000041 ], [ -74.081554700999902, 40.606290297000079 ], [ -74.085427561999936, 40.607022390000076 ], [ -74.094109590999921, 40.610406552000079 ], [ -74.0977696879999, 40.610623593000085 ], [ -74.103509252999942, 40.616416075000117 ], [ -74.092239713999902, 40.625742915000103 ], [ -74.089340456999963, 40.629923285000125 ], [ -74.08574928999991, 40.633955557000078 ], [ -74.081406154999939, 40.630301236000058 ], [ -74.081731353999885, 40.630012226000161 ], [ -74.07972492199994, 40.628950688000053 ], [ -74.080695148, 40.627536897000063 ] ] ] } },
{ "type": "Feature", "properties": { "id": 116, "name": "Hamilton Heights", "borough": "Manhattan" }, "geometry": { "type": "Polygon", "coordinates": [ [ [ -73.939248856999868, 40.828296351000084 ], [ -73.945154569999943, 40.820876265000116 ], [ -73.948082897999825, 40.822108022000123 ], [ -73.948540297999827, 40.821487623000102 ], [ -73.94992194399984, 40.822072314000067 ], [ -73.950828800000025, 40.820827937000075 ], [ -73.956340103999821, 40.823092328000065 ], [ -73.959544725524751, 40.823644941829478 ], [ -73.956317845103058, 40.827944215388754 ], [ -73.955039129783998, 40.827413431912007 ], [ -73.954541880621221, 40.827861476365698 ], [ -73.950155210482933, 40.834396759408094 ], [ -73.938640266999968, 40.82973887400005 ], [ -73.939248856999868, 40.828296351000084 ] ] ] } },
{ "type": "Feature", "properties": { "id": 117, "name": "Hammels/Arverne", "borough": "Queens" }, "geometry": { "type": "Polygon", "coordinates": [ [ [ -73.777687594254644, 40.609804581371378 ], [ -73.775222550769698, 40.60970354714707 ], [ -73.774128973942226, 40.608746595868311 ], [ -73.774814410089178, 40.608399563112528 ], [ -73.774217377533475, 40.607636638971606 ], [ -73.774602945990736, 40.607417648882731 ], [ -73.774848865464861, 40.608024833159881 ], [ -73.775238519861716, 40.608550943000395 ], [ -73.776007721528273, 40.609190754248331 ], [ -73.774590094695085, 40.607297657095572 ], [ -73.775187112613253, 40.604500256318616 ], [ -73.77469363854064, 40.604306964817461 ], [ -73.775881405821593, 40.603471681753604 ], [ -73.776053917610653, 40.602752894402407 ], [ -73.77568814362705, 40.602814740670745 ], [ -73.778368729269644, 40.600838780075932 ], [ -73.778158213094926, 40.600402085303209 ], [ -73.780172105475756, 40.600697832845455 ], [ -73.781940900741859, 40.599073841775784 ], [ -73.781857256984495, 40.598372930185256 ], [ -73.780054936955509, 40.59686134490908 ], [ -73.777421748107585, 40.59881240436161 ], [ -73.77599890906717, 40.601393345907887 ], [ -73.774975136495186, 40.601748179412041 ], [ -73.773632440610314, 40.598153123466901 ], [ -73.773005924908418, 40.597867499657326 ], [ -73.769477251045785, 40.598257769727681 ], [ -73.76809925802587, 40.597845970055062 ], [ -73.767718117999934, 40.596261310000116 ], [ -73.767177200999967, 40.596623181000091 ], [ -73.76695532899997, 40.598067274000101 ], [ -73.765996893999855, 40.598721062000074 ], [ -73.76654204999997, 40.599434442000103 ], [ -73.764445824999967, 40.600435241000099 ], [ -73.763360964999961, 40.599105043000144 ], [ -73.761657972999842, 40.599973070000061 ], [ -73.761287533999948, 40.599549271000136 ], [ -73.763334496999903, 40.597822874000101 ], [ -73.762778455999879, 40.594756544000099 ], [ -73.764401830999859, 40.594571683000098 ], [ -73.763762234236992, 40.59143970901701 ], [ -73.780430361018915, 40.589596621429244 ], [ -73.788602984598612, 40.587484446052997 ], [ -73.79670174417555, 40.586367271524807 ], [ -73.807835029654626, 40.584014950353129 ], [ -73.813524487275586, 40.583473149046924 ], [ -73.817307959161155, 40.582334758970191 ], [ -73.817510591999934, 40.582785271000127 ], [ -73.815445178999965, 40.583373492000135 ], [ -73.817883223999814, 40.587448469000073 ], [ -73.819094073999963, 40.587831961000077 ], [ -73.81741586147443, 40.588917014109882 ], [ -73.817638004505099, 40.589285799485388 ], [ -73.813409833446329, 40.590917823111958 ], [ -73.813588566126256, 40.591697685823803 ], [ -73.813234744325854, 40.591070740017763 ], [ -73.811703448363417, 40.591593746638075 ], [ -73.811494235858589, 40.592901326696968 ], [ -73.811325545675345, 40.591746496145952 ], [ -73.810817918746324, 40.592090268696239 ], [ -73.811385931520334, 40.592442318454765 ], [ -73.811407512271572, 40.592871257238912 ], [ -73.811072870210509, 40.593022330572268 ], [ -73.811373312896393, 40.592703054284392 ], [ -73.810749749133109, 40.592792113552754 ], [ -73.811358293157781, 40.592462584045094 ], [ -73.810939658946012, 40.592546847806908 ], [ -73.810805379044155, 40.592092095735346 ], [ -73.809911300159911, 40.592253717682674 ], [ -73.810061845040636, 40.593077610897403 ], [ -73.809731383937091, 40.592404186053493 ], [ -73.809591704930881, 40.593580688618253 ], [ -73.806028074598572, 40.592009309004659 ], [ -73.805779028390475, 40.590759499668799 ], [ -73.805813426123393, 40.591868861502263 ], [ -73.804303335082153, 40.591318878804756 ], [ -73.804165691030235, 40.591854709832973 ], [ -73.807826111433954, 40.593369934825645 ], [ -73.807977570993302, 40.594157868664581 ], [ -73.80711253952029, 40.595284075424495 ], [ -73.806041498073853, 40.595554555213731 ], [ -73.804114599546509, 40.594319170453574 ], [ -73.803809022312024, 40.59289116392555 ], [ -73.802438462903098, 40.592640063835283 ], [ -73.802509650872722, 40.593948128041696 ], [ -73.803135034407177, 40.593757943071466 ], [ -73.803180821908967, 40.593945378131139 ], [ -73.802568376010541, 40.594272266994309 ], [ -73.803242531709984, 40.594087239865559 ], [ -73.803287938930254, 40.594282115891971 ], [ -73.802345138456573, 40.594495975257075 ], [ -73.803440170414476, 40.594434209176995 ], [ -73.803196753649615, 40.594678199883433 ], [ -73.803377543038266, 40.594869040659233 ], [ -73.803655193134929, 40.594730642030243 ], [ -73.803724542673748, 40.594817111980142 ], [ -73.803214942512355, 40.59514564845081 ], [ -73.803895070067256, 40.594990875367444 ], [ -73.803314537290632, 40.595179561939673 ], [ -73.803684686957283, 40.595197790184002 ], [ -73.804864626469382, 40.596733628351693 ], [ -73.805134062527557, 40.596607588970691 ], [ -73.805248325382479, 40.596895032613752 ], [ -73.805192434942228, 40.597190375995815 ], [ -73.804875652149107, 40.596748535931845 ], [ -73.80511185479908, 40.597151047998246 ], [ -73.804711122280267, 40.597674663195356 ], [ -73.802979433257477, 40.598844304553197 ], [ -73.800915006239435, 40.599390761135915 ], [ -73.794573615958299, 40.599419024305952 ], [ -73.792332564495084, 40.59995439142606 ], [ -73.787857556335297, 40.603111171930266 ], [ -73.786353328118082, 40.603194659038621 ], [ -73.787929941926549, 40.600995303051242 ], [ -73.790340065509852, 40.599191676360249 ], [ -73.791070794366917, 40.597198362373092 ], [ -73.791025366527634, 40.595527157216125 ], [ -73.790420482309017, 40.594752695008481 ], [ -73.790570041960365, 40.594951800299938 ], [ -73.790806261416776, 40.596093395884452 ], [ -73.790594429740409, 40.596108384773011 ], [ -73.790152636488202, 40.594768202272988 ], [ -73.790424814722769, 40.596053932154085 ], [ -73.790178300013153, 40.596071319704613 ], [ -73.790131194915986, 40.594822874798631 ], [ -73.789739018898189, 40.594743668554756 ], [ -73.78999909439095, 40.596208943503477 ], [ -73.789402427099745, 40.594949785523902 ], [ -73.789068291214804, 40.598019927382808 ], [ -73.785971097662156, 40.600316491814873 ], [ -73.785393580870291, 40.601518021708664 ], [ -73.78350560905308, 40.602563438742862 ], [ -73.783128024057419, 40.603760992853296 ], [ -73.783947649711919, 40.604824425117023 ], [ -73.783666962922439, 40.60532443693446 ], [ -73.779270154449378, 40.609307361807716 ], [ -73.777687594254644, 40.609804581371378 ] ] ] } },
{ "type": "Feature", "properties": { "id": 118, "name": "Heartland Village/Todt Hill", "borough": "Staten Island" }, "geometry": { "type": "Polygon", "coordinates": [ [ [ -74.108344178999957, 40.610234767000151 ], [ -74.095558297999929, 40.61062477800008 ], [ -74.090454958999956, 40.609094526000106 ], [ -74.092719080999927, 40.606362222000122 ], [ -74.092441452999864, 40.604119586000067 ], [ -74.092900363999959, 40.601358872000112 ], [ -74.091720514999949, 40.599220857000063 ], [ -74.091928278999873, 40.59850405100012 ], [ -74.093754537999985, 40.596744890000089 ], [ -74.097220728999972, 40.595365155000053 ], [ -74.100414989999919, 40.59334309300008 ], [ -74.100975796999947, 40.591832234000044 ], [ -74.100882516999945, 40.590179216000102 ], [ -74.101494822999939, 40.589344261000107 ], [ -74.107908515999952, 40.583685638000119 ], [ -74.113069544999945, 40.580768522000071 ], [ -74.115625780999878, 40.578479753000117 ], [ -74.117020784999951, 40.578196926000061 ], [ -74.119109548999944, 40.576157252000087 ], [ -74.121257138999894, 40.575254894000111 ], [ -74.127088146999952, 40.576369106000129 ], [ -74.127653581999922, 40.575234943000076 ], [ -74.132610229999912, 40.573530163000093 ], [ -74.144185881999988, 40.572037410000078 ], [ -74.143874535999913, 40.570606594000097 ], [ -74.144387449999911, 40.569706101000101 ], [ -74.147897168999961, 40.570887286000165 ], [ -74.154664477, 40.565513443000107 ], [ -74.157259741999951, 40.562553319000102 ], [ -74.164941493999905, 40.560111797000097 ], [ -74.169825824000014, 40.561090421000102 ], [ -74.169954655999945, 40.573458038000112 ], [ -74.168429161999939, 40.586497923000081 ], [ -74.167691524999896, 40.588831493000058 ], [ -74.16260370599997, 40.593157366000121 ], [ -74.161899405999961, 40.595298771000138 ], [ -74.159892278999962, 40.595170141000061 ], [ -74.148198076999904, 40.588599681000133 ], [ -74.138644585999955, 40.589060805000102 ], [ -74.13385485799995, 40.59635784600011 ], [ -74.130919094, 40.598855048000097 ], [ -74.125061154999969, 40.598180056000075 ], [ -74.120704242999949, 40.600705981000083 ], [ -74.120595462999958, 40.601809758000101 ], [ -74.114870583999888, 40.602136660000141 ], [ -74.115877163999926, 40.607257471000032 ], [ -74.11706965299993, 40.60820625000013 ], [ -74.117424665, 40.609289009000115 ], [ -74.121168798999918, 40.608834376000075 ], [ -74.121351795999942, 40.60976526800011 ], [ -74.115087453999877, 40.61120943100012 ], [ -74.108344178999957, 40.610234767000151 ] ] ] } },
{ "type": "Feature", "properties": { "id": 119, "name": "Highbridge", "borough": "Bronx" }, "geometry": { "type": "Polygon", "coordinates": [ [ [ -73.924783187999907, 40.844752665000073 ], [ -73.917292249999917, 40.8451099400001 ], [ -73.917949651999876, 40.842229571000168 ], [ -73.916183443999913, 40.842334900000104 ], [ -73.919016684000042, 40.838381093000081 ], [ -73.923990494999913, 40.835052298000086 ], [ -73.925375400999826, 40.832628096000136 ], [ -73.928027248999967, 40.829719539000067 ], [ -73.930034915999926, 40.82858759000009 ], [ -73.933072510840717, 40.828156152518297 ], [ -73.933605920367057, 40.832789530520969 ], [ -73.933143067092558, 40.835194127616695 ], [ -73.930515723199562, 40.839933642184086 ], [ -73.928615748223308, 40.844676865030117 ], [ -73.928082093868369, 40.845391596916912 ], [ -73.924783187999907, 40.844752665000073 ] ] ] } },
{ "type": "Feature", "properties": { "id": 120, "name": "Highbridge Park", "borough": "Manhattan" }, "geometry": { "type": "Polygon", "coordinates": [ [ [ -73.922954494999885, 40.858850762000074 ], [ -73.92282845999992, 40.856851409000114 ], [ -73.922044922079465, 40.856854159792206 ], [ -73.922278730644791, 40.855654988843938 ], [ -73.929718504775309, 40.845231778263894 ], [ -73.934361215910556, 40.836200619617976 ], [ -73.938385088999951, 40.833113503000085 ], [ -73.940346432999831, 40.830457842000094 ], [ -73.940246008000031, 40.831842121000108 ], [ -73.938042357999933, 40.834288545000092 ], [ -73.936383168999924, 40.837850125000074 ], [ -73.935055087999842, 40.839333236000094 ], [ -73.93556697199989, 40.841712528000123 ], [ -73.930621078999806, 40.848480977000101 ], [ -73.929707315999948, 40.848122612000061 ], [ -73.927079823, 40.851432343000091 ], [ -73.927033156999812, 40.852200775000071 ], [ -73.927695656999816, 40.852487782000082 ], [ -73.924669779999988, 40.85698261100007 ], [ -73.925189249999931, 40.858027537000147 ], [ -73.926175268999899, 40.858154096000121 ], [ -73.926911174999958, 40.85750876000008 ], [ -73.927099515999842, 40.85827552100011 ], [ -73.925286625999874, 40.860125797000165 ], [ -73.924998183999875, 40.86146373800009 ], [ -73.922954494999885, 40.858850762000074 ] ] ] } },
{ "type": "Feature", "properties": { "id": 121, "name": "Hillcrest/Pomonok", "borough": "Queens" }, "geometry": { "type": "Polygon", "coordinates": [ [ [ -73.815049987999842, 40.738943134000117 ], [ -73.795848032999871, 40.738074680000089 ], [ -73.794586331999909, 40.735052252000067 ], [ -73.794594864999937, 40.733409358000081 ], [ -73.793789386999961, 40.730701182000146 ], [ -73.790451493000035, 40.723554532000044 ], [ -73.79037661699995, 40.720103724000118 ], [ -73.790732488999822, 40.719208757000061 ], [ -73.793154933999944, 40.718917579000063 ], [ -73.800216726999906, 40.716737859000069 ], [ -73.807809276999947, 40.715853896000105 ], [ -73.809040326999835, 40.719911605000071 ], [ -73.804526801999813, 40.72146254600009 ], [ -73.804879582999817, 40.72504959300008 ], [ -73.806521423999953, 40.724873064000086 ], [ -73.807170422999931, 40.728269133000069 ], [ -73.811117972999895, 40.727816416000138 ], [ -73.810744265999858, 40.72626511300011 ], [ -73.815100240999854, 40.728543423000112 ], [ -73.81469163099986, 40.735949994000151 ], [ -73.815049987999842, 40.738943134000117 ] ] ] } },
{ "type": "Feature", "properties": { "id": 122, "name": "Hollis", "borough": "Queens" }, "geometry": { "type": "Polygon", "coordinates": [ [ [ -73.758327286999972, 40.719582089000049 ], [ -73.753708345999925, 40.713324637000049 ], [ -73.750470581999849, 40.705639931000142 ], [ -73.760955466000041, 40.702909578000146 ], [ -73.761263592999967, 40.703598940000106 ], [ -73.766124893999987, 40.702334486000105 ], [ -73.766572825, 40.702751621000161 ], [ -73.768259690999926, 40.709526368000162 ], [ -73.771724446999983, 40.710316819000113 ], [ -73.769439870999918, 40.711976893000056 ], [ -73.771921221000014, 40.715685045000143 ], [ -73.766640951999875, 40.717646614000067 ], [ -73.765714472, 40.716393379000067 ], [ -73.758327286999972, 40.719582089000049 ] ] ] } },
{ "type": "Feature", "properties": { "id": 123, "name": "Homecrest", "borough": "Brooklyn" }, "geometry": { "type": "Polygon", "coordinates": [ [ [ -73.962859739999843, 40.612549486000091 ], [ -73.962379477999775, 40.609986374000165 ], [ -73.958592784999865, 40.610403031000075 ], [ -73.956830015999913, 40.601087349000167 ], [ -73.957757459999868, 40.600985889000142 ], [ -73.95607720399984, 40.592101432000135 ], [ -73.957003303999969, 40.592002256000086 ], [ -73.956193136999858, 40.587762269000137 ], [ -73.960349535999882, 40.587306286000135 ], [ -73.960679840999902, 40.591597582000148 ], [ -73.971151017999944, 40.590442444000097 ], [ -73.971896847999815, 40.594352511000103 ], [ -73.97132951099988, 40.596352431000149 ], [ -73.971910804999894, 40.599423059000102 ], [ -73.972911169000014, 40.599315804000163 ], [ -73.972177428000023, 40.604194712000051 ], [ -73.972994339999829, 40.608814142000078 ], [ -73.964296498999914, 40.609776426000117 ], [ -73.964781127999856, 40.612330922000091 ], [ -73.962859739999843, 40.612549486000091 ] ] ] } },
{ "type": "Feature", "properties": { "id": 124, "name": "Howard Beach", "borough": "Queens" }, "geometry": { "type": "MultiPolygon", "coordinates": [ [ [ [ -73.861318635999851, 40.675021269000077 ], [ -73.842435853999888, 40.669288557000115 ], [ -73.842158021999921, 40.668701448000071 ], [ -73.833348192999949, 40.666773187000146 ], [ -73.828599423999847, 40.657196973000097 ], [ -73.826392428722357, 40.648324348808039 ], [ -73.828914755974949, 40.649379155820853 ], [ -73.830936513534809, 40.651626129256009 ], [ -73.831331514032684, 40.652747557442822 ], [ -73.831583220596585, 40.653813786333885 ], [ -73.82901417557953, 40.656107884452602 ], [ -73.830443280719223, 40.655519472444659 ], [ -73.830602459747553, 40.65480688977776 ], [ -73.831708144115296, 40.653931174297078 ], [ -73.832216985185752, 40.654460386293138 ], [ -73.831493301030051, 40.654979820539872 ], [ -73.831161008096274, 40.655919233737357 ], [ -73.829376034107227, 40.656506335216164 ], [ -73.828967787402959, 40.657205247920253 ], [ -73.829179197345681, 40.657799778544472 ], [ -73.83013028740389, 40.658402643721352 ], [ -73.829707068389055, 40.658502513864683 ], [ -73.82959986903019, 40.658656806915573 ], [ -73.830149501047586, 40.659808684957497 ], [ -73.82969520083391, 40.658655928691665 ], [ -73.830244270393749, 40.658349969348372 ], [ -73.829094348252028, 40.657334218663514 ], [ -73.829502651198368, 40.65664743198343 ], [ -73.831271125681084, 40.656003271494868 ], [ -73.831852384792896, 40.654885038267111 ], [ -73.832181860680194, 40.654894751954956 ], [ -73.83290309524601, 40.657483771623205 ], [ -73.831943945782555, 40.656171427253589 ], [ -73.832600363705993, 40.657826591627519 ], [ -73.830969079966678, 40.658230294172533 ], [ -73.833384394725442, 40.658051859208186 ], [ -73.831091844641179, 40.648484806759484 ], [ -73.831669027678075, 40.647972211017859 ], [ -73.83561034795801, 40.648505684700723 ], [ -73.838785175031248, 40.661088448434981 ], [ -73.838058009486161, 40.662006063339255 ], [ -73.838736085559404, 40.662454060021261 ], [ -73.839979499756254, 40.661904273862433 ], [ -73.839787526129328, 40.660485998048202 ], [ -73.835923200732836, 40.645499790675153 ], [ -73.849506990841647, 40.644133765678959 ], [ -73.851832807376582, 40.645860056712813 ], [ -73.852303498862256, 40.647771028550402 ], [ -73.851590891323468, 40.649096478442324 ], [ -73.850905524614049, 40.649168196000559 ], [ -73.850576535985653, 40.650349925193012 ], [ -73.849257268408138, 40.651031532551151 ], [ -73.849397664063218, 40.651434878950518 ], [ -73.850784997261897, 40.651532851904499 ], [ -73.852509496122025, 40.650551403712008 ], [ -73.855919329447488, 40.651309261666263 ], [ -73.856712889722687, 40.652801664541769 ], [ -73.858281323838227, 40.652994872152007 ], [ -73.859305735544183, 40.654972383384511 ], [ -73.861363819503907, 40.656414754165503 ], [ -73.85983363521494, 40.656977063220637 ], [ -73.859635586693699, 40.658457772056742 ], [ -73.860232363275585, 40.658897130560227 ], [ -73.860980775406915, 40.658381303343468 ], [ -73.860612073112108, 40.659326534605327 ], [ -73.861249433982607, 40.658720910078848 ], [ -73.860958920956989, 40.658060943023102 ], [ -73.859768395888992, 40.658281936345936 ], [ -73.860575516856684, 40.657836052233897 ], [ -73.860341647048685, 40.657247905698192 ], [ -73.860875976075789, 40.656908162070252 ], [ -73.861613711636139, 40.656996510253066 ], [ -73.861703012693226, 40.658024889483642 ], [ -73.862697782997657, 40.657618309006345 ], [ -73.863170832999955, 40.658276512000128 ], [ -73.860359781999904, 40.659645829000112 ], [ -73.857610527999853, 40.660108356000109 ], [ -73.858429508999919, 40.663453360000062 ], [ -73.855684611999877, 40.663867492000122 ], [ -73.857633230999866, 40.671656194000072 ], [ -73.860389379000011, 40.671268775000073 ], [ -73.861318635999851, 40.675021269000077 ] ] ], [ [ [ -73.830327253370584, 40.65513280580349 ], [ -73.830266018514919, 40.655428646784927 ], [ -73.829889198560281, 40.655522822584281 ], [ -73.82994556435834, 40.655424494353191 ], [ -73.830327253370584, 40.65513280580349 ] ] ], [ [ [ -73.859755336866328, 40.654104176095125 ], [ -73.86048308199986, 40.654658928000075 ], [ -73.860989173769454, 40.655209767052753 ], [ -73.859792427507415, 40.654476157377161 ], [ -73.859755336866328, 40.654104176095125 ] ] ], [ [ [ -73.858980029895676, 40.652675457917908 ], [ -73.859755336866328, 40.654104176095125 ], [ -73.859410229425762, 40.653864737925211 ], [ -73.858980029895676, 40.652675457917908 ] ] ], [ [ [ -73.858980029895676, 40.652675457917908 ], [ -73.857319415155132, 40.651237099008021 ], [ -73.85695870295892, 40.650587373487319 ], [ -73.858980029895676, 40.652675457917908 ] ] ] ] } },
{ "type": "Feature", "properties": { "id": 125, "name": "Hudson Sq", "borough": "Manhattan" }, "geometry": { "type": "Polygon", "coordinates": [ [ [ -74.010672649999961, 40.72911266600007 ], [ -74.002148914999964, 40.728035367000096 ], [ -74.003730175, 40.726250059000144 ], [ -74.005309860999901, 40.721824192000078 ], [ -74.010812382999902, 40.72578980300014 ], [ -74.011354282999946, 40.724277183000062 ], [ -74.011964320245497, 40.72432986462006 ], [ -74.011653265699422, 40.725871761851536 ], [ -74.015204265311311, 40.72636194937985 ], [ -74.01512356549452, 40.726793942564775 ], [ -74.011542018976002, 40.726447346927266 ], [ -74.011383236023661, 40.728229272183739 ], [ -74.010767914999988, 40.72817395800012 ], [ -74.010672649999961, 40.72911266600007 ] ] ] } },
{ "type": "Feature", "properties": { "id": 126, "name": "Hunts Point", "borough": "Bronx" }, "geometry": { "type": "Polygon", "coordinates": [ [ [ -73.886096241999866, 40.827655777000082 ], [ -73.887534295999856, 40.822509339000135 ], [ -73.884398548999897, 40.82296557600008 ], [ -73.88244779599998, 40.819268323000109 ], [ -73.878062832999902, 40.816182632000128 ], [ -73.876634599818473, 40.815711508049759 ], [ -73.876731855068215, 40.815386496486759 ], [ -73.872394379000966, 40.813974335606019 ], [ -73.870568069279273, 40.812087317622591 ], [ -73.870553421916284, 40.81124338072307 ], [ -73.868112191400584, 40.806751832831978 ], [ -73.871745093739079, 40.801547366116331 ], [ -73.872380604537028, 40.801290114632906 ], [ -73.872346849988347, 40.800174763010645 ], [ -73.87297862944645, 40.800250689026598 ], [ -73.872705037585959, 40.801167176810765 ], [ -73.873550965725016, 40.800853302772033 ], [ -73.875265170373268, 40.801398152548678 ], [ -73.878142188199291, 40.801319290306701 ], [ -73.877906464952105, 40.802271801020332 ], [ -73.878432955134485, 40.802702734695117 ], [ -73.880054629848843, 40.802760151407767 ], [ -73.883723266659175, 40.801862843941223 ], [ -73.885051723367084, 40.802130906798162 ], [ -73.887958972239446, 40.804997925920794 ], [ -73.889278925866861, 40.80518182876024 ], [ -73.88922416091161, 40.805845351192147 ], [ -73.889995981707642, 40.804886286752968 ], [ -73.889374392536894, 40.805925273115399 ], [ -73.891786181355982, 40.805622892086404 ], [ -73.891979295342779, 40.806384708976395 ], [ -73.892706810663455, 40.806343949098263 ], [ -73.892531771394246, 40.805656551568482 ], [ -73.892273158435273, 40.805702433124985 ], [ -73.891284024139168, 40.804976281899343 ], [ -73.892566677384167, 40.805620710004902 ], [ -73.892748140374096, 40.806340261302182 ], [ -73.894853605358662, 40.80621490815895 ], [ -73.894842959836225, 40.8057239970124 ], [ -73.895098364873974, 40.80686363917372 ], [ -73.895506339685724, 40.80659530530383 ], [ -73.895279628740099, 40.805766184068084 ], [ -73.895591090918188, 40.806581343347695 ], [ -73.895977946877551, 40.806517615839724 ], [ -73.895874815993025, 40.805808511582576 ], [ -73.896108245178766, 40.806496150951446 ], [ -73.897496819538759, 40.806214400202727 ], [ -73.897414726985673, 40.805800059478258 ], [ -73.898013408961504, 40.806166604361991 ], [ -73.897871279906511, 40.805534981759834 ], [ -73.898161107526832, 40.80613807010004 ], [ -73.898539262449148, 40.80541173173166 ], [ -73.902222847497185, 40.804948113094966 ], [ -73.90307457199998, 40.809880612000065 ], [ -73.89759123799989, 40.813776873000116 ], [ -73.895428587999859, 40.815844672000082 ], [ -73.897044666999903, 40.816801860000083 ], [ -73.892836531000015, 40.82097405500015 ], [ -73.895881358999901, 40.820992575000069 ], [ -73.895860195999816, 40.822631046000055 ], [ -73.893200049999962, 40.82400818300011 ], [ -73.894870885000017, 40.823937272000116 ], [ -73.894835228999924, 40.826246841000135 ], [ -73.892932260999814, 40.826787037000116 ], [ -73.887895109999917, 40.826743185000062 ], [ -73.886096241999866, 40.827655777000082 ] ] ] } },
{ "type": "Feature", "properties": { "id": 127, "name": "Inwood", "borough": "Manhattan" }, "geometry": { "type": "MultiPolygon", "coordinates": [ [ [ [ -73.911542811165333, 40.873253706161911 ], [ -73.910438247278691, 40.87137747855197 ], [ -73.910929507066214, 40.869435919113549 ], [ -73.911477524148026, 40.869452342443218 ], [ -73.911130135452538, 40.868920300919029 ], [ -73.912547751302867, 40.866514943004539 ], [ -73.913918631332294, 40.864745584403742 ], [ -73.914923879278575, 40.864580378919314 ], [ -73.914411133926166, 40.864173627375727 ], [ -73.915899116457851, 40.864308038085241 ], [ -73.91519574800094, 40.863945224736021 ], [ -73.915386730511486, 40.863084384200917 ], [ -73.917294677416763, 40.861679418230857 ], [ -73.919502136609324, 40.85879113379066 ], [ -73.921590148482238, 40.860072800027062 ], [ -73.921866337836519, 40.859181340149952 ], [ -73.920938690169407, 40.858120674461709 ], [ -73.920609316608761, 40.858018696153231 ], [ -73.920484385475206, 40.858232548062638 ], [ -73.920351428754429, 40.858195220619322 ], [ -73.921591607045656, 40.857065154233545 ], [ -73.92282845999992, 40.856851409000114 ], [ -73.92295846599977, 40.858913781000162 ], [ -73.927269150999848, 40.865534560000143 ], [ -73.928722031999925, 40.866742663000075 ], [ -73.926233133999972, 40.868506138000122 ], [ -73.921359754999926, 40.869551854000086 ], [ -73.919254817999771, 40.871007842000104 ], [ -73.91969887499998, 40.872064776000144 ], [ -73.918459308999928, 40.873022053000113 ], [ -73.914009854999904, 40.871160594000138 ], [ -73.911542811165333, 40.873253706161911 ] ] ], [ [ [ -73.921698419046962, 40.856672301855127 ], [ -73.922296110072409, 40.855663835114711 ], [ -73.922344593870562, 40.855682335907552 ], [ -73.921698419046962, 40.856672301855127 ] ] ] ] } },
{ "type": "Feature", "properties": { "id": 128, "name": "Inwood Hill Park", "borough": "Manhattan" }, "geometry": { "type": "MultiPolygon", "coordinates": [ [ [ [ -73.923629739751988, 40.878963943121732 ], [ -73.92363695289211, 40.878815355932268 ], [ -73.923679193116811, 40.878826074498818 ], [ -73.923629739751988, 40.878963943121732 ] ] ], [ [ [ -73.926405569211198, 40.877621476537591 ], [ -73.926151994052944, 40.877086229220936 ], [ -73.924827554662485, 40.877444775287366 ], [ -73.922583871708937, 40.876922539288564 ], [ -73.922535318944171, 40.874240377543465 ], [ -73.921169296781002, 40.873069392288244 ], [ -73.919783129445335, 40.873603697435769 ], [ -73.920802556303471, 40.874194058866813 ], [ -73.921181865089764, 40.875137840850904 ], [ -73.920903255154215, 40.875466166382772 ], [ -73.918857942434997, 40.874643248760989 ], [ -73.919281021758437, 40.873636557546071 ], [ -73.918553650264613, 40.873180588115595 ], [ -73.917577298847306, 40.874548678547455 ], [ -73.91787144917501, 40.873904995288846 ], [ -73.915224021460503, 40.874486621868314 ], [ -73.911542811165333, 40.873253706161911 ], [ -73.914009854999904, 40.871160594000138 ], [ -73.918459308999928, 40.873022053000113 ], [ -73.91969887499998, 40.872064776000144 ], [ -73.919254817999771, 40.871007842000104 ], [ -73.921359754999926, 40.869551854000086 ], [ -73.926233133999972, 40.868506138000122 ], [ -73.928722031999925, 40.866742663000075 ], [ -73.932206005318662, 40.870096445104714 ], [ -73.929179682559649, 40.87555554896651 ], [ -73.926405569211198, 40.877621476537591 ] ] ] ] } },
{ "type": "Feature", "properties": { "id": 129, "name": "Jackson Heights", "borough": "Queens" }, "geometry": { "type": "Polygon", "coordinates": [ [ [ -73.876387924000014, 40.768999558000154 ], [ -73.874995750999858, 40.761264322000116 ], [ -73.876013718999957, 40.76144373200011 ], [ -73.875138743000036, 40.756633816000111 ], [ -73.873657217999835, 40.75680348600013 ], [ -73.869424585999852, 40.749156852000119 ], [ -73.891750487999843, 40.746811728000075 ], [ -73.896242455999882, 40.748719545000064 ], [ -73.899845926999831, 40.757562153000052 ], [ -73.89735543399992, 40.76185091400005 ], [ -73.894376247999972, 40.765526585000089 ], [ -73.893251087999772, 40.766271446000168 ], [ -73.890890436999968, 40.765858198000117 ], [ -73.885062660999935, 40.767598943000131 ], [ -73.876089496999839, 40.771536903000069 ], [ -73.876387924000014, 40.768999558000154 ] ] ] } },
{ "type": "Feature", "properties": { "id": 130, "name": "Jamaica", "borough": "Queens" }, "geometry": { "type": "Polygon", "coordinates": [ [ [ -73.769625523999949, 40.711786320000115 ], [ -73.771724446999983, 40.710316819000113 ], [ -73.768445464999843, 40.70963702700007 ], [ -73.774308435999885, 40.707393668000137 ], [ -73.775554510999953, 40.70607083500007 ], [ -73.775592187999905, 40.705329308000138 ], [ -73.775074622999824, 40.705239984000073 ], [ -73.772307686999966, 40.700571507000099 ], [ -73.77395659499993, 40.69980578100008 ], [ -73.780344912000032, 40.705412417000055 ], [ -73.782565825999953, 40.705424864000094 ], [ -73.792391702999879, 40.702166530000085 ], [ -73.791869165999913, 40.701366137000086 ], [ -73.792605067999872, 40.700432100000086 ], [ -73.797861933999968, 40.697993404000094 ], [ -73.806424793999838, 40.69087385800011 ], [ -73.808902169000035, 40.692564349000122 ], [ -73.810632982999962, 40.691947383000084 ], [ -73.816378244999925, 40.702451964000076 ], [ -73.81152856899989, 40.702272875000119 ], [ -73.812012485999816, 40.705944945000127 ], [ -73.806948562999921, 40.707367100000091 ], [ -73.805647730999894, 40.704671728000143 ], [ -73.801657255999928, 40.705761475000038 ], [ -73.803024147999878, 40.708139657000146 ], [ -73.801414162999905, 40.709686873000088 ], [ -73.798701506999919, 40.710663377000074 ], [ -73.797768101999878, 40.709143188000091 ], [ -73.789283350999966, 40.712031729000131 ], [ -73.786575286999849, 40.711972493000104 ], [ -73.771921219999911, 40.715685044000097 ], [ -73.769625523999949, 40.711786320000115 ] ] ] } },
{ "type": "Feature", "properties": { "id": 131, "name": "Jamaica Estates", "borough": "Queens" }, "geometry": { "type": "Polygon", "coordinates": [ [ [ -73.777325628999975, 40.722392701000125 ], [ -73.774371087, 40.724261132000059 ], [ -73.769240748999934, 40.725902701000074 ], [ -73.765682531999872, 40.726377524000085 ], [ -73.759948541000028, 40.725805278000109 ], [ -73.756697712999866, 40.72622871100009 ], [ -73.755086250999909, 40.724490060000043 ], [ -73.755771209999978, 40.723640216000106 ], [ -73.752334383999795, 40.720262461000132 ], [ -73.757256714999855, 40.718138602000103 ], [ -73.758327286999972, 40.719582089000049 ], [ -73.765714472, 40.716393379000067 ], [ -73.766640951999875, 40.717646614000067 ], [ -73.773571351999962, 40.715120095000046 ], [ -73.786575286999849, 40.711972493000104 ], [ -73.789283350999966, 40.712031729000131 ], [ -73.793038000999886, 40.71071107500007 ], [ -73.793585702999977, 40.714128678000073 ], [ -73.792404133999909, 40.71619304100011 ], [ -73.792013765999968, 40.717967687000133 ], [ -73.790732488999822, 40.719208757000061 ], [ -73.790302673999989, 40.720891465000093 ], [ -73.790451493000035, 40.723554532000044 ], [ -73.791744726999923, 40.725788850000136 ], [ -73.777575068999866, 40.730193273000062 ], [ -73.775233871999802, 40.725237533000069 ], [ -73.778037659999796, 40.723284269000047 ], [ -73.777325628999975, 40.722392701000125 ] ] ] } },
{ "type": "Feature", "properties": { "id": 132, "name": "JFK Airport", "borough": "Queens" }, "geometry": { "type": "MultiPolygon", "coordinates": [ [ [ [ -73.827897587999971, 40.663906307000104 ], [ -73.814969224999857, 40.662472668000092 ], [ -73.811766948999932, 40.662934535000097 ], [ -73.808450160999897, 40.664461301000145 ], [ -73.800728892, 40.665269377000087 ], [ -73.784814554999926, 40.663498582000095 ], [ -73.780755286, 40.662406602000097 ], [ -73.774189235999927, 40.659860524000109 ], [ -73.754110866999881, 40.648697665000107 ], [ -73.755223868999948, 40.647444469000078 ], [ -73.753401895071647, 40.646807461209484 ], [ -73.753761463613728, 40.646686322658205 ], [ -73.749076312912194, 40.643632870051803 ], [ -73.747424620562086, 40.641376468013902 ], [ -73.748492976571256, 40.635671728442027 ], [ -73.752455024706791, 40.633704510035017 ], [ -73.76308661984865, 40.629660374819238 ], [ -73.765007755479701, 40.629413987849823 ], [ -73.764741548263359, 40.629169790935507 ], [ -73.766398005331823, 40.628351215868136 ], [ -73.766999597179904, 40.627528364415895 ], [ -73.768782363168313, 40.624322796087966 ], [ -73.768694429186198, 40.62266565889788 ], [ -73.769521350117074, 40.622118488230008 ], [ -73.769755856151491, 40.621106620196521 ], [ -73.77077016777163, 40.620031182155174 ], [ -73.771603771915423, 40.620343247900017 ], [ -73.771716994236485, 40.62096167889915 ], [ -73.770820697039738, 40.623282997972566 ], [ -73.771555104825637, 40.623362218098436 ], [ -73.775197641758126, 40.626831447195222 ], [ -73.777040800842457, 40.627666469768613 ], [ -73.778806664165714, 40.62749492308167 ], [ -73.779994207817566, 40.626689298035522 ], [ -73.784194832989257, 40.620892669955296 ], [ -73.789496532244115, 40.622746646108112 ], [ -73.783465583876023, 40.628118140878748 ], [ -73.782645434178065, 40.63024796854458 ], [ -73.785702937202231, 40.632094989240542 ], [ -73.786906666922434, 40.632261900864677 ], [ -73.789485194982561, 40.634282143175973 ], [ -73.790769560111386, 40.633863748957189 ], [ -73.79222318018806, 40.635890088140187 ], [ -73.799233145931098, 40.638431752111693 ], [ -73.812033069866729, 40.644305482880931 ], [ -73.818306078197352, 40.646386983037232 ], [ -73.821825136248805, 40.649899795875093 ], [ -73.823483811107465, 40.655369912718825 ], [ -73.822279960404344, 40.659425007931389 ], [ -73.821691394394108, 40.660035086743271 ], [ -73.818695315586794, 40.661105051055436 ], [ -73.812621255176836, 40.660157049898586 ], [ -73.811434550442428, 40.660252885947763 ], [ -73.81143921922407, 40.660745626068142 ], [ -73.818671892888943, 40.662132987254488 ], [ -73.823383243513064, 40.660205747025401 ], [ -73.824980703785528, 40.655431971183859 ], [ -73.822907177008901, 40.648093446004935 ], [ -73.824663635409578, 40.649724875093504 ], [ -73.82499846516194, 40.649376930883072 ], [ -73.825487708148572, 40.649892156941654 ], [ -73.825859620933002, 40.649475601604671 ], [ -73.826144830596689, 40.650081840942718 ], [ -73.826392428222405, 40.648324348808018 ], [ -73.828599423999847, 40.657196973000097 ], [ -73.832705339, 40.665405773000053 ], [ -73.827897587999971, 40.663906307000104 ] ] ], [ [ [ -73.746643028173054, 40.638662249807268 ], [ -73.746539797970399, 40.638711362669852 ], [ -73.746541325220747, 40.638696787991833 ], [ -73.746643028173054, 40.638662249807268 ] ] ], [ [ [ -73.747043163421523, 40.637566426459422 ], [ -73.746943206190991, 40.637529202088686 ], [ -73.747049131705239, 40.637545134399737 ], [ -73.747043163421523, 40.637566426459422 ] ] ], [ [ [ -73.747157816145688, 40.637060524028563 ], [ -73.747064856712441, 40.63716099926858 ], [ -73.746993912285475, 40.637150644843096 ], [ -73.747157816145688, 40.637060524028563 ] ] ] ] } },
{ "type": "Feature", "properties": { "id": 133, "name": "Kensington", "borough": "Brooklyn" }, "geometry": { "type": "Polygon", "coordinates": [ [ [ -73.978190743999917, 40.647525992000112 ], [ -73.977773806000016, 40.64534187700017 ], [ -73.974827418000018, 40.645663421000116 ], [ -73.974642245, 40.644813219000099 ], [ -73.970841137999841, 40.646378571000092 ], [ -73.968038684999854, 40.636650985000131 ], [ -73.970290361999915, 40.636406341000075 ], [ -73.96986869299991, 40.634194675000089 ], [ -73.976049356999937, 40.631275906000063 ], [ -73.976888611999897, 40.635674862000101 ], [ -73.979111886999931, 40.635440386000099 ], [ -73.980420578999883, 40.642385227000105 ], [ -73.982994191999921, 40.641324997000062 ], [ -73.988349866999911, 40.64456224400012 ], [ -73.981805338999962, 40.64712779900006 ], [ -73.978190743999917, 40.647525992000112 ] ] ] } },
{ "type": "Feature", "properties": { "id": 134, "name": "Kew Gardens", "borough": "Queens" }, "geometry": { "type": "Polygon", "coordinates": [ [ [ -73.822885295999953, 40.711928058000133 ], [ -73.820231450999884, 40.709457503000124 ], [ -73.816378244999925, 40.702451964000076 ], [ -73.822458903999944, 40.703655531000074 ], [ -73.831521095999989, 40.701389629000133 ], [ -73.832132041999941, 40.702794081000093 ], [ -73.833917096999883, 40.702347367000129 ], [ -73.834602449999963, 40.703927467000071 ], [ -73.836618821999892, 40.703420018000081 ], [ -73.838095846999892, 40.706164581000131 ], [ -73.837147029999969, 40.707957046000082 ], [ -73.843146252999816, 40.709223456000124 ], [ -73.836005107999867, 40.7117296710001 ], [ -73.831298178999816, 40.71426413300005 ], [ -73.825919451999923, 40.715989876000116 ], [ -73.822885295999953, 40.711928058000133 ] ] ] } },
{ "type": "Feature", "properties": { "id": 135, "name": "Kew Gardens Hills", "borough": "Queens" }, "geometry": { "type": "Polygon", "coordinates": [ [ [ -73.83113122799989, 40.742338000000146 ], [ -73.831430255000043, 40.739135733000147 ], [ -73.830535512999944, 40.737520195000101 ], [ -73.829467519999895, 40.737024483000098 ], [ -73.82809152599998, 40.737083175000151 ], [ -73.827943602999895, 40.738489982000075 ], [ -73.824350110999902, 40.739753606000122 ], [ -73.816932838000014, 40.738389510000125 ], [ -73.816076767999803, 40.738857934000137 ], [ -73.814972082999958, 40.738560716000066 ], [ -73.814691630999903, 40.735949993000105 ], [ -73.815100240999854, 40.728543423000112 ], [ -73.810744265999858, 40.72626511300011 ], [ -73.811117972999895, 40.727816416000138 ], [ -73.807170422999931, 40.728269133000069 ], [ -73.806521423999953, 40.724873064000086 ], [ -73.804879582999817, 40.72504959300008 ], [ -73.804526801999813, 40.72146254600009 ], [ -73.809040326999835, 40.719911605000071 ], [ -73.807809276999947, 40.715853896000105 ], [ -73.817204178999859, 40.715840728000117 ], [ -73.82018883899984, 40.716735224000047 ], [ -73.817329447999967, 40.717660457000115 ], [ -73.825316449999931, 40.717275700000144 ], [ -73.825567656999908, 40.719721015000104 ], [ -73.8273090039999, 40.724646077000081 ], [ -73.830732145999875, 40.726549328000097 ], [ -73.833862671999867, 40.730553189000076 ], [ -73.834003687999854, 40.7315677100001 ], [ -73.836356250999984, 40.735008592000092 ], [ -73.835645855999985, 40.738491011000072 ], [ -73.836275271000048, 40.739568376000115 ], [ -73.836694587999858, 40.739541254000152 ], [ -73.836990373999953, 40.742093301000118 ], [ -73.836099891999893, 40.742429069000082 ], [ -73.835861318999889, 40.743227985000125 ], [ -73.83113122799989, 40.742338000000146 ] ] ] } },
{ "type": "Feature", "properties": { "id": 136, "name": "Kingsbridge Heights", "borough": "Bronx" }, "geometry": { "type": "Polygon", "coordinates": [ [ [ -73.903186674999986, 40.869148991000067 ], [ -73.899424361999877, 40.867880838000112 ], [ -73.899603003999857, 40.868728208000093 ], [ -73.89891854299988, 40.869658574000105 ], [ -73.89656060599998, 40.86856520000012 ], [ -73.902544793999979, 40.860578255000085 ], [ -73.903513905000025, 40.86091751000005 ], [ -73.904868471999933, 40.858693225000081 ], [ -73.907773205999831, 40.85960753800002 ], [ -73.909761658999884, 40.857182612000081 ], [ -73.910567992999887, 40.858620593000147 ], [ -73.91328437100006, 40.859618601000093 ], [ -73.910509608999945, 40.860891270000081 ], [ -73.909088224999877, 40.862399696000082 ], [ -73.910755957999868, 40.861651484000078 ], [ -73.91422823999919, 40.862490790359814 ], [ -73.91341462193644, 40.863367493700885 ], [ -73.912762719954614, 40.863029174157759 ], [ -73.91227278976973, 40.863632148996913 ], [ -73.912797621289343, 40.863898875433009 ], [ -73.910442827478647, 40.866527868552041 ], [ -73.908649431775672, 40.871385783803539 ], [ -73.908932352207827, 40.872157347985443 ], [ -73.907742707999802, 40.872845952000063 ], [ -73.90746489699994, 40.873547354000046 ], [ -73.904520704999925, 40.872495211000086 ], [ -73.904420030999972, 40.870361276000068 ], [ -73.903186674999986, 40.869148991000067 ] ] ] } },
{ "type": "Feature", "properties": { "id": 137, "name": "Kips Bay", "borough": "Manhattan" }, "geometry": { "type": "Polygon", "coordinates": [ [ [ -73.971679212004062, 40.743054464030074 ], [ -73.972657438030438, 40.739222754277158 ], [ -73.972489941747412, 40.735803280107795 ], [ -73.974466470472819, 40.736278456830078 ], [ -73.974140620183661, 40.73595565716753 ], [ -73.974504882859634, 40.736042280536878 ], [ -73.974464612073092, 40.735668172664759 ], [ -73.973056987120529, 40.73517745341573 ], [ -73.972763083803486, 40.73550508747374 ], [ -73.972945207586775, 40.735065170071302 ], [ -73.973544728919705, 40.734944326550909 ], [ -73.978498455999954, 40.736790957000082 ], [ -73.97805226499996, 40.737553954000099 ], [ -73.982664974999892, 40.739497333000052 ], [ -73.978123781999827, 40.74572717300007 ], [ -73.971679212004062, 40.743054464030074 ] ] ] } },
{ "type": "Feature", "properties": { "id": 138, "name": "LaGuardia Airport", "borough": "Queens" }, "geometry": { "type": "MultiPolygon", "coordinates": [ [ [ [ -73.871248562425095, 40.786038151255184 ], [ -73.869780811926375, 40.785337933326012 ], [ -73.869181134688787, 40.785943489785112 ], [ -73.869870074343467, 40.785085907068314 ], [ -73.869437516570912, 40.783638399813917 ], [ -73.868607160269093, 40.783800141254304 ], [ -73.868479816741427, 40.783690829195557 ], [ -73.869423447954262, 40.783591314917885 ], [ -73.872557326737265, 40.780821121542765 ], [ -73.855051062718189, 40.772195389989278 ], [ -73.856458073493684, 40.770320861199004 ], [ -73.858205110502098, 40.770323456477364 ], [ -73.856245657461727, 40.768885714199129 ], [ -73.857047902622341, 40.769139555949053 ], [ -73.859375104297783, 40.76707532894288 ], [ -73.860855359445907, 40.766932118089407 ], [ -73.861102771522795, 40.767271942529995 ], [ -73.862688641766297, 40.766875910505043 ], [ -73.860433378098008, 40.763868882437947 ], [ -73.861097243999893, 40.763664477000113 ], [ -73.863402149, 40.766455512000078 ], [ -73.867281937999977, 40.769650003000095 ], [ -73.86962970499988, 40.771006366000115 ], [ -73.872235776999844, 40.771695659000116 ], [ -73.877433397999923, 40.771200255000103 ], [ -73.883565935999897, 40.768180445000077 ], [ -73.887706617999854, 40.766838598000135 ], [ -73.88822109399986, 40.768592290000143 ], [ -73.888725512999798, 40.768916239000134 ], [ -73.88945486901865, 40.773532951063757 ], [ -73.885807622866523, 40.774022224475573 ], [ -73.885833615613819, 40.77410924044009 ], [ -73.885669476579238, 40.774126056084015 ], [ -73.885670076650356, 40.774433071217004 ], [ -73.885632310353699, 40.774097074788777 ], [ -73.885784736976689, 40.774024712164739 ], [ -73.883916279637972, 40.774132606591735 ], [ -73.884837423910511, 40.77495298074588 ], [ -73.884287377121282, 40.775472056166151 ], [ -73.885250269865921, 40.778612901742584 ], [ -73.884934663811833, 40.779936912807095 ], [ -73.879606924328542, 40.780850313065436 ], [ -73.878705625188744, 40.780585909950211 ], [ -73.87930868295156, 40.781853658332558 ], [ -73.878858374855994, 40.782398178681376 ], [ -73.879747778535631, 40.782836564207187 ], [ -73.879701636722601, 40.782882818072551 ], [ -73.878831467817335, 40.782430714494623 ], [ -73.878339232980537, 40.783025920749608 ], [ -73.8751575489337, 40.78150944965347 ], [ -73.871248562425095, 40.786038151255184 ] ] ], [ [ [ -73.872809200161157, 40.785903109100182 ], [ -73.87282839783694, 40.78595446173852 ], [ -73.872774059405401, 40.785941921458992 ], [ -73.872809200161157, 40.785903109100182 ] ] ], [ [ [ -73.889471511431964, 40.775738056523579 ], [ -73.890341959999958, 40.773237605000162 ], [ -73.891832449022459, 40.774880199944498 ], [ -73.891120443394627, 40.777124699736255 ], [ -73.890173695085764, 40.777850812778034 ], [ -73.889471511431964, 40.775738056523579 ] ] ] ] } },
{ "type": "Feature", "properties": { "id": 139, "name": "Laurelton", "borough": "Queens" }, "geometry": { "type": "Polygon", "coordinates": [ [ [ -73.747551753999986, 40.689347337000129 ], [ -73.727182724999949, 40.683597330000076 ], [ -73.728516568999893, 40.681210473000107 ], [ -73.733032233999893, 40.67649502600009 ], [ -73.736249418, 40.672630602000112 ], [ -73.735934385999741, 40.672432971000063 ], [ -73.737757943999853, 40.670057547000141 ], [ -73.741178172999909, 40.666402954000077 ], [ -73.757631295999914, 40.666451157000111 ], [ -73.756437343999792, 40.669666379000098 ], [ -73.756362393000018, 40.672429237000181 ], [ -73.758571988999861, 40.672637331000068 ], [ -73.760314639999933, 40.675109971000047 ], [ -73.756918817, 40.676528871000137 ], [ -73.75576169199995, 40.675885909000058 ], [ -73.750089910999961, 40.685923446000118 ], [ -73.747551753999986, 40.689347337000129 ] ] ] } },
{ "type": "Feature", "properties": { "id": 140, "name": "Lenox Hill East", "borough": "Manhattan" }, "geometry": { "type": "Polygon", "coordinates": [ [ [ -73.958543296895073, 40.758495622968098 ], [ -73.961965736999971, 40.759619461000071 ], [ -73.952685149999937, 40.772339405000118 ], [ -73.947489754781699, 40.770115154009723 ], [ -73.954418260785999, 40.762184104951281 ], [ -73.958543296895073, 40.758495622968098 ] ] ] } },
{ "type": "Feature", "properties": { "id": 141, "name": "Lenox Hill West", "borough": "Manhattan" }, "geometry": { "type": "Polygon", "coordinates": [ [ [ -73.952685149999937, 40.772339405000118 ], [ -73.961965736999957, 40.75961946000016 ], [ -73.966583383999904, 40.761550935000074 ], [ -73.957294099999856, 40.774283555000103 ], [ -73.952685149999937, 40.772339405000118 ] ] ] } },
{ "type": "Feature", "properties": { "id": 142, "name": "Lincoln Square East", "borough": "Manhattan" }, "geometry": { "type": "Polygon", "coordinates": [ [ [ -73.981478987999893, 40.767725059000099 ], [ -73.982365451, 40.76739215300011 ], [ -73.98806289599996, 40.769790800000109 ], [ -73.980673654, 40.779925182000106 ], [ -73.974997440000053, 40.777532546000089 ], [ -73.981648045999947, 40.768436322000134 ], [ -73.981478987999893, 40.767725059000099 ] ] ] } },
{ "type": "Feature", "properties": { "id": 143, "name": "Lincoln Square West", "borough": "Manhattan" }, "geometry": { "type": "Polygon", "coordinates": [ [ [ -73.985071842999886, 40.781779681000124 ], [ -73.980673654, 40.779925182000106 ], [ -73.98806289599996, 40.769790800000109 ], [ -73.99387445099994, 40.772238168000136 ], [ -73.993502621999895, 40.772751633000084 ], [ -73.996240651949222, 40.77378979119905 ], [ -73.99609524511304, 40.774086186218987 ], [ -73.993935876811264, 40.773179512586296 ], [ -73.990927174149732, 40.77756687876316 ], [ -73.990396160036454, 40.777585065679268 ], [ -73.988868617399916, 40.7796929229116 ], [ -73.99155105922739, 40.779574821437578 ], [ -73.988886144117018, 40.779878898532949 ], [ -73.988127461843305, 40.781401796723813 ], [ -73.985679360999967, 40.780312633000136 ], [ -73.985071842999886, 40.781779681000124 ] ] ] } },
{ "type": "Feature", "properties": { "id": 144, "name": "Little Italy/NoLiTa", "borough": "Manhattan" }, "geometry": { "type": "Polygon", "coordinates": [ [ [ -73.992603222999875, 40.724136450000117 ], [ -73.996058726999976, 40.716231640000089 ], [ -73.998589255999775, 40.71709951200009 ], [ -74.00188406299992, 40.719397571000101 ], [ -73.996771757999895, 40.7254319440001 ], [ -73.992603222999875, 40.724136450000117 ] ] ] } },
{ "type": "Feature", "properties": { "id": 145, "name": "Long Island City/Hunters Point", "borough": "Queens" }, "geometry": { "type": "Polygon", "coordinates": [ [ [ -73.950807638091561, 40.755263680057283 ], [ -73.938118216999897, 40.74979264500012 ], [ -73.936636818999816, 40.748204094000073 ], [ -73.940326961000068, 40.745413143000135 ], [ -73.943427428999868, 40.744231172000134 ], [ -73.944195615999831, 40.742882146000113 ], [ -73.937261106999927, 40.745176491000088 ], [ -73.93869664499978, 40.738140817000065 ], [ -73.94140886345744, 40.739299570853369 ], [ -73.939108741381162, 40.742617035176949 ], [ -73.938669917531854, 40.742534082025053 ], [ -73.938587869767645, 40.742930882687659 ], [ -73.940019229756601, 40.743208272210929 ], [ -73.940148585212199, 40.742832441460166 ], [ -73.939653015213779, 40.742731087095862 ], [ -73.941594700300328, 40.739864126169131 ], [ -73.945482365901114, 40.738207031293889 ], [ -73.947150871811758, 40.737900123344922 ], [ -73.953808839208392, 40.739820292978024 ], [ -73.95741470766005, 40.739556582011829 ], [ -73.960725803736793, 40.73808017017933 ], [ -73.962561146551039, 40.738689957353479 ], [ -73.962209164958637, 40.740006175249235 ], [ -73.961293399232574, 40.740432799368122 ], [ -73.961909302176693, 40.740867833244131 ], [ -73.961119291786389, 40.741347680615917 ], [ -73.96155253168952, 40.74199326140743 ], [ -73.961190297890113, 40.742644855259904 ], [ -73.960519514180604, 40.743495778327706 ], [ -73.959784685522763, 40.743497716584109 ], [ -73.959751238509881, 40.743902276657977 ], [ -73.960648637007111, 40.744130317614257 ], [ -73.959632250239522, 40.743934631914357 ], [ -73.959391066095506, 40.744283324744053 ], [ -73.959728552286393, 40.744272115619573 ], [ -73.960155255176858, 40.74436878260574 ], [ -73.960126009623863, 40.744443936991651 ], [ -73.958775370044805, 40.744555599863602 ], [ -73.959463290586967, 40.744654877347287 ], [ -73.958640966762644, 40.744948314955174 ], [ -73.959652297559771, 40.745216588173619 ], [ -73.958493893031147, 40.744987864916425 ], [ -73.959324202500838, 40.745543322696825 ], [ -73.958398614811543, 40.745719419445578 ], [ -73.958994271605363, 40.74606464643535 ], [ -73.956794532904894, 40.748839516955783 ], [ -73.95318382492853, 40.747734811961166 ], [ -73.953053755714009, 40.748087487229469 ], [ -73.956485687946596, 40.749111690155985 ], [ -73.955760391409441, 40.74959665953039 ], [ -73.956119320843783, 40.749757837856336 ], [ -73.955349285144365, 40.750013856904225 ], [ -73.955066525601552, 40.749632730375545 ], [ -73.953993535265724, 40.751786195519237 ], [ -73.950807638091561, 40.755263680057283 ] ] ] } },
{ "type": "Feature", "properties": { "id": 146, "name": "Long Island City/Queens Plaza", "borough": "Queens" }, "geometry": { "type": "Polygon", "coordinates": [ [ [ -73.933832693999932, 40.751604702000094 ], [ -73.937396537999916, 40.748916440000102 ], [ -73.938118216999897, 40.74979264500012 ], [ -73.944052652, 40.752313260000115 ], [ -73.936790916999925, 40.759882881000131 ], [ -73.924156999999852, 40.753961142000044 ], [ -73.925627437999893, 40.752137244000096 ], [ -73.933832693999932, 40.751604702000094 ] ] ] } },
{ "type": "Feature", "properties": { "id": 147, "name": "Longwood", "borough": "Bronx" }, "geometry": { "type": "Polygon", "coordinates": [ [ [ -73.895485227999956, 40.828248541000121 ], [ -73.894870885000017, 40.823937272000116 ], [ -73.893200049999962, 40.82400818300011 ], [ -73.895860195999816, 40.822631046000055 ], [ -73.895881358999901, 40.820992575000069 ], [ -73.892901561999878, 40.820811223000078 ], [ -73.897044666999903, 40.816801860000083 ], [ -73.895428587999859, 40.815844672000082 ], [ -73.89759123799989, 40.813776873000116 ], [ -73.90307457199998, 40.809880612000065 ], [ -73.903417203999879, 40.811506883000092 ], [ -73.904465514999899, 40.812281960000135 ], [ -73.900611410999886, 40.82210880800006 ], [ -73.901987585999933, 40.822440423000096 ], [ -73.900505404999919, 40.826007622000105 ], [ -73.901648955999931, 40.826256978000124 ], [ -73.900935106999967, 40.827928102000108 ], [ -73.899797567999926, 40.827684354000105 ], [ -73.895485227999956, 40.828248541000121 ] ] ] } },
{ "type": "Feature", "properties": { "id": 148, "name": "Lower East Side", "borough": "Manhattan" }, "geometry": { "type": "Polygon", "coordinates": [ [ [ -73.983823872999807, 40.721472872000071 ], [ -73.985073423, 40.719083294000086 ], [ -73.98675136699994, 40.719592846000168 ], [ -73.988366262999875, 40.716445702000115 ], [ -73.989154637999789, 40.71670864700009 ], [ -73.990220126999887, 40.71440494000008 ], [ -73.997504452999877, 40.714069132000148 ], [ -73.994807789999982, 40.718457426000072 ], [ -73.992603221999943, 40.724136450000053 ], [ -73.983823872999807, 40.721472872000071 ] ] ] } },
{ "type": "Feature", "properties": { "id": 149, "name": "Madison", "borough": "Brooklyn" }, "geometry": { "type": "Polygon", "coordinates": [ [ [ -73.944827709999799, 40.616046209000046 ], [ -73.94354698, 40.609346555000108 ], [ -73.94231175899985, 40.608268197000058 ], [ -73.939347033999965, 40.610187141000075 ], [ -73.937537493999869, 40.608557390000044 ], [ -73.939726138999916, 40.60713291500015 ], [ -73.934262666999942, 40.602230711000082 ], [ -73.935032745999962, 40.601733790000033 ], [ -73.934471588999969, 40.601231512000098 ], [ -73.942889540999843, 40.600318650000133 ], [ -73.942484732999915, 40.598200365000061 ], [ -73.956927197, 40.596612076000063 ], [ -73.957757459999868, 40.600985889000142 ], [ -73.95683001699993, 40.601087349000167 ], [ -73.958592784999865, 40.610403031000075 ], [ -73.949783804999953, 40.611371750000067 ], [ -73.950265148999932, 40.613924352000012 ], [ -73.947426087999929, 40.614224601000089 ], [ -73.944827709999799, 40.616046209000046 ] ] ] } },
{ "type": "Feature", "properties": { "id": 150, "name": "Manhattan Beach", "borough": "Brooklyn" }, "geometry": { "type": "Polygon", "coordinates": [ [ [ -73.930190778999901, 40.585085593000066 ], [ -73.930096162999902, 40.584502076000078 ], [ -73.932042449999898, 40.584233960000105 ], [ -73.931928111867506, 40.58286976893541 ], [ -73.93612717900335, 40.58331433315869 ], [ -73.93609668691353, 40.582948745833065 ], [ -73.93657592440762, 40.583240505590112 ], [ -73.936974274637734, 40.583230326411488 ], [ -73.936633074224915, 40.582972211904249 ], [ -73.937059216774671, 40.582977982320351 ], [ -73.937052904510253, 40.58308469947832 ], [ -73.937632697432903, 40.583096268284223 ], [ -73.937026755887132, 40.583125872599481 ], [ -73.937005584082556, 40.5830160194716 ], [ -73.937014810211849, 40.583233272364168 ], [ -73.937124597984408, 40.583346730164365 ], [ -73.941025179186738, 40.583070361906358 ], [ -73.941574080835593, 40.58360755593953 ], [ -73.942551335652837, 40.583514476171018 ], [ -73.942020333527452, 40.583110423782678 ], [ -73.942701677629771, 40.583508797614243 ], [ -73.943047096459935, 40.583492129464432 ], [ -73.942563161909774, 40.583127347516616 ], [ -73.946286346918626, 40.58356868570813 ], [ -73.945799412588698, 40.58319464023041 ], [ -73.946434290593359, 40.583563152592653 ], [ -73.946789450687689, 40.583550467614323 ], [ -73.946316036487431, 40.583206940210864 ], [ -73.946917962761006, 40.583546033249931 ], [ -73.947268327052271, 40.583533182574698 ], [ -73.946822029471903, 40.583191191871315 ], [ -73.947468678613191, 40.583528195362597 ], [ -73.953493220486749, 40.58298819826117 ], [ -73.953301359956725, 40.582002749633631 ], [ -73.949696724994098, 40.582319401066854 ], [ -73.942740625924927, 40.580995589559436 ], [ -73.932580065680298, 40.581264741203611 ], [ -73.931060281079965, 40.576265920097065 ], [ -73.931502567440418, 40.575660505126933 ], [ -73.934882638023154, 40.575578121791146 ], [ -73.934936179528933, 40.5752689790869 ], [ -73.936231679051019, 40.575850406100017 ], [ -73.93670752538155, 40.575418427292156 ], [ -73.942509078284331, 40.575373554532 ], [ -73.944279114277265, 40.575800511700251 ], [ -73.944607308351479, 40.575233834609428 ], [ -73.945723520139907, 40.575559439765129 ], [ -73.946182375970338, 40.575298836207061 ], [ -73.945923902358444, 40.57511543230958 ], [ -73.952358467213301, 40.574274685845403 ], [ -73.95414287899986, 40.583106140000119 ], [ -73.956457290999822, 40.582658851000119 ], [ -73.9571329139998, 40.583045726000151 ], [ -73.959007399999919, 40.582838128000112 ], [ -73.960047986999953, 40.583269872000159 ], [ -73.960258258999957, 40.585029308000138 ], [ -73.953878607000036, 40.585721246000119 ], [ -73.953573660999922, 40.585309187000099 ], [ -73.951238657000033, 40.584924633000107 ], [ -73.948662305999974, 40.584893856000143 ], [ -73.9344471859999, 40.586652075000124 ], [ -73.931457273000021, 40.586101272000164 ], [ -73.931269449999974, 40.585436393000109 ], [ -73.930190778999901, 40.585085593000066 ] ] ] } },
{ "type": "Feature", "properties": { "id": 151, "name": "Manhattan Valley", "borough": "Manhattan" }, "geometry": { "type": "Polygon", "coordinates": [ [ [ -73.960044565, 40.798041235000085 ], [ -73.964175985999887, 40.792362045000083 ], [ -73.965259972999988, 40.792801371000095 ], [ -73.969870632999957, 40.794735205000094 ], [ -73.969415438999988, 40.795360779000163 ], [ -73.976399519152793, 40.798273210346451 ], [ -73.972871790907263, 40.803356187574082 ], [ -73.960044565, 40.798041235000085 ] ] ] } },
{ "type": "Feature", "properties": { "id": 152, "name": "Manhattanville", "borough": "Manhattan" }, "geometry": { "type": "Polygon", "coordinates": [ [ [ -73.956340103999821, 40.823092328000065 ], [ -73.950828800000025, 40.820827937000075 ], [ -73.94992194399984, 40.822072314000067 ], [ -73.948540297999827, 40.821487623000102 ], [ -73.948082897999825, 40.822108022000123 ], [ -73.946078287000049, 40.821263216000098 ], [ -73.949199600999847, 40.814720854000065 ], [ -73.952101251999906, 40.811442854000127 ], [ -73.954080583999868, 40.812280113000099 ], [ -73.955706901000028, 40.814143960000145 ], [ -73.956269579999869, 40.813375023000056 ], [ -73.95949328899988, 40.817007474000086 ], [ -73.962031057979686, 40.818086330741032 ], [ -73.958818922339972, 40.821518524846901 ], [ -73.959000182898819, 40.822409728374538 ], [ -73.959909994443976, 40.822571119822172 ], [ -73.959603324602696, 40.822994686783545 ], [ -73.958926147183078, 40.822711755441567 ], [ -73.958527315242421, 40.821843756652363 ], [ -73.957939049091166, 40.822774353547508 ], [ -73.959508979695897, 40.823595788951614 ], [ -73.956340103999821, 40.823092328000065 ] ] ] } },
{ "type": "Feature", "properties": { "id": 153, "name": "Marble Hill", "borough": "Manhattan" }, "geometry": { "type": "Polygon", "coordinates": [ [ [ -73.906665309999951, 40.875715609000082 ], [ -73.907742707999802, 40.872845952000063 ], [ -73.908932352207827, 40.872157347985443 ], [ -73.910921180047993, 40.874146396020151 ], [ -73.915786093200836, 40.875717182480514 ], [ -73.91205829999997, 40.878119320000096 ], [ -73.911489131999843, 40.879018859000084 ], [ -73.910331935999977, 40.879038047000073 ], [ -73.907037488999975, 40.876895161000114 ], [ -73.906665309999951, 40.875715609000082 ] ] ] } },
{ "type": "Feature", "properties": { "id": 154, "name": "Marine Park/Floyd Bennett Field", "borough": "Brooklyn" }, "geometry": { "type": "MultiPolygon", "coordinates": [ [ [ [ -73.936046277, 40.609514869000165 ], [ -73.934231575999789, 40.607897715000099 ], [ -73.933513107000039, 40.608343456000092 ], [ -73.929868801999888, 40.605071341000141 ], [ -73.92624885099994, 40.60741352200008 ], [ -73.924441443999868, 40.605793569000127 ], [ -73.921584290999974, 40.607639085000066 ], [ -73.920658616999887, 40.606754543000164 ], [ -73.919709286999861, 40.607302163000078 ], [ -73.914428134622838, 40.602863919563433 ], [ -73.913640756673971, 40.602524181704503 ], [ -73.913470726490019, 40.602911690690135 ], [ -73.913498264136052, 40.602366976067962 ], [ -73.913017232418724, 40.602754248717801 ], [ -73.913314445937928, 40.602258448198512 ], [ -73.912738668623376, 40.602708677016658 ], [ -73.913096913068188, 40.602214453925747 ], [ -73.911584276893166, 40.602135488403611 ], [ -73.911578365567181, 40.602217871191385 ], [ -73.912309399772838, 40.602275084478094 ], [ -73.912541701824324, 40.602364439955551 ], [ -73.91154411182994, 40.6024393231041 ], [ -73.912610986765273, 40.602532006593997 ], [ -73.912572904075375, 40.602683300034847 ], [ -73.910865365857688, 40.602490483288626 ], [ -73.911555291408007, 40.602155464729968 ], [ -73.910758308465162, 40.602027500983617 ], [ -73.910751239722643, 40.602437299862721 ], [ -73.909036895305263, 40.602677343220371 ], [ -73.910711544570248, 40.602419493178495 ], [ -73.909409343046534, 40.602190765755516 ], [ -73.910731230132669, 40.602021376027785 ], [ -73.90894225138031, 40.601607040698887 ], [ -73.907678593302535, 40.602291666720191 ], [ -73.90332866108642, 40.602456303985782 ], [ -73.901430137612365, 40.603272677456182 ], [ -73.898807553233027, 40.603657090412646 ], [ -73.895309202854449, 40.603121080155631 ], [ -73.892196095557495, 40.603388483617167 ], [ -73.887644371040992, 40.605277047313763 ], [ -73.884775398104807, 40.605144844134379 ], [ -73.883980429530297, 40.605566519720917 ], [ -73.882693589249513, 40.604224970149389 ], [ -73.883294520200423, 40.602916104555952 ], [ -73.881627807338106, 40.599446482691192 ], [ -73.879907132589977, 40.592047994322613 ], [ -73.879408070135597, 40.592103406892484 ], [ -73.879899028519105, 40.592020638852226 ], [ -73.879714922280087, 40.591398891829229 ], [ -73.878968904387406, 40.590896773117741 ], [ -73.879293263772823, 40.590661431870849 ], [ -73.878787603576299, 40.588030461058587 ], [ -73.876716724820639, 40.584914430201074 ], [ -73.879702316640007, 40.58013510069835 ], [ -73.881742900220999, 40.579591700764844 ], [ -73.881746769838941, 40.579158807212593 ], [ -73.887348246504772, 40.578075224627298 ], [ -73.891184137590315, 40.57787211230103 ], [ -73.895523810071651, 40.57676981843656 ], [ -73.897087558908908, 40.57988695930414 ], [ -73.896555912419345, 40.583005018974838 ], [ -73.898135424775745, 40.585185655060009 ], [ -73.89789705159707, 40.585821255728675 ], [ -73.898305062270481, 40.5868411850036 ], [ -73.898915999088061, 40.58753743606124 ], [ -73.899733413051877, 40.587165212110072 ], [ -73.899034254205631, 40.587676171745997 ], [ -73.89981060525021, 40.588014457055777 ], [ -73.899906044604919, 40.587794089248384 ], [ -73.901217918831847, 40.587383340023301 ], [ -73.899952340706406, 40.588041598697089 ], [ -73.90071546045651, 40.588083995388537 ], [ -73.904268744471253, 40.586912262988761 ], [ -73.906518746637545, 40.588025473892735 ], [ -73.907125024063816, 40.58752970296252 ], [ -73.90643924223771, 40.587033856374887 ], [ -73.911481719900706, 40.5860787187125 ], [ -73.911972784317356, 40.586697357471515 ], [ -73.911576774498599, 40.587262624885582 ], [ -73.911910801352349, 40.58846743387388 ], [ -73.911485790056162, 40.591108753018688 ], [ -73.912042340156262, 40.594506954289038 ], [ -73.91513297459494, 40.598781115930493 ], [ -73.921516899819437, 40.601923654141274 ], [ -73.922674443742409, 40.601592236485217 ], [ -73.924003078546065, 40.599730145228193 ], [ -73.924570429327161, 40.599723602732588 ], [ -73.929506712027759, 40.60270923350452 ], [ -73.929615897491786, 40.603189639979647 ], [ -73.929011697197097, 40.603685418468984 ], [ -73.929274584718044, 40.603993574805038 ], [ -73.931174761617328, 40.603850406434901 ], [ -73.932123196461447, 40.602709739248937 ], [ -73.931089195284486, 40.601722258264303 ], [ -73.929649361734036, 40.601204457578987 ], [ -73.929226982597427, 40.600488108516259 ], [ -73.927202404004404, 40.599910080434391 ], [ -73.922901855339774, 40.596447563816533 ], [ -73.921775363243441, 40.595030926201353 ], [ -73.920321410523869, 40.594718846993274 ], [ -73.917956670352012, 40.592910465509831 ], [ -73.916559400401212, 40.591092587437799 ], [ -73.914540591211036, 40.589944229175636 ], [ -73.914344276717813, 40.588886889305236 ], [ -73.918190877999862, 40.586606855000156 ], [ -73.92956858299992, 40.596820265000105 ], [ -73.928131396999987, 40.597777928000056 ], [ -73.933551171999795, 40.602687281000087 ], [ -73.934262666999942, 40.602230711000082 ], [ -73.939726138999916, 40.60713291500015 ], [ -73.936046277, 40.609514869000165 ] ] ], [ [ [ -73.92084893682663, 40.599541397328636 ], [ -73.918658875980583, 40.599472428370873 ], [ -73.916263931083463, 40.598161137312943 ], [ -73.913383057512419, 40.594721552778303 ], [ -73.912951226319819, 40.592054329969812 ], [ -73.91524478304683, 40.591587508178677 ], [ -73.917875435580243, 40.594722181525135 ], [ -73.921822777318937, 40.597332932872717 ], [ -73.922130493533928, 40.598662596177505 ], [ -73.92084893682663, 40.599541397328636 ] ] ], [ [ [ -73.915133319181734, 40.586269385400918 ], [ -73.912821429524357, 40.585896830337262 ], [ -73.912421030694574, 40.583392784027474 ], [ -73.91463166275301, 40.582757634905569 ], [ -73.914986856805939, 40.58315284032868 ], [ -73.916141994732726, 40.582857437634082 ], [ -73.917298614107168, 40.583190801749701 ], [ -73.915412909008069, 40.582364073798949 ], [ -73.911910588603547, 40.58296337725281 ], [ -73.911286359838314, 40.582313586292585 ], [ -73.911499601306588, 40.581818781464833 ], [ -73.915055201707446, 40.581543607722736 ], [ -73.924436040949757, 40.583558203444447 ], [ -73.931846550189022, 40.582941055297546 ], [ -73.932042449999898, 40.584233960000105 ], [ -73.930096162999902, 40.584502076000078 ], [ -73.930190778999901, 40.585085593000066 ], [ -73.931269449999974, 40.585436393000109 ], [ -73.931399475999839, 40.586079895000083 ], [ -73.927120818999938, 40.584879357000091 ], [ -73.921012555237482, 40.584575018806333 ], [ -73.915133319181734, 40.586269385400918 ] ] ] ] } },
{ "type": "Feature", "properties": { "id": 155, "name": "Marine Park/Mill Basin", "borough": "Brooklyn" }, "geometry": { "type": "Polygon", "coordinates": [ [ [ -73.915354603014137, 40.629991695070856 ], [ -73.903855406614824, 40.624940198699882 ], [ -73.905462061372518, 40.625774819683642 ], [ -73.902546561126144, 40.624444239169748 ], [ -73.903270459440193, 40.624484183941213 ], [ -73.902832622232395, 40.624050994449647 ], [ -73.902415430502941, 40.624462907250226 ], [ -73.902287079322804, 40.624409853930437 ], [ -73.902916195741113, 40.623954531256629 ], [ -73.902841600591827, 40.623452737299971 ], [ -73.900941310859579, 40.622527914876613 ], [ -73.900719525404369, 40.621634920498742 ], [ -73.89811767568024, 40.621851562126608 ], [ -73.896441233468948, 40.621394756190334 ], [ -73.895613885019259, 40.619801287150786 ], [ -73.896643352252383, 40.617347713147659 ], [ -73.89586112894176, 40.614518137494983 ], [ -73.892499262495946, 40.613792312183932 ], [ -73.890954145646717, 40.612834047317243 ], [ -73.8914143047419, 40.61212544769969 ], [ -73.893932400721994, 40.611536596724378 ], [ -73.89394013317667, 40.611181426651441 ], [ -73.891893890864381, 40.61153467125007 ], [ -73.891077946326149, 40.6122768618687 ], [ -73.889715131838031, 40.611598996904284 ], [ -73.890217164462598, 40.610397257788449 ], [ -73.892267354589663, 40.609165273146814 ], [ -73.892729449992558, 40.607227192316657 ], [ -73.893346214200079, 40.606743446234844 ], [ -73.898338781177799, 40.605303659788191 ], [ -73.89986880363854, 40.605524640544196 ], [ -73.900876725100304, 40.606980121347448 ], [ -73.900156199365284, 40.610076438187114 ], [ -73.901349974006465, 40.611088615102162 ], [ -73.901333034586486, 40.61171788290617 ], [ -73.902493929852923, 40.611814999032454 ], [ -73.901192534654541, 40.610563817546812 ], [ -73.901329626593949, 40.610481043103469 ], [ -73.902650779467862, 40.611780621164357 ], [ -73.902360320962018, 40.61198041218281 ], [ -73.90271854260655, 40.611826025296118 ], [ -73.903043928124845, 40.612095214987363 ], [ -73.902422747175791, 40.61203356000501 ], [ -73.907172911498265, 40.616009875338662 ], [ -73.906738486664011, 40.6162959199903 ], [ -73.907527351321576, 40.616344432549049 ], [ -73.907241693826933, 40.61655150188772 ], [ -73.9079680653862, 40.617046586777128 ], [ -73.907813886033381, 40.61737406758602 ], [ -73.908790880176412, 40.617436396721622 ], [ -73.90863333912958, 40.617167854909574 ], [ -73.909071451539333, 40.617160438331979 ], [ -73.908354032146846, 40.616530998961714 ], [ -73.908794208191594, 40.616872957324865 ], [ -73.90913853186629, 40.616531621729237 ], [ -73.907973063905246, 40.615736844061374 ], [ -73.909176751053863, 40.616521946980363 ], [ -73.908957061287239, 40.616991484819508 ], [ -73.909597409103284, 40.616392669799524 ], [ -73.902258599662758, 40.61042277260011 ], [ -73.901776698099852, 40.605674686556007 ], [ -73.90524300992108, 40.604910090324616 ], [ -73.905974611778547, 40.606384028704511 ], [ -73.908110011675618, 40.606273265343205 ], [ -73.908639595354217, 40.606658722048067 ], [ -73.908033060978141, 40.60535860211742 ], [ -73.908403615745257, 40.605243297060056 ], [ -73.908885744221649, 40.606536518828548 ], [ -73.909851548454697, 40.605999722177877 ], [ -73.908325368351697, 40.604073373918794 ], [ -73.91092270021187, 40.603505476100842 ], [ -73.913651197595954, 40.603982513837153 ], [ -73.916735564861952, 40.606814561550351 ], [ -73.916322300175111, 40.608675662669185 ], [ -73.916783944327406, 40.608773884392399 ], [ -73.916570739834143, 40.609423539546114 ], [ -73.916839811187685, 40.608760014720716 ], [ -73.916509245359265, 40.608629754090202 ], [ -73.91708838503304, 40.608820854898724 ], [ -73.916164750377206, 40.610515575076299 ], [ -73.91449542205973, 40.611653223665087 ], [ -73.914934187904251, 40.613958155055101 ], [ -73.913860530606726, 40.614642269071076 ], [ -73.914280726633379, 40.614938816163153 ], [ -73.916420990034936, 40.613569354692913 ], [ -73.915914521106799, 40.613845376312469 ], [ -73.915725383033745, 40.613618030803821 ], [ -73.915768073565616, 40.61354033333599 ], [ -73.916247689595878, 40.613626100791379 ], [ -73.915745852302635, 40.613384860703221 ], [ -73.916395867458789, 40.613446834034917 ], [ -73.915870865363544, 40.612910037390748 ], [ -73.916628043711412, 40.613443589265593 ], [ -73.915731819271286, 40.611830844514003 ], [ -73.918110366790188, 40.610208394058297 ], [ -73.917866386269594, 40.609327233801039 ], [ -73.917678707572662, 40.609662864949087 ], [ -73.917962700830728, 40.608785937120508 ], [ -73.917819727714303, 40.609304300066086 ], [ -73.918556661205898, 40.60849830904364 ], [ -73.91800500501185, 40.608149778514829 ], [ -73.919007371473327, 40.608267254971338 ], [ -73.9181381488997, 40.607645386907905 ], [ -73.919023107653246, 40.608256868199625 ], [ -73.919353984841138, 40.608042922287851 ], [ -73.918252690929492, 40.607229350640708 ], [ -73.919503589189219, 40.607974903975411 ], [ -73.917949805506026, 40.606209252171219 ], [ -73.918527608999952, 40.606113367000034 ], [ -73.919709286999861, 40.607302163000078 ], [ -73.920658616999887, 40.606754543000164 ], [ -73.921584290999974, 40.607639085000066 ], [ -73.924441443999868, 40.605793569000127 ], [ -73.92624885099994, 40.60741352200008 ], [ -73.929868801999888, 40.605071341000141 ], [ -73.933513107000039, 40.608343456000092 ], [ -73.934231575999789, 40.607897715000099 ], [ -73.936046277, 40.609514869000165 ], [ -73.937537493999869, 40.608557390000044 ], [ -73.939347033999965, 40.610187141000075 ], [ -73.94231175899985, 40.608268197000058 ], [ -73.94354698, 40.609346555000108 ], [ -73.944827709999799, 40.616046209000046 ], [ -73.943469619, 40.617385001000109 ], [ -73.940789140999854, 40.617696790000053 ], [ -73.936866995999921, 40.620253281000103 ], [ -73.933204575999952, 40.616970442000088 ], [ -73.931731791999823, 40.617926921000077 ], [ -73.926296045999976, 40.613116799000132 ], [ -73.926400445999946, 40.614478535000082 ], [ -73.920624002999958, 40.614838682000098 ], [ -73.920526940999906, 40.61394269500007 ], [ -73.916903026999918, 40.616274229000126 ], [ -73.91860649599991, 40.632090415000071 ], [ -73.917160714927235, 40.631730125998622 ], [ -73.917319989464886, 40.631007152718233 ], [ -73.915354603014137, 40.629991695070856 ] ] ] } },
{ "type": "Feature", "properties": { "id": 156, "name": "Mariners Harbor", "borough": "Staten Island" }, "geometry": { "type": "MultiPolygon", "coordinates": [ [ [ [ -74.179895683400261, 40.64526879647822 ], [ -74.179729877520288, 40.644380702112045 ], [ -74.179331172494315, 40.644400511772744 ], [ -74.179202712919448, 40.645046927855603 ], [ -74.179074665838883, 40.644646507056713 ], [ -74.179587137214099, 40.641917683464229 ], [ -74.179187280675634, 40.642987539996682 ], [ -74.178256621460179, 40.642129227868431 ], [ -74.178341270119617, 40.642589475995997 ], [ -74.177211185709396, 40.643122778603264 ], [ -74.176704891511704, 40.64241691128413 ], [ -74.176357866175394, 40.642327220563082 ], [ -74.176667955382456, 40.643386844771804 ], [ -74.175602509544191, 40.643311298672643 ], [ -74.175684707425717, 40.644710284895261 ], [ -74.174365729436076, 40.645136258645621 ], [ -74.172941238916493, 40.644204522856086 ], [ -74.173001545856465, 40.643585405079797 ], [ -74.172361653865678, 40.643256267552033 ], [ -74.172721453051892, 40.64294849899678 ], [ -74.171335872818076, 40.642855765052197 ], [ -74.17186042582567, 40.64252292851905 ], [ -74.171587219237395, 40.641029593394677 ], [ -74.172023158524794, 40.640989215663076 ], [ -74.172938961753971, 40.640579552697595 ], [ -74.172987988003115, 40.640489105066443 ], [ -74.171569946854177, 40.641011532092953 ], [ -74.171373823505164, 40.642085015268279 ], [ -74.171050172398978, 40.642593819130106 ], [ -74.171192609512019, 40.641739626514145 ], [ -74.169064316288711, 40.642130016798788 ], [ -74.16653375792842, 40.641422637883927 ], [ -74.166099898960397, 40.642406587001346 ], [ -74.166318872924563, 40.641436675005082 ], [ -74.165801107558906, 40.641224511449636 ], [ -74.165443100823921, 40.642280546708783 ], [ -74.164941390411784, 40.642208999889519 ], [ -74.165190417582238, 40.640642305779558 ], [ -74.164734265367954, 40.640391467025097 ], [ -74.164571323667161, 40.64141866159607 ], [ -74.16459656597705, 40.640315746047712 ], [ -74.164168868136272, 40.639994110230511 ], [ -74.163862494203471, 40.641052797343939 ], [ -74.163944913668232, 40.639914606821371 ], [ -74.163454456819935, 40.639856560398421 ], [ -74.163228558441361, 40.640948510330141 ], [ -74.161675346942289, 40.640610784766963 ], [ -74.162284652520896, 40.638765652772527 ], [ -74.161818566122477, 40.638646278777806 ], [ -74.161449178267588, 40.639428336668537 ], [ -74.161660107069835, 40.638664993313455 ], [ -74.161240158151003, 40.638595011616403 ], [ -74.16090490770398, 40.639386140816249 ], [ -74.161081617589105, 40.638567768312711 ], [ -74.160348199931548, 40.638443726453659 ], [ -74.159864104650367, 40.639927823692922 ], [ -74.160234705303097, 40.638410316925082 ], [ -74.159856977678956, 40.638729202219629 ], [ -74.159227116229403, 40.637796119757184 ], [ -74.159009578874347, 40.638822577909941 ], [ -74.158932991606534, 40.638264017819218 ], [ -74.15789262953875, 40.637965051231326 ], [ -74.157733525723486, 40.638879035165566 ], [ -74.157773659370335, 40.637957160248838 ], [ -74.157187827825254, 40.637950805229138 ], [ -74.157101266907091, 40.639277718600383 ], [ -74.157070773055736, 40.637947135641106 ], [ -74.15569862053141, 40.637517938904288 ], [ -74.155492689343035, 40.638466779526624 ], [ -74.155586437589179, 40.637730775865542 ], [ -74.154829324618561, 40.637723855418969 ], [ -74.154692638645145, 40.639193968114441 ], [ -74.15459670163321, 40.63734334406918 ], [ -74.152797035114034, 40.637132754852736 ], [ -74.152218068844775, 40.637692581717033 ], [ -74.15229786175496, 40.638274288263759 ], [ -74.152046392332721, 40.637667215315666 ], [ -74.151195450071825, 40.637730788536345 ], [ -74.151248279665666, 40.639409342886111 ], [ -74.151129650904892, 40.638500680074138 ], [ -74.150556388420895, 40.638559330667483 ], [ -74.14945818220086, 40.637410320847252 ], [ -74.149418817083401, 40.63829164054723 ], [ -74.1488817554376, 40.638705207973459 ], [ -74.148558150921943, 40.637437837527436 ], [ -74.148777920058848, 40.638876251127897 ], [ -74.145192794815301, 40.639378497654882 ], [ -74.143861635958828, 40.638887962517039 ], [ -74.14312802471521, 40.639680373063996 ], [ -74.143599982999959, 40.638514126000096 ], [ -74.144782289999938, 40.637953780000124 ], [ -74.147526189999923, 40.629389288000077 ], [ -74.146222027999954, 40.629106957000104 ], [ -74.145935445999939, 40.627824115000159 ], [ -74.145540719999929, 40.627832522000155 ], [ -74.146503543999927, 40.624200101000085 ], [ -74.147728303999912, 40.622136619000145 ], [ -74.152311703999942, 40.61716275600007 ], [ -74.153791166999923, 40.612255612000098 ], [ -74.162354577999906, 40.61833563800014 ], [ -74.168080862999929, 40.6209362560001 ], [ -74.17459706299995, 40.622364011000073 ], [ -74.179937060999976, 40.626601297000079 ], [ -74.195559752797394, 40.635023986316767 ], [ -74.194422568549314, 40.636582106213361 ], [ -74.194623101451853, 40.637391183563871 ], [ -74.193583176948437, 40.637469116884887 ], [ -74.186524968975988, 40.643388662171638 ], [ -74.186232098096681, 40.643187396855467 ], [ -74.184835945808359, 40.644128266338903 ], [ -74.183650670640631, 40.64223964105085 ], [ -74.184026111920033, 40.6431004085699 ], [ -74.183242122794155, 40.642963678103165 ], [ -74.183667458720095, 40.644610485050251 ], [ -74.180872125132112, 40.644851429678489 ], [ -74.180040779492245, 40.644288140673858 ], [ -74.179895683400261, 40.64526879647822 ] ] ], [ [ [ -74.159456024381853, 40.641448333324227 ], [ -74.161112425221617, 40.6418354537375 ], [ -74.161460360026368, 40.64429496988258 ], [ -74.157987595203167, 40.643861788983216 ], [ -74.157433492009787, 40.643302857779183 ], [ -74.159456024381853, 40.641448333324227 ] ] ] ] } },
{ "type": "Feature", "properties": { "id": 157, "name": "Maspeth", "borough": "Queens" }, "geometry": { "type": "Polygon", "coordinates": [ [ [ -73.897832368999886, 40.735160354000115 ], [ -73.892555546999844, 40.734478126000127 ], [ -73.888522859999895, 40.734531160000103 ], [ -73.888059752, 40.730087230000102 ], [ -73.887559621999898, 40.730197056000108 ], [ -73.887235730999862, 40.728932965000148 ], [ -73.887077120999805, 40.724637702000123 ], [ -73.890303293999864, 40.724923887000074 ], [ -73.894264941999921, 40.723143189000041 ], [ -73.895697432999924, 40.72341258600013 ], [ -73.8958238069999, 40.723898822000137 ], [ -73.898352850999899, 40.723112290000138 ], [ -73.899031917999892, 40.723856960000049 ], [ -73.900105586999885, 40.723296241000114 ], [ -73.899816101999988, 40.721236900000086 ], [ -73.897397048999864, 40.721551210000108 ], [ -73.89736598399989, 40.720464383000092 ], [ -73.900626443999968, 40.719764054000073 ], [ -73.90033904299986, 40.71801994800007 ], [ -73.898347600999827, 40.7191976780001 ], [ -73.897267579, 40.718147157000033 ], [ -73.899018210999927, 40.717382127000114 ], [ -73.897502263999868, 40.716383868000108 ], [ -73.904772445999967, 40.712865800000039 ], [ -73.905375821999826, 40.712876581000046 ], [ -73.906390100999985, 40.717363692000077 ], [ -73.909659800999947, 40.717793155000109 ], [ -73.912830376999821, 40.715360907000125 ], [ -73.910158178999978, 40.713821600000145 ], [ -73.910778073999879, 40.713187600000047 ], [ -73.924040112999933, 40.714008313000122 ], [ -73.923683521525192, 40.714082841408342 ], [ -73.924122415754923, 40.715138048445347 ], [ -73.923525472510747, 40.715616608368023 ], [ -73.922329701676958, 40.716076545172605 ], [ -73.920642589405929, 40.715773192029026 ], [ -73.922327739784478, 40.716592644061272 ], [ -73.91132095099978, 40.719624230000129 ], [ -73.913848282999837, 40.722898412000085 ], [ -73.912571876999834, 40.723239635000063 ], [ -73.905180578999989, 40.728956577000154 ], [ -73.900416616999848, 40.734650588000122 ], [ -73.897832368999886, 40.735160354000115 ] ] ] } },
{ "type": "Feature", "properties": { "id": 158, "name": "Meatpacking/West Village West", "borough": "Manhattan" }, "geometry": { "type": "Polygon", "coordinates": [ [ [ -74.009166082584812, 40.742416591231859 ], [ -74.00515808199998, 40.740858081000098 ], [ -74.007090207999894, 40.728772253000123 ], [ -74.010672649999961, 40.729112667000095 ], [ -74.010767914999988, 40.72817395800012 ], [ -74.014390699162007, 40.728463047760215 ], [ -74.014086935599224, 40.730663173040483 ], [ -74.011161956964642, 40.730450676349257 ], [ -74.010993508791529, 40.732320417940812 ], [ -74.01094127374121, 40.733020313341463 ], [ -74.013999572409546, 40.733332277517903 ], [ -74.010725143268829, 40.7334595235113 ], [ -74.010832845632152, 40.734007094513828 ], [ -74.012017920104782, 40.734063744456506 ], [ -74.010813594791031, 40.734283443647726 ], [ -74.010476598144194, 40.738063940595218 ], [ -74.011139156025578, 40.738389862813243 ], [ -74.010454328646091, 40.738364506228322 ], [ -74.0103930313456, 40.739174296059389 ], [ -74.011580455023164, 40.739264536112252 ], [ -74.011527450204099, 40.739873771450114 ], [ -74.012369174000398, 40.739751646372312 ], [ -74.012310012127642, 40.740194756204204 ], [ -74.01151491736529, 40.739972863699002 ], [ -74.011460739553343, 40.740584214752694 ], [ -74.01215741913083, 40.740605998131436 ], [ -74.012659282084854, 40.740747638497659 ], [ -74.009496855203651, 40.740727011785616 ], [ -74.009411402661314, 40.741154093313007 ], [ -74.012117458721391, 40.74175851621176 ], [ -74.009519471450048, 40.741490302198805 ], [ -74.009166082584812, 40.742416591231859 ] ] ] } },
{ "type": "Feature", "properties": { "id": 159, "name": "Melrose South", "borough": "Bronx" }, "geometry": { "type": "Polygon", "coordinates": [ [ [ -73.911891549999922, 40.822141482000099 ], [ -73.90990894100004, 40.822551108000106 ], [ -73.901292775999806, 40.820475443000085 ], [ -73.904465514999899, 40.812281960000135 ], [ -73.91094778999998, 40.813620921000052 ], [ -73.917686269999848, 40.816081243000077 ], [ -73.920481173999889, 40.814563687000096 ], [ -73.921583922000053, 40.815550632000154 ], [ -73.921245196999877, 40.816219397000133 ], [ -73.923092998999934, 40.81669772800015 ], [ -73.923999512999913, 40.815438912000111 ], [ -73.926627181999876, 40.816118959000121 ], [ -73.922652611999951, 40.820494315000104 ], [ -73.916774005999855, 40.824387087000055 ], [ -73.915877357999875, 40.82410373200004 ], [ -73.916215885999875, 40.823467930000106 ], [ -73.911891549999922, 40.822141482000099 ] ] ] } },
{ "type": "Feature", "properties": { "id": 160, "name": "Middle Village", "borough": "Queens" }, "geometry": { "type": "Polygon", "coordinates": [ [ [ -73.869707653999981, 40.725146434000102 ], [ -73.865238706999961, 40.719976710000111 ], [ -73.860037898999963, 40.714932236000067 ], [ -73.859629209999852, 40.713975295000118 ], [ -73.859654167999949, 40.713379961000044 ], [ -73.865009819999983, 40.710776909000074 ], [ -73.870164624999845, 40.709207743000064 ], [ -73.869110071999884, 40.707089337000092 ], [ -73.88088332699985, 40.706453977000095 ], [ -73.877611341999852, 40.707167705000131 ], [ -73.878727831999882, 40.710027535000066 ], [ -73.879434954999851, 40.710284419000068 ], [ -73.879076852999987, 40.710359390000136 ], [ -73.880062676999785, 40.712652574000138 ], [ -73.885075556999851, 40.712161056000113 ], [ -73.904772445999967, 40.712865800000039 ], [ -73.897502263999868, 40.716383868000108 ], [ -73.899018210999927, 40.717382127000114 ], [ -73.897267579, 40.718147157000033 ], [ -73.898347600999827, 40.7191976780001 ], [ -73.90033904299986, 40.71801994800007 ], [ -73.900626443999968, 40.719764054000073 ], [ -73.89736598399989, 40.720464383000092 ], [ -73.897397048999864, 40.721551210000108 ], [ -73.899816101999988, 40.721236900000086 ], [ -73.900105586999885, 40.723296241000114 ], [ -73.899031917999892, 40.723856960000049 ], [ -73.898352850999899, 40.723112290000138 ], [ -73.8958238069999, 40.723898822000137 ], [ -73.895697432999924, 40.72341258600013 ], [ -73.894264941999921, 40.723143189000041 ], [ -73.890303293999864, 40.724923887000074 ], [ -73.887077120999805, 40.724637702000123 ], [ -73.887205249999937, 40.727792997000066 ], [ -73.880088774999876, 40.728906275000142 ], [ -73.875091541999922, 40.73067136300012 ], [ -73.871460741999869, 40.729326374000053 ], [ -73.869707653999981, 40.725146434000102 ] ] ] } },
{ "type": "Feature", "properties": { "id": 161, "name": "Midtown Center", "borough": "Manhattan" }, "geometry": { "type": "Polygon", "coordinates": [ [ [ -73.971242773000029, 40.760936418000036 ], [ -73.975807393999858, 40.754677275000127 ], [ -73.9765156939999, 40.754974263000129 ], [ -73.978369692999905, 40.752416227000111 ], [ -73.984117547999986, 40.754842053000147 ], [ -73.977686006, 40.763644403000129 ], [ -73.971242773000029, 40.760936418000036 ] ] ] } },
{ "type": "Feature", "properties": { "id": 162, "name": "Midtown East", "borough": "Manhattan" }, "geometry": { "type": "Polygon", "coordinates": [ [ [ -73.966583383999904, 40.761550935000074 ], [ -73.974449410999796, 40.75076644500011 ], [ -73.978369692999905, 40.752416227000111 ], [ -73.9765156939999, 40.754974263000129 ], [ -73.975807393999844, 40.754677274000159 ], [ -73.96980028899992, 40.762913512000132 ], [ -73.966583383999904, 40.761550935000074 ] ] ] } },
{ "type": "Feature", "properties": { "id": 163, "name": "Midtown North", "borough": "Manhattan" }, "geometry": { "type": "Polygon", "coordinates": [ [ [ -73.981362136999948, 40.767836739000103 ], [ -73.973635846999898, 40.764569913000102 ], [ -73.96980028899992, 40.762913512000132 ], [ -73.971242773000029, 40.760936418000036 ], [ -73.977686006, 40.763644403000129 ], [ -73.978601693999892, 40.762396072000129 ], [ -73.984282300999865, 40.764791815000137 ], [ -73.982151572000035, 40.767681797000122 ], [ -73.981362136999948, 40.767836739000103 ] ] ] } },
{ "type": "Feature", "properties": { "id": 164, "name": "Midtown South", "borough": "Manhattan" }, "geometry": { "type": "Polygon", "coordinates": [ [ [ -73.980850544999981, 40.747750370000141 ], [ -73.984074852999939, 40.743324718000082 ], [ -73.990517612999852, 40.746038638000094 ], [ -73.984117547999986, 40.754842053000147 ], [ -73.980887098999872, 40.753480989000067 ], [ -73.984076361000021, 40.749102125000121 ], [ -73.980850544999981, 40.747750370000141 ] ] ] } },
{ "type": "Feature", "properties": { "id": 165, "name": "Midwood", "borough": "Brooklyn" }, "geometry": { "type": "Polygon", "coordinates": [ [ [ -73.960407342999886, 40.630162531000103 ], [ -73.959955650999916, 40.62777867200009 ], [ -73.947326721999943, 40.62916656700002 ], [ -73.946422661, 40.624385567000104 ], [ -73.945424428999843, 40.624495610000125 ], [ -73.944518334, 40.61971364700009 ], [ -73.946513731999971, 40.619494019000143 ], [ -73.945736919999817, 40.615363407000096 ], [ -73.947426087999929, 40.614224601000089 ], [ -73.950265148999932, 40.613924352000012 ], [ -73.949783804999953, 40.611371750000067 ], [ -73.962379477999775, 40.609986374000165 ], [ -73.964719833999808, 40.622372961000131 ], [ -73.968645105999954, 40.621941695000089 ], [ -73.969097244999844, 40.624332825000145 ], [ -73.970471718999917, 40.624170030000144 ], [ -73.971366221999915, 40.628929162000169 ], [ -73.960407342999886, 40.630162531000103 ] ] ] } },
{ "type": "Feature", "properties": { "id": 166, "name": "Morningside Heights", "borough": "Manhattan" }, "geometry": { "type": "Polygon", "coordinates": [ [ [ -73.95949328899988, 40.817007474000086 ], [ -73.956269579999869, 40.813375023000056 ], [ -73.955706901000028, 40.814143960000145 ], [ -73.954080583999868, 40.812280113000099 ], [ -73.952101251999906, 40.811442854000127 ], [ -73.953575777999902, 40.809476698000076 ], [ -73.954966570999915, 40.810064555000125 ], [ -73.958181672999956, 40.805596791000077 ], [ -73.958248782999874, 40.803106486000075 ], [ -73.959646853999871, 40.801156423000123 ], [ -73.971107658761369, 40.805790139589824 ], [ -73.964140828882933, 40.815771657454093 ], [ -73.962031057979686, 40.818086330741032 ], [ -73.95949328899988, 40.817007474000086 ] ] ] } },
{ "type": "Feature", "properties": { "id": 167, "name": "Morrisania/Melrose", "borough": "Bronx" }, "geometry": { "type": "Polygon", "coordinates": [ [ [ -73.896302, 40.833543218000081 ], [ -73.897172209999823, 40.830368833000165 ], [ -73.894692052, 40.83061909400007 ], [ -73.893360418, 40.830152531000145 ], [ -73.889911064999893, 40.830124192000063 ], [ -73.887613079, 40.829337420000122 ], [ -73.886012626999914, 40.828238531000125 ], [ -73.886096241999866, 40.827655777000082 ], [ -73.887895109999917, 40.826743185000062 ], [ -73.892932260999814, 40.826787037000116 ], [ -73.894835228999924, 40.826246841000135 ], [ -73.895485227999956, 40.828248541000121 ], [ -73.899797567999926, 40.827684354000105 ], [ -73.900935106999967, 40.827928102000108 ], [ -73.901648955999931, 40.826256978000124 ], [ -73.900505404999919, 40.826007622000105 ], [ -73.901987585999933, 40.822440423000096 ], [ -73.900611410999886, 40.82210880800006 ], [ -73.901292775999806, 40.820475443000085 ], [ -73.90990894100004, 40.822551108000106 ], [ -73.911816157999851, 40.822035022000115 ], [ -73.916215885999875, 40.823467930000106 ], [ -73.915877357999875, 40.82410373200004 ], [ -73.916774005999855, 40.824387087000055 ], [ -73.916087828999835, 40.82483785200008 ], [ -73.916613684999845, 40.824992308000112 ], [ -73.915411081999977, 40.825773909000105 ], [ -73.913511916999809, 40.824804944000107 ], [ -73.91316674499997, 40.825456455000094 ], [ -73.911309744999926, 40.824848558000092 ], [ -73.911694302999834, 40.827758716000119 ], [ -73.908959903, 40.830226233000069 ], [ -73.905531167999882, 40.829104133000087 ], [ -73.901225349999919, 40.835499911000134 ], [ -73.896972202999947, 40.834345254000091 ], [ -73.896302, 40.833543218000081 ] ] ] } },
{ "type": "Feature", "properties": { "id": 168, "name": "Mott Haven/Port Morris", "borough": "Bronx" }, "geometry": { "type": "MultiPolygon", "coordinates": [ [ [ [ -73.926627181999876, 40.816118959000121 ], [ -73.923999512999913, 40.815438912000111 ], [ -73.923092998999934, 40.81669772800015 ], [ -73.921245196999877, 40.816219397000133 ], [ -73.921583922000053, 40.815550632000154 ], [ -73.920481173999889, 40.814563687000096 ], [ -73.917686269999848, 40.816081243000077 ], [ -73.91094778999998, 40.813620921000052 ], [ -73.904465514999899, 40.812281960000135 ], [ -73.903417203999879, 40.811506883000092 ], [ -73.902292319927724, 40.804564776141866 ], [ -73.904529540957398, 40.803170235652026 ], [ -73.908073972556664, 40.799572819167416 ], [ -73.907793075595322, 40.799493489538115 ], [ -73.907682228008895, 40.799388313925462 ], [ -73.908421907680122, 40.799442092445155 ], [ -73.908303035420829, 40.798959135920256 ], [ -73.91168831241184, 40.796623769888917 ], [ -73.91372255986785, 40.796789438879472 ], [ -73.919049787488262, 40.798993935843434 ], [ -73.920240681463639, 40.799613687935057 ], [ -73.921327307892525, 40.80128459181585 ], [ -73.9229271008289, 40.802373294821585 ], [ -73.927627886588425, 40.802695665481693 ], [ -73.927282719435851, 40.803508264417218 ], [ -73.927645003525825, 40.803988632846249 ], [ -73.928726074898137, 40.804103625227498 ], [ -73.932527087859668, 40.808823281775524 ], [ -73.932874120019434, 40.810414043429176 ], [ -73.932426320009441, 40.814117518979799 ], [ -73.930278126999838, 40.813248025000149 ], [ -73.928856420999921, 40.814879866000091 ], [ -73.927316530999988, 40.818559634000103 ], [ -73.925184864999977, 40.818012669000083 ], [ -73.926627181999876, 40.816118959000121 ] ] ], [ [ [ -73.898330362705522, 40.802412820940162 ], [ -73.896466688345768, 40.800790470891549 ], [ -73.89864038714974, 40.79910116462154 ], [ -73.900210049931417, 40.799264155896189 ], [ -73.899787388008349, 40.799509554374715 ], [ -73.900037358157363, 40.80090874205041 ], [ -73.899489194236537, 40.800901115929747 ], [ -73.899387485710292, 40.801935665070509 ], [ -73.898330362705522, 40.802412820940162 ] ] ], [ [ [ -73.896808832237781, 40.795808445159985 ], [ -73.897968397837417, 40.795644839162179 ], [ -73.899194342499811, 40.796502456018366 ], [ -73.897882532401795, 40.797116532147228 ], [ -73.897131497956352, 40.796798077728496 ], [ -73.896808832237781, 40.795808445159985 ] ] ] ] } },
{ "type": "Feature", "properties": { "id": 169, "name": "Mount Hope", "borough": "Bronx" }, "geometry": { "type": "Polygon", "coordinates": [ [ [ -73.898165774999825, 40.855146376000064 ], [ -73.898635436999854, 40.853906975000143 ], [ -73.897099267999963, 40.855172291000066 ], [ -73.895608832999798, 40.854570370000062 ], [ -73.901344046, 40.84442875100013 ], [ -73.904831219999892, 40.844800342000084 ], [ -73.905015149999798, 40.84240469800006 ], [ -73.910460084999869, 40.842791643000069 ], [ -73.910430263999942, 40.843107730000085 ], [ -73.91193751499992, 40.843202388000094 ], [ -73.916897475999875, 40.845117734000105 ], [ -73.914161841999928, 40.84517918800011 ], [ -73.910581699, 40.850181595000087 ], [ -73.905570072999879, 40.855787322000069 ], [ -73.901859960999928, 40.854586149000134 ], [ -73.900779226999859, 40.856047110000119 ], [ -73.898165774999825, 40.855146376000064 ] ] ] } },
{ "type": "Feature", "properties": { "id": 170, "name": "Murray Hill", "borough": "Manhattan" }, "geometry": { "type": "Polygon", "coordinates": [ [ [ -73.97121971999988, 40.746921541000148 ], [ -73.973508350000031, 40.743782034000077 ], [ -73.978123781999827, 40.74572717300007 ], [ -73.980859653999929, 40.741969768000089 ], [ -73.984074852999939, 40.743324718000082 ], [ -73.98085054399985, 40.747750370000098 ], [ -73.984076361000021, 40.749102125000121 ], [ -73.980887098999872, 40.753480989000067 ], [ -73.974449410999796, 40.75076644500011 ], [ -73.975834666999901, 40.748863146000168 ], [ -73.97121971999988, 40.746921541000148 ] ] ] } },
{ "type": "Feature", "properties": { "id": 171, "name": "Murray Hill-Queens", "borough": "Queens" }, "geometry": { "type": "Polygon", "coordinates": [ [ [ -73.793179445999868, 40.770403177000084 ], [ -73.793959146999896, 40.764695320000094 ], [ -73.793025513999851, 40.764621192000057 ], [ -73.793439911999883, 40.760764128000119 ], [ -73.790760045999875, 40.760985769000101 ], [ -73.79031517, 40.757823451000085 ], [ -73.794932461999935, 40.757798030000124 ], [ -73.800300389999791, 40.759702299000118 ], [ -73.811049631999836, 40.761417021000142 ], [ -73.820635932999849, 40.758872268000083 ], [ -73.823482451999851, 40.764651792000109 ], [ -73.824669089999873, 40.770407608000042 ], [ -73.826558419999856, 40.770137084000105 ], [ -73.826574818999859, 40.77234539800007 ], [ -73.825830899999971, 40.775915271000073 ], [ -73.824331018999871, 40.776743070000109 ], [ -73.823312868999864, 40.779578660000077 ], [ -73.814529977999754, 40.77888817500012 ], [ -73.81485850699984, 40.776485923000074 ], [ -73.798530093999872, 40.775190729000116 ], [ -73.795215506999881, 40.772674907000088 ], [ -73.793179445999868, 40.770403177000084 ] ] ] } },
{ "type": "Feature", "properties": { "id": 172, "name": "New Dorp/Midland Beach", "borough": "Staten Island" }, "geometry": { "type": "Polygon", "coordinates": [ [ [ -74.084957158191926, 40.571259840021277 ], [ -74.086912636532119, 40.568985842683837 ], [ -74.086216322242663, 40.568532698147337 ], [ -74.087250783161053, 40.569081678193079 ], [ -74.089249060751314, 40.567015570534913 ], [ -74.089982599328337, 40.567380011533295 ], [ -74.09054960106333, 40.567083597211493 ], [ -74.094070711094346, 40.56273161946141 ], [ -74.095423717963271, 40.5631546355688 ], [ -74.09661362272206, 40.562087145537525 ], [ -74.09819767261925, 40.559836476804854 ], [ -74.098290308236955, 40.559332614157015 ], [ -74.09782127023999, 40.559053466217897 ], [ -74.09876415480899, 40.559423551651058 ], [ -74.099380314327277, 40.558964193361405 ], [ -74.102997995999957, 40.560469558000143 ], [ -74.113761611999976, 40.566497189000124 ], [ -74.116363363999923, 40.563915638000054 ], [ -74.124899043999918, 40.568949142000122 ], [ -74.121502136999936, 40.571721559000096 ], [ -74.121853335999916, 40.574653181000087 ], [ -74.121537289999907, 40.575153253000074 ], [ -74.119109548999944, 40.576157252000087 ], [ -74.117020785999955, 40.578196926000111 ], [ -74.115625781999881, 40.578479753000124 ], [ -74.113069544999945, 40.580768522000071 ], [ -74.109248355, 40.58267841300011 ], [ -74.105257754999968, 40.585921436000064 ], [ -74.098440008999972, 40.581241706000107 ], [ -74.100390834999956, 40.579688666000131 ], [ -74.085976474999924, 40.572236971000073 ], [ -74.084957158191926, 40.571259840021277 ] ] ] } },
{ "type": "Feature", "properties": { "id": 173, "name": "North Corona", "borough": "Queens" }, "geometry": { "type": "Polygon", "coordinates": [ [ [ -73.873657217999835, 40.75680348600013 ], [ -73.854367969999984, 40.758119083000068 ], [ -73.853126354999944, 40.755109343000072 ], [ -73.855799090999867, 40.754409528000139 ], [ -73.854555522999931, 40.751961919000095 ], [ -73.855834956, 40.751577272000084 ], [ -73.854425752999987, 40.748851726000076 ], [ -73.867909638999862, 40.744933716000098 ], [ -73.868529251999945, 40.747588302000139 ], [ -73.873657217999835, 40.75680348600013 ] ] ] } },
{ "type": "Feature", "properties": { "id": 174, "name": "Norwood", "borough": "Bronx" }, "geometry": { "type": "Polygon", "coordinates": [ [ [ -73.877728176999824, 40.883454195000141 ], [ -73.878125943999919, 40.882153826000092 ], [ -73.874676015, 40.881562852000108 ], [ -73.874945897999908, 40.879947669000067 ], [ -73.870241000999854, 40.880229353000146 ], [ -73.872552508999817, 40.875175183000088 ], [ -73.876192249999789, 40.870476711000059 ], [ -73.883090031999899, 40.866591509000131 ], [ -73.883625181000028, 40.867257588000093 ], [ -73.881468896999834, 40.868573646000101 ], [ -73.883400353, 40.873946626000155 ], [ -73.88345579299984, 40.876056095000138 ], [ -73.885276831999875, 40.879217669000077 ], [ -73.885675179999865, 40.878872511000061 ], [ -73.88595071699983, 40.880507412000121 ], [ -73.887165052999833, 40.882576511000096 ], [ -73.887051425999843, 40.884349576000105 ], [ -73.884216963999947, 40.883197728000091 ], [ -73.882748333999984, 40.88339738700013 ], [ -73.881244224999918, 40.882709633000097 ], [ -73.878035623999963, 40.887118322000077 ], [ -73.877728176999824, 40.883454195000141 ] ] ] } },
{ "type": "Feature", "properties": { "id": 175, "name": "Oakland Gardens", "borough": "Queens" }, "geometry": { "type": "Polygon", "coordinates": [ [ [ -73.756820621999964, 40.759734806000033 ], [ -73.755837132999872, 40.757742062000133 ], [ -73.755116483999942, 40.758479498000128 ], [ -73.753209971999951, 40.758244873000102 ], [ -73.752302593999929, 40.759455199000115 ], [ -73.75115582999986, 40.759069768000131 ], [ -73.750577106999842, 40.758014895000102 ], [ -73.750047644999853, 40.758404658000174 ], [ -73.747111138999912, 40.754173286000125 ], [ -73.747741164999923, 40.753849944000073 ], [ -73.747098853999901, 40.752346829000082 ], [ -73.745779487999982, 40.751560805000125 ], [ -73.74384322099985, 40.747690096000078 ], [ -73.746259843999852, 40.746711475000119 ], [ -73.74477587099986, 40.743281097000121 ], [ -73.748876972999838, 40.743288374000102 ], [ -73.753473, 40.742404844000127 ], [ -73.750982300999866, 40.740021462000151 ], [ -73.749968042999967, 40.739745752000069 ], [ -73.743961935999891, 40.740789127000042 ], [ -73.743068207999912, 40.738440818000093 ], [ -73.741281138999881, 40.738788692000149 ], [ -73.740169517999931, 40.73848189800006 ], [ -73.742947859, 40.735456552000116 ], [ -73.750482956999946, 40.729221294000155 ], [ -73.756697712999866, 40.72622871100009 ], [ -73.76234209799992, 40.729538291000061 ], [ -73.765643745000048, 40.732533127000146 ], [ -73.763699791999883, 40.732864117000112 ], [ -73.765109206999938, 40.734556585000121 ], [ -73.762733034999854, 40.735262163000151 ], [ -73.762486092999822, 40.736730982000076 ], [ -73.765568497999851, 40.743258155000071 ], [ -73.766878535999922, 40.744093579000072 ], [ -73.767729913999943, 40.745776226000118 ], [ -73.760736120999866, 40.747737385000136 ], [ -73.756841273999925, 40.749322078000112 ], [ -73.761843439999865, 40.755537269000087 ], [ -73.761766928999847, 40.757278802000052 ], [ -73.762395105999957, 40.759496998000053 ], [ -73.758001317999955, 40.760379867000076 ], [ -73.756820621999964, 40.759734806000033 ] ] ] } },
{ "type": "Feature", "properties": { "id": 176, "name": "Oakwood", "borough": "Staten Island" }, "geometry": { "type": "Polygon", "coordinates": [ [ [ -74.123183806999904, 40.575751852000103 ], [ -74.121537289999907, 40.575153253000074 ], [ -74.121853335999916, 40.574653181000087 ], [ -74.121502136999936, 40.571721559000096 ], [ -74.124899043999918, 40.568949142000122 ], [ -74.116363362999962, 40.563915638000054 ], [ -74.113761611999976, 40.566497189000124 ], [ -74.099929142006502, 40.559070685826349 ], [ -74.101602029867252, 40.556803458719628 ], [ -74.101840329648951, 40.55594463924146 ], [ -74.101405169108233, 40.555538526164611 ], [ -74.102650763602455, 40.556134404785411 ], [ -74.103098391115324, 40.555904641451335 ], [ -74.104659434913927, 40.554120467311385 ], [ -74.104844476363382, 40.553025814556442 ], [ -74.10654741892462, 40.554166999074191 ], [ -74.107686234640525, 40.553976671477706 ], [ -74.110284573875362, 40.551496357417719 ], [ -74.113010461022313, 40.5477800652152 ], [ -74.114958319999928, 40.549581439000114 ], [ -74.116562900999952, 40.549127742000074 ], [ -74.119458592999905, 40.552221906000099 ], [ -74.127300577999961, 40.557295172000131 ], [ -74.133210024999983, 40.552383876000128 ], [ -74.138850926999908, 40.556951179000094 ], [ -74.135613002999932, 40.558980027000132 ], [ -74.13480973399993, 40.560828619000056 ], [ -74.13170009, 40.564535749000122 ], [ -74.135274172999914, 40.565517761000073 ], [ -74.144387449999883, 40.569706100000083 ], [ -74.143874535999913, 40.570606594000097 ], [ -74.144185881999988, 40.572037410000078 ], [ -74.132610229999912, 40.573530163000093 ], [ -74.127653582999983, 40.575234943000076 ], [ -74.127088147999984, 40.576369106000151 ], [ -74.123183806999904, 40.575751852000103 ] ] ] } },
{ "type": "Feature", "properties": { "id": 177, "name": "Ocean Hill", "borough": "Brooklyn" }, "geometry": { "type": "Polygon", "coordinates": [ [ [ -73.91804607, 40.687213248000084 ], [ -73.900046261999933, 40.676893090000164 ], [ -73.922752571999979, 40.667097333000079 ], [ -73.921646663999923, 40.678869923000128 ], [ -73.916301198999903, 40.678577112000106 ], [ -73.91804607, 40.687213248000084 ] ] ] } },
{ "type": "Feature", "properties": { "id": 178, "name": "Ocean Parkway South", "borough": "Brooklyn" }, "geometry": { "type": "Polygon", "coordinates": [ [ [ -73.970921263000037, 40.626569985000117 ], [ -73.970471718999917, 40.624170030000144 ], [ -73.969097244999844, 40.624332825000145 ], [ -73.968645105999954, 40.621941695000089 ], [ -73.964719833999808, 40.622372961000131 ], [ -73.962859739999843, 40.612549486000091 ], [ -73.964781127999856, 40.612330922000091 ], [ -73.964296498999914, 40.609776426000117 ], [ -73.97403097799986, 40.608702310000105 ], [ -73.975171769999918, 40.61472418600011 ], [ -73.97399319500002, 40.614029894000119 ], [ -73.972903268999957, 40.614152968000056 ], [ -73.973358793999921, 40.616541715000096 ], [ -73.97548096999985, 40.616311925000083 ], [ -73.975373355000016, 40.615754722000084 ], [ -73.977850092999859, 40.617287606000104 ], [ -73.975393804999982, 40.620769987000152 ], [ -73.977053528999988, 40.621532522000066 ], [ -73.976565838999889, 40.621994903000086 ], [ -73.977261499999898, 40.625852773000112 ], [ -73.970921263000037, 40.626569985000117 ] ] ] } },
{ "type": "Feature", "properties": { "id": 179, "name": "Old Astoria", "borough": "Queens" }, "geometry": { "type": "Polygon", "coordinates": [ [ [ -73.935082324921439, 40.777944233727951 ], [ -73.931788343052077, 40.777870606602498 ], [ -73.929880585000973, 40.776221631902075 ], [ -73.927821474000041, 40.776697527000131 ], [ -73.922792644999859, 40.773962295000103 ], [ -73.91770217299991, 40.770393112000086 ], [ -73.919955968999915, 40.768440065000057 ], [ -73.918493369999965, 40.767734657000133 ], [ -73.919777647999979, 40.766152184000106 ], [ -73.922189461999949, 40.76726735700008 ], [ -73.924252887999785, 40.76472456400014 ], [ -73.933444684999927, 40.768817790000099 ], [ -73.934935110999916, 40.767013024000072 ], [ -73.936183796999913, 40.767691801000119 ], [ -73.935771340999892, 40.769050010000058 ], [ -73.934246096000052, 40.771029276000078 ], [ -73.934953987149825, 40.771372943017035 ], [ -73.934480150890423, 40.771323068200459 ], [ -73.934806813441625, 40.771734138890082 ], [ -73.937466385370669, 40.772531495125364 ], [ -73.937654830908187, 40.775085685383793 ], [ -73.935082324921439, 40.777944233727951 ] ] ] } },
{ "type": "Feature", "properties": { "id": 180, "name": "Ozone Park", "borough": "Queens" }, "geometry": { "type": "Polygon", "coordinates": [ [ [ -73.841196056999806, 40.683351366000089 ], [ -73.833348192999949, 40.666773187000146 ], [ -73.842158021999921, 40.668701448000071 ], [ -73.842435853999888, 40.669288557000115 ], [ -73.861318635999851, 40.675021269000077 ], [ -73.862345804999833, 40.679164786000136 ], [ -73.86334943599995, 40.6793516400001 ], [ -73.858785768999866, 40.680630463000085 ], [ -73.85819836099995, 40.679430849000063 ], [ -73.85392389199987, 40.679686156000074 ], [ -73.850990892999874, 40.68056836700007 ], [ -73.851978645999893, 40.682564211000056 ], [ -73.847868175999849, 40.681486832000118 ], [ -73.841196056999806, 40.683351366000089 ] ] ] } },
{ "type": "Feature", "properties": { "id": 181, "name": "Park Slope", "borough": "Brooklyn" }, "geometry": { "type": "Polygon", "coordinates": [ [ [ -73.970412894999896, 40.672593723000084 ], [ -73.979653534999855, 40.661243233000128 ], [ -73.982230341999951, 40.662141493000121 ], [ -73.985086793999983, 40.659013288000075 ], [ -73.987250689999911, 40.660378956000059 ], [ -73.988716511, 40.662404938000158 ], [ -73.9906354539999, 40.660579088000169 ], [ -73.996926898999845, 40.664374915000124 ], [ -73.994903501999914, 40.666785435000079 ], [ -73.992770806999815, 40.66550728100006 ], [ -73.983900486999914, 40.676148653000098 ], [ -73.978042895999877, 40.684856615000079 ], [ -73.977097966999963, 40.683869780000087 ], [ -73.973755984999897, 40.683034020000086 ], [ -73.974691183999951, 40.680266616000111 ], [ -73.976180513999836, 40.67806432100015 ], [ -73.969497388999898, 40.675906380000171 ], [ -73.969693174999847, 40.675360854000076 ], [ -73.968718221999836, 40.673924234000069 ], [ -73.96892332199981, 40.672937553000096 ], [ -73.970412894999896, 40.672593723000084 ] ] ] } },
{ "type": "Feature", "properties": { "id": 182, "name": "Parkchester", "borough": "Bronx" }, "geometry": { "type": "Polygon", "coordinates": [ [ [ -73.851684596999974, 40.834201052000097 ], [ -73.860338458999948, 40.833253166000141 ], [ -73.86085019699982, 40.83361353800008 ], [ -73.862711143999931, 40.832991509000166 ], [ -73.863937480999795, 40.840044566000124 ], [ -73.864480117999946, 40.841087797000135 ], [ -73.853335249999859, 40.842470155000079 ], [ -73.851684596999974, 40.834201052000097 ] ] ] } },
{ "type": "Feature", "properties": { "id": 183, "name": "Pelham Bay", "borough": "Bronx" }, "geometry": { "type": "Polygon", "coordinates": [ [ [ -73.836766436999852, 40.843385970000128 ], [ -73.835559001999925, 40.851964013000128 ], [ -73.834639702999866, 40.853817994000096 ], [ -73.83228148899984, 40.855177450000134 ], [ -73.828601971999959, 40.855717848000062 ], [ -73.827217512000018, 40.85325051300012 ], [ -73.827131332999926, 40.851871081000112 ], [ -73.827996769999984, 40.848624314000084 ], [ -73.826113006999961, 40.845338694000105 ], [ -73.830431863999848, 40.843857984000145 ], [ -73.836766436999852, 40.843385970000128 ] ] ] } },
{ "type": "Feature", "properties": { "id": 184, "name": "Pelham Bay Park", "borough": "Bronx" }, "geometry": { "type": "MultiPolygon", "coordinates": [ [ [ [ -73.814427622000053, 40.886771965000086 ], [ -73.805505767000014, 40.886092949000073 ], [ -73.793228708911428, 40.882822594952408 ], [ -73.794917055866705, 40.880543790985051 ], [ -73.795545799088515, 40.880691015375163 ], [ -73.795025962328324, 40.879747797211905 ], [ -73.797438154572859, 40.87513533295332 ], [ -73.799813895803283, 40.87415984971642 ], [ -73.800872704582446, 40.871590119894137 ], [ -73.802522847565967, 40.870506644696981 ], [ -73.803177265017155, 40.871683155070791 ], [ -73.802699397862511, 40.872214691294445 ], [ -73.8033911752309, 40.872505037631264 ], [ -73.804318494682263, 40.871159741068169 ], [ -73.803733393992815, 40.870962602823973 ], [ -73.803583149392509, 40.869948061028779 ], [ -73.802829598931893, 40.870076294030611 ], [ -73.803022036852767, 40.869155119796687 ], [ -73.805884100128878, 40.869068502185101 ], [ -73.805744860803301, 40.869692576552985 ], [ -73.808415968187873, 40.871189693367718 ], [ -73.808387310463246, 40.870571621611916 ], [ -73.807540636361708, 40.870377552173601 ], [ -73.807806731947352, 40.869787520428645 ], [ -73.806952752244072, 40.86965794817614 ], [ -73.806730749051013, 40.868770013078539 ], [ -73.804872661699335, 40.868233302832436 ], [ -73.804646045029116, 40.866647116437058 ], [ -73.803852807814422, 40.867166484800215 ], [ -73.803003881089481, 40.867041836569079 ], [ -73.80306041484539, 40.865815133706938 ], [ -73.802258161577655, 40.865608206411082 ], [ -73.797803772192921, 40.872256132274146 ], [ -73.794790446815981, 40.873200484034165 ], [ -73.793167037787043, 40.877055639066661 ], [ -73.794402945862274, 40.877641842999203 ], [ -73.793847027881696, 40.87859445979106 ], [ -73.790689274788051, 40.880158864278386 ], [ -73.789558729443101, 40.881261284915617 ], [ -73.789120206369063, 40.880080210993647 ], [ -73.790063328607744, 40.879594661515029 ], [ -73.789523093688004, 40.878998127060683 ], [ -73.785884969766471, 40.879067231752821 ], [ -73.784381681075502, 40.878420531670699 ], [ -73.784177383688302, 40.877721353928685 ], [ -73.78470964026441, 40.876357994847865 ], [ -73.786684932187612, 40.874293475542721 ], [ -73.787190875605063, 40.872730553729319 ], [ -73.786248744526048, 40.872382846772325 ], [ -73.785081396586008, 40.873589963225875 ], [ -73.785680998538439, 40.872387265057299 ], [ -73.785261520757089, 40.871745322332551 ], [ -73.783587384860255, 40.873780954680484 ], [ -73.783431425413767, 40.873178701949001 ], [ -73.784037169718331, 40.872826601263789 ], [ -73.783068534260266, 40.872153575922894 ], [ -73.783201754262919, 40.870670360853943 ], [ -73.78490216077769, 40.869763973240843 ], [ -73.785602453054423, 40.868341652223883 ], [ -73.785517442549519, 40.869169565719325 ], [ -73.78598679893318, 40.869592738286549 ], [ -73.787954461454049, 40.869845419063793 ], [ -73.789681974486228, 40.869361310772824 ], [ -73.791390325861315, 40.868141307466331 ], [ -73.792650957670631, 40.864136653184971 ], [ -73.791473171198746, 40.862207106249201 ], [ -73.791904549275003, 40.860829562712254 ], [ -73.793510297577242, 40.860551681291028 ], [ -73.793399855166953, 40.85994848620112 ], [ -73.794545623180312, 40.858888259161404 ], [ -73.794869838669001, 40.858075551258239 ], [ -73.794350059342719, 40.856527023804105 ], [ -73.796854617599166, 40.856264358213579 ], [ -73.797985334808388, 40.854848932595907 ], [ -73.798722556000797, 40.854914401172785 ], [ -73.799024193933207, 40.853957267650308 ], [ -73.797955833102421, 40.852988330716407 ], [ -73.797805229905919, 40.851949598597329 ], [ -73.798193659968405, 40.850592561406863 ], [ -73.799486814815069, 40.849748448064858 ], [ -73.800403875544234, 40.848108221001624 ], [ -73.801467352690523, 40.848770213705883 ], [ -73.801830564441261, 40.850130657058635 ], [ -73.804175579323967, 40.853340120189273 ], [ -73.804525267300406, 40.854851864466475 ], [ -73.803523598090194, 40.855556694889735 ], [ -73.804784105479442, 40.861546330534807 ], [ -73.80592716427573, 40.861941196990486 ], [ -73.806123907835456, 40.85981220661921 ], [ -73.807833438700868, 40.860318133305576 ], [ -73.808125730263527, 40.859748039903373 ], [ -73.807680481075622, 40.858538063289728 ], [ -73.81088792104822, 40.862348921718279 ], [ -73.814114143375363, 40.863731458211845 ], [ -73.814589065164043, 40.862726436631235 ], [ -73.815156285642161, 40.862306744929725 ], [ -73.815103153841491, 40.863057465367966 ], [ -73.81641392102722, 40.861180627704123 ], [ -73.814796297573338, 40.861128956746974 ], [ -73.813818025868699, 40.860548278670905 ], [ -73.812731464950346, 40.858877541947905 ], [ -73.812306027084162, 40.854162026473361 ], [ -73.816408709080136, 40.854082255114889 ], [ -73.816841835990743, 40.853625213157471 ], [ -73.81712409042197, 40.85126957344503 ], [ -73.815718824985225, 40.850820990344907 ], [ -73.816249967089703, 40.850194475367196 ], [ -73.815071659042374, 40.849133619794699 ], [ -73.820140437000035, 40.848020599000087 ], [ -73.820484055999827, 40.848501026000157 ], [ -73.824956976999857, 40.846105445000049 ], [ -73.825179989999981, 40.842700059000073 ], [ -73.82624132899997, 40.842993594000149 ], [ -73.826170140999906, 40.845573988000126 ], [ -73.827996769999871, 40.848624313000109 ], [ -73.827131332999926, 40.851871081000112 ], [ -73.827230261000011, 40.853350757000086 ], [ -73.828601971999959, 40.855717848000062 ], [ -73.831291577999849, 40.855434105000093 ], [ -73.832835022999859, 40.856035845000079 ], [ -73.828343473999922, 40.860892026000094 ], [ -73.826996531999981, 40.859087786000053 ], [ -73.82444012099991, 40.859501384000097 ], [ -73.820375529999964, 40.861033005000102 ], [ -73.815787640999986, 40.865758061000086 ], [ -73.821266938, 40.869071606000084 ], [ -73.823295993999864, 40.873097418000071 ], [ -73.819925864999945, 40.882119333000063 ], [ -73.820274329999847, 40.88555070000011 ], [ -73.814427622000053, 40.886771965000086 ] ] ], [ [ [ -73.787127834651997, 40.880923463171449 ], [ -73.785780026112789, 40.880363962661519 ], [ -73.786848849103663, 40.880448111292147 ], [ -73.786797410330422, 40.879947073814243 ], [ -73.78742039384403, 40.879770890290182 ], [ -73.787127834651997, 40.880923463171449 ] ] ], [ [ [ -73.781127674781558, 40.876652680508293 ], [ -73.781206496493908, 40.876285025460312 ], [ -73.78132704118002, 40.876361326546565 ], [ -73.781127674781558, 40.876652680508293 ] ] ], [ [ [ -73.782476041255251, 40.875168133379049 ], [ -73.782657853609052, 40.874792656694169 ], [ -73.782802075104058, 40.874948866205607 ], [ -73.782476041255251, 40.875168133379049 ] ] ], [ [ [ -73.774352446452326, 40.87416995587499 ], [ -73.774536405109544, 40.874710015438509 ], [ -73.77409538292126, 40.874896184480328 ], [ -73.774031815344301, 40.874394774956414 ], [ -73.774352446452326, 40.87416995587499 ] ] ], [ [ [ -73.786194637164698, 40.873885319414846 ], [ -73.786189243586463, 40.873599727699933 ], [ -73.786333259966938, 40.873677724887649 ], [ -73.786194637164698, 40.873885319414846 ] ] ], [ [ [ -73.786328694889875, 40.87327114455428 ], [ -73.786726890953489, 40.873074539265872 ], [ -73.786262021534256, 40.873393686634117 ], [ -73.786328694889875, 40.87327114455428 ] ] ], [ [ [ -73.770809753981936, 40.871549946848177 ], [ -73.769907106685423, 40.870476944470454 ], [ -73.772880426652293, 40.87124526343046 ], [ -73.772177864922881, 40.871981110689568 ], [ -73.770809753981936, 40.871549946848177 ] ] ], [ [ [ -73.766689658419239, 40.867097781624686 ], [ -73.767099074397834, 40.866704572748397 ], [ -73.767794493820233, 40.866781173765645 ], [ -73.767600720964992, 40.867496386541639 ], [ -73.766689658419239, 40.867097781624686 ] ] ], [ [ [ -73.769649886270884, 40.865485572424618 ], [ -73.76979148260493, 40.86512823356464 ], [ -73.770229316302732, 40.865138939396203 ], [ -73.770068972998004, 40.865525876183604 ], [ -73.769649886270884, 40.865485572424618 ] ] ], [ [ [ -73.784691658507015, 40.862542789908403 ], [ -73.783541052996696, 40.863095506325003 ], [ -73.783767703489787, 40.862610608464543 ], [ -73.784691658507015, 40.862542789908403 ] ] ], [ [ [ -73.783280535059234, 40.862780706712762 ], [ -73.782881978311906, 40.862406433091458 ], [ -73.783145042881301, 40.862068678905757 ], [ -73.783280535059234, 40.862780706712762 ] ] ], [ [ [ -73.774856816247421, 40.861983634334443 ], [ -73.774943211557499, 40.861391499889692 ], [ -73.775292979551253, 40.861232008216071 ], [ -73.774856816247421, 40.861983634334443 ] ] ], [ [ [ -73.77310632921936, 40.861614575032974 ], [ -73.773231502446947, 40.860747169793584 ], [ -73.773512641656879, 40.861241184087284 ], [ -73.77310632921936, 40.861614575032974 ] ] ], [ [ [ -73.8022229535527, 40.841634813144275 ], [ -73.80263811156135, 40.841081153267268 ], [ -73.806946086415891, 40.841462447186572 ], [ -73.806808013723966, 40.842489139987705 ], [ -73.80393073307404, 40.84259407255017 ], [ -73.8022229535527, 40.841634813144275 ] ] ] ] } },
{ "type": "Feature", "properties": { "id": 185, "name": "Pelham Parkway", "borough": "Bronx" }, "geometry": { "type": "Polygon", "coordinates": [ [ [ -73.849308933999893, 40.858717503000051 ], [ -73.836819184999882, 40.857276809000098 ], [ -73.83667557299988, 40.856652663000091 ], [ -73.834995525999929, 40.856571201000087 ], [ -73.838185611999833, 40.855564010000094 ], [ -73.840497673999906, 40.854184105000087 ], [ -73.844940537999818, 40.84821822100011 ], [ -73.844969540999898, 40.850097031000104 ], [ -73.844308469999902, 40.851190464000091 ], [ -73.84968869799998, 40.851058907000066 ], [ -73.853045268999935, 40.849547332000057 ], [ -73.854573882999915, 40.851508346000131 ], [ -73.860694566999825, 40.848753394000049 ], [ -73.86250923799993, 40.848362281000071 ], [ -73.863039380999965, 40.850611307000129 ], [ -73.86518787199995, 40.850164386000124 ], [ -73.868605155999887, 40.852068646000099 ], [ -73.869904216000023, 40.855773293000077 ], [ -73.868188305999894, 40.858063834000156 ], [ -73.85663774599989, 40.858119172000109 ], [ -73.849308933999893, 40.858717503000051 ] ] ] } },
{ "type": "Feature", "properties": { "id": 186, "name": "Penn Station/Madison Sq West", "borough": "Manhattan" }, "geometry": { "type": "Polygon", "coordinates": [ [ [ -73.987769058999945, 40.74978702900011 ], [ -73.991418585999938, 40.744802682000085 ], [ -73.997099028999941, 40.747205102000109 ], [ -73.993464176999851, 40.752190055000078 ], [ -73.987769058999945, 40.74978702900011 ] ] ] } },
{ "type": "Feature", "properties": { "id": 187, "name": "Port Richmond", "borough": "Staten Island" }, "geometry": { "type": "MultiPolygon", "coordinates": [ [ [ [ -74.134352695736212, 40.641886797405348 ], [ -74.13299172393485, 40.641416936664847 ], [ -74.131255811802617, 40.641596830764016 ], [ -74.131461997648216, 40.641310104075274 ], [ -74.130183700132051, 40.640723826083232 ], [ -74.12949057637357, 40.641354835196104 ], [ -74.129977402627205, 40.640729872855772 ], [ -74.129307131868401, 40.640337411211171 ], [ -74.128933012098955, 40.640413929487984 ], [ -74.128907290334581, 40.641194827586368 ], [ -74.128812018471237, 40.640226977504099 ], [ -74.127244818383943, 40.639766890857132 ], [ -74.126888726999894, 40.637210088000138 ], [ -74.128670472999943, 40.637348265000128 ], [ -74.128931293999969, 40.634577487000065 ], [ -74.130469767999926, 40.631676321000107 ], [ -74.130474289999853, 40.630885509000095 ], [ -74.13107460299986, 40.631147730000087 ], [ -74.133437311999941, 40.629074346000067 ], [ -74.134086982999918, 40.629541681000042 ], [ -74.135861083999956, 40.628061528000103 ], [ -74.136742377999923, 40.628662537000054 ], [ -74.138063937999917, 40.627568471000096 ], [ -74.138058494999925, 40.627068518000051 ], [ -74.135810082999967, 40.625064340000101 ], [ -74.138263581999922, 40.624243770000149 ], [ -74.138366668999865, 40.621737117000094 ], [ -74.139821847999926, 40.616299825000063 ], [ -74.146035620999982, 40.617012777000163 ], [ -74.146968641999877, 40.610151356000102 ], [ -74.150186664999964, 40.609497811000104 ], [ -74.153791166999923, 40.612255612000098 ], [ -74.152311703999942, 40.61716275600007 ], [ -74.147728303999912, 40.622136619000145 ], [ -74.146228124999922, 40.624925362000084 ], [ -74.145540719999929, 40.627832522000155 ], [ -74.145935445999939, 40.627824115000159 ], [ -74.146222027999954, 40.629106957000104 ], [ -74.147526189999923, 40.629389288000077 ], [ -74.144782289999938, 40.637953780000124 ], [ -74.143599982999959, 40.638514126000096 ], [ -74.14312802471521, 40.639680373063996 ], [ -74.142387951493205, 40.639641210830092 ], [ -74.142297669809651, 40.640305807093789 ], [ -74.141480474034495, 40.640092194295704 ], [ -74.140762536452741, 40.64058939691143 ], [ -74.134352695736212, 40.641886797405348 ] ] ], [ [ [ -74.121172462751588, 40.641669145572678 ], [ -74.121280747971682, 40.641432495993726 ], [ -74.121311948148318, 40.641452531162692 ], [ -74.121172462751588, 40.641669145572678 ] ] ], [ [ [ -74.12177911197513, 40.641592547117227 ], [ -74.12176052602824, 40.641574315062599 ], [ -74.121757646984221, 40.641423424227362 ], [ -74.12177911197513, 40.641592547117227 ] ] ], [ [ [ -74.121101247379357, 40.641613282299211 ], [ -74.121180395038337, 40.641383445189902 ], [ -74.121214702770871, 40.641396839993888 ], [ -74.121101247379357, 40.641613282299211 ] ] ], [ [ [ -74.121305290830009, 40.641600703130223 ], [ -74.121373329195521, 40.641476475121834 ], [ -74.121326171116451, 40.641606569229054 ], [ -74.121305290830009, 40.641600703130223 ] ] ], [ [ [ -74.121990838075391, 40.641554639499631 ], [ -74.121806610910227, 40.641412159037884 ], [ -74.121841470477804, 40.64140589438724 ], [ -74.121990838075391, 40.641554639499631 ] ] ], [ [ [ -74.122711030758552, 40.641433755252898 ], [ -74.122721144248317, 40.641347623773257 ], [ -74.12276203509289, 40.641426635297329 ], [ -74.122711030758552, 40.641433755252898 ] ] ], [ [ [ -74.126132765512267, 40.641264388028389 ], [ -74.125995424612199, 40.640231242814593 ], [ -74.126368086889755, 40.641332380487157 ], [ -74.125640268705965, 40.641418492082458 ], [ -74.126132765512267, 40.641264388028389 ] ] ] ] } },
{ "type": "Feature", "properties": { "id": 188, "name": "Prospect-Lefferts Gardens", "borough": "Brooklyn" }, "geometry": { "type": "Polygon", "coordinates": [ [ [ -73.957291726999955, 40.664302632000094 ], [ -73.957209354999961, 40.663517397000113 ], [ -73.942696289999887, 40.66405512900014 ], [ -73.942828921999919, 40.662847486000089 ], [ -73.930684654999851, 40.663620477000123 ], [ -73.926464242999828, 40.659814362000148 ], [ -73.927255053999943, 40.659337564000076 ], [ -73.928340175999864, 40.660060036000075 ], [ -73.927994651999882, 40.656802101000068 ], [ -73.950066648999879, 40.655422997000088 ], [ -73.949571131000056, 40.650807900000117 ], [ -73.958707898999904, 40.650387273000092 ], [ -73.959861031999807, 40.655634789000096 ], [ -73.96190028499997, 40.654870962000118 ], [ -73.963077241999827, 40.662130195000053 ], [ -73.962428941999946, 40.663125208000089 ], [ -73.960615447999857, 40.663302750000121 ], [ -73.960336828999814, 40.664108698000156 ], [ -73.957291726999955, 40.664302632000094 ] ] ] } },
{ "type": "Feature", "properties": { "id": 189, "name": "Prospect Heights", "borough": "Brooklyn" }, "geometry": { "type": "Polygon", "coordinates": [ [ [ -73.960074283000012, 40.674878071000137 ], [ -73.961318779999914, 40.671406676000089 ], [ -73.96892332199981, 40.672937553000096 ], [ -73.96874205, 40.674087122000095 ], [ -73.969693174999847, 40.675360854000076 ], [ -73.969497388999898, 40.675906380000171 ], [ -73.976180513999836, 40.67806432100015 ], [ -73.974691183999951, 40.680266616000111 ], [ -73.973755984999897, 40.683034020000086 ], [ -73.961346558999935, 40.680463524000089 ], [ -73.963182388999826, 40.675529504000075 ], [ -73.960074283000012, 40.674878071000137 ] ] ] } },
{ "type": "Feature", "properties": { "id": 190, "name": "Prospect Park", "borough": "Brooklyn" }, "geometry": { "type": "Polygon", "coordinates": [ [ [ -73.963077241999827, 40.662130195000053 ], [ -73.96190028499997, 40.654870962000118 ], [ -73.966213219999958, 40.653189405000084 ], [ -73.96465438699984, 40.650887728000122 ], [ -73.971396317000043, 40.648257786000059 ], [ -73.972109785999962, 40.650664144000089 ], [ -73.972657697999892, 40.650912040000065 ], [ -73.972328462999968, 40.651397929000069 ], [ -73.97436701299992, 40.658187904000108 ], [ -73.980229025999847, 40.660985326000088 ], [ -73.970412895000052, 40.672593724000102 ], [ -73.968655414000025, 40.673023839000123 ], [ -73.962587848999959, 40.671711597000083 ], [ -73.96095595499996, 40.663285055000109 ], [ -73.962428941999946, 40.663125208000089 ], [ -73.963077241999827, 40.662130195000053 ] ] ] } },
{ "type": "Feature", "properties": { "id": 191, "name": "Queens Village", "borough": "Queens" }, "geometry": { "type": "Polygon", "coordinates": [ [ [ -73.731472150999906, 40.727411795000116 ], [ -73.729905124999775, 40.723272495000138 ], [ -73.728364153999919, 40.723614352000055 ], [ -73.728162339106959, 40.723084139891483 ], [ -73.730326289840463, 40.722157296892526 ], [ -73.726971467915206, 40.710714504016927 ], [ -73.726777595169565, 40.703059291199608 ], [ -73.734264552999988, 40.703219542000149 ], [ -73.734304036999845, 40.702478131000127 ], [ -73.740776757999967, 40.70267983700014 ], [ -73.740503364999824, 40.703433556000121 ], [ -73.741092939999888, 40.703481063000105 ], [ -73.745908710000037, 40.702287274000092 ], [ -73.745001191000043, 40.700262213000073 ], [ -73.747730121999908, 40.699553137000102 ], [ -73.74618157999997, 40.696121926000124 ], [ -73.748633259999863, 40.695444761000111 ], [ -73.7501929579999, 40.698912082000085 ], [ -73.7493054709999, 40.69914231300011 ], [ -73.752050664999842, 40.705228028000136 ], [ -73.750470581999849, 40.705639931000142 ], [ -73.753708345999954, 40.713324636000131 ], [ -73.757256714999855, 40.718138602000103 ], [ -73.752334383999795, 40.720262461000132 ], [ -73.755771209999978, 40.723640216000106 ], [ -73.755086250999909, 40.724490060000043 ], [ -73.756697712999866, 40.72622871100009 ], [ -73.751842382999925, 40.728326502000101 ], [ -73.746721404000041, 40.73247715100009 ], [ -73.746491621999951, 40.73141458900011 ], [ -73.745556671999893, 40.730636898000142 ], [ -73.731472150999906, 40.727411795000116 ] ] ] } },
{ "type": "Feature", "properties": { "id": 192, "name": "Queensboro Hill", "borough": "Queens" }, "geometry": { "type": "Polygon", "coordinates": [ [ [ -73.824264937999928, 40.751832888000116 ], [ -73.821084275999979, 40.748558446000132 ], [ -73.817820258999987, 40.747385416000071 ], [ -73.815373173999902, 40.747218338000138 ], [ -73.814161719999873, 40.746138580000128 ], [ -73.807505992999907, 40.750136587000128 ], [ -73.802876664999829, 40.749765150000094 ], [ -73.802766292999962, 40.748122145000082 ], [ -73.803352141999895, 40.746431965000077 ], [ -73.794675687999799, 40.747211928000134 ], [ -73.794535074, 40.744507638000073 ], [ -73.79723084999992, 40.741695507000117 ], [ -73.797256708999925, 40.740213043000104 ], [ -73.796402187000041, 40.73828235800007 ], [ -73.815049987999927, 40.738943133000106 ], [ -73.814972082999958, 40.738560716000066 ], [ -73.816076767999803, 40.738857934000137 ], [ -73.816779595999847, 40.738379794000046 ], [ -73.824350110999902, 40.739753606000122 ], [ -73.827943602999895, 40.738489982000075 ], [ -73.82809152599998, 40.737083175000151 ], [ -73.829467519999923, 40.737024482000095 ], [ -73.830535512999944, 40.737520195000101 ], [ -73.831430255000043, 40.739135733000147 ], [ -73.83113122799989, 40.742338000000146 ], [ -73.835861318999889, 40.743227985000125 ], [ -73.835437771999963, 40.745523974000101 ], [ -73.833922182999956, 40.747532075000088 ], [ -73.831254797999989, 40.748106359000104 ], [ -73.830919724999887, 40.748961711000071 ], [ -73.827656418999837, 40.749860831000078 ], [ -73.825844409999988, 40.749348391000112 ], [ -73.825765571999852, 40.750969024000071 ], [ -73.824264937999928, 40.751832888000116 ] ] ] } },
{ "type": "Feature", "properties": { "id": 193, "name": "Queensbridge/Ravenswood", "borough": "Queens" }, "geometry": { "type": "Polygon", "coordinates": [ [ [ -73.935227180999959, 40.769525729000073 ], [ -73.935771340999892, 40.769050010000058 ], [ -73.935931770999829, 40.767783702000088 ], [ -73.938589768999975, 40.7668173590001 ], [ -73.93600532399995, 40.765884895000063 ], [ -73.937004785999861, 40.764239954000153 ], [ -73.933980921999947, 40.762825982000052 ], [ -73.944052652, 40.752313260000115 ], [ -73.950807638091561, 40.755263680057283 ], [ -73.941311749414396, 40.766918004769813 ], [ -73.938203834860502, 40.768727571864211 ], [ -73.935740214326245, 40.769367229866717 ], [ -73.934694990669882, 40.770425338525314 ], [ -73.935147154025941, 40.770541956058629 ], [ -73.935008138861093, 40.771162394433475 ], [ -73.934246095999853, 40.771029275000124 ], [ -73.935227180999959, 40.769525729000073 ] ] ] } },
{ "type": "Feature", "properties": { "id": 194, "name": "Randalls Island", "borough": "Manhattan" }, "geometry": { "type": "Polygon", "coordinates": [ [ [ -73.916398529140437, 40.797684842039139 ], [ -73.914438272332973, 40.795665517864037 ], [ -73.913783853705937, 40.793836285482257 ], [ -73.916854419600597, 40.790358447884863 ], [ -73.918562997749802, 40.789695333826096 ], [ -73.922188311576534, 40.785509278139443 ], [ -73.922852032801373, 40.783555693417881 ], [ -73.924121139967866, 40.782523074011003 ], [ -73.928101189936626, 40.780920320021238 ], [ -73.931053528039214, 40.782396593783417 ], [ -73.935023451172356, 40.783006382014534 ], [ -73.93598226003293, 40.783942368053381 ], [ -73.935712659988454, 40.785680489246424 ], [ -73.930841787196385, 40.790991430000972 ], [ -73.929724007909471, 40.791366178171714 ], [ -73.92807273587826, 40.790823391141735 ], [ -73.9261041024332, 40.790731607310143 ], [ -73.926160233779015, 40.791716073511076 ], [ -73.926568880179303, 40.791858736818796 ], [ -73.925608147810152, 40.791896958281647 ], [ -73.926739138861379, 40.791928751852481 ], [ -73.926330803928821, 40.791503873114408 ], [ -73.926565848079875, 40.790979501856768 ], [ -73.927868892205197, 40.790954838317418 ], [ -73.92713563764022, 40.791929306801684 ], [ -73.928267202980791, 40.79232852397422 ], [ -73.928319435991199, 40.793091266082932 ], [ -73.926936148450395, 40.795497160940705 ], [ -73.92726293295631, 40.798918645061242 ], [ -73.925492935465087, 40.801956168825477 ], [ -73.922633785948818, 40.801868738141316 ], [ -73.920314655212195, 40.799375459290225 ], [ -73.916398529140437, 40.797684842039139 ] ] ] } },
{ "type": "Feature", "properties": { "id": 195, "name": "Red Hook", "borough": "Brooklyn" }, "geometry": { "type": "Polygon", "coordinates": [ [ [ -74.00798157801087, 40.686275110061246 ], [ -74.00485241599992, 40.685668131000078 ], [ -74.005960410999876, 40.683362871000135 ], [ -74.001531943999964, 40.677270397000079 ], [ -74.000674091999898, 40.675555789000093 ], [ -74.001059736999864, 40.675555678000144 ], [ -73.998618879999896, 40.671830172000085 ], [ -74.000303378544345, 40.668716892248653 ], [ -74.002215068165384, 40.668578637441357 ], [ -74.002894838769436, 40.667348465949516 ], [ -74.005863661806799, 40.667993762585873 ], [ -74.006832360782511, 40.666049645526961 ], [ -74.00696707834247, 40.66605218235685 ], [ -74.004753886923311, 40.670721358945208 ], [ -74.005439265293518, 40.670921468238589 ], [ -74.007548216183835, 40.667051745733772 ], [ -74.007087242218134, 40.668591358535956 ], [ -74.009854118556319, 40.668523628335535 ], [ -74.011540175433268, 40.665085919756805 ], [ -74.015748728826537, 40.664568336291822 ], [ -74.016902673610687, 40.664846602339068 ], [ -74.017887191493955, 40.665850466285541 ], [ -74.018576050108649, 40.670392413870132 ], [ -74.019339468717774, 40.671624948422817 ], [ -74.017510370866944, 40.67103453098435 ], [ -74.016486655544867, 40.664930508954008 ], [ -74.016025517760056, 40.664863048788234 ], [ -74.015936985345505, 40.66547079172161 ], [ -74.012279678727921, 40.665732414159002 ], [ -74.010338459479257, 40.669078195448201 ], [ -74.011542880315631, 40.669784342750468 ], [ -74.011625275213561, 40.670581028276068 ], [ -74.014249269318753, 40.66972860473728 ], [ -74.011753505096991, 40.670657757578525 ], [ -74.014274072577379, 40.671379299182071 ], [ -74.015199805700703, 40.670754027664593 ], [ -74.013872737632354, 40.671880761760633 ], [ -74.014232894527822, 40.672130000513157 ], [ -74.015686254975151, 40.67103883492905 ], [ -74.012975877921889, 40.673327918721121 ], [ -74.013363782181329, 40.673591536934595 ], [ -74.015119186639623, 40.67215699596926 ], [ -74.016320999223069, 40.672908269563891 ], [ -74.014579467209487, 40.67441401707179 ], [ -74.014963921845748, 40.67467763029444 ], [ -74.018168392807922, 40.671939240601283 ], [ -74.018800947769193, 40.672250764848883 ], [ -74.017271384701274, 40.673608645805672 ], [ -74.018010773205361, 40.673913181052555 ], [ -74.017834475726872, 40.675258223014545 ], [ -74.018857769589204, 40.675102292409079 ], [ -74.017911982261779, 40.676510462802128 ], [ -74.01976925613225, 40.676613224917411 ], [ -74.019951978646716, 40.677103010450132 ], [ -74.019082573863258, 40.677139564047721 ], [ -74.019177439468891, 40.677826949007198 ], [ -74.018430406616091, 40.67790832186504 ], [ -74.018411031831562, 40.678407121278624 ], [ -74.019663126514985, 40.678388201270785 ], [ -74.01825267004557, 40.678552886726074 ], [ -74.018578827887737, 40.678983079472523 ], [ -74.019540115698931, 40.678968206238054 ], [ -74.019281281010066, 40.67964814029785 ], [ -74.01282000316418, 40.683622416248866 ], [ -74.012134816887908, 40.682905928025257 ], [ -74.014105496479743, 40.681712519375601 ], [ -74.013018354221003, 40.680412374014452 ], [ -74.009671085588792, 40.683268727715209 ], [ -74.010773123393761, 40.684358615541036 ], [ -74.011932599555223, 40.683887749077726 ], [ -74.00798157801087, 40.686275110061246 ] ] ] } },
{ "type": "Feature", "properties": { "id": 196, "name": "Rego Park", "borough": "Queens" }, "geometry": { "type": "Polygon", "coordinates": [ [ [ -73.858510978999988, 40.730286802000109 ], [ -73.857412406999913, 40.72832248000006 ], [ -73.858087656999899, 40.728568722000077 ], [ -73.859419879999905, 40.726464838000098 ], [ -73.857271081, 40.725681298000083 ], [ -73.858054168999928, 40.724445406000079 ], [ -73.86203833799982, 40.725956785000129 ], [ -73.85990796499992, 40.724346234000052 ], [ -73.858680975999903, 40.72261244000007 ], [ -73.857292872999849, 40.711467677000073 ], [ -73.859759329000013, 40.711845059000048 ], [ -73.859629209999852, 40.713975295000118 ], [ -73.860037898999963, 40.714932236000067 ], [ -73.869292704999935, 40.724435929000109 ], [ -73.871460741999869, 40.729326374000053 ], [ -73.875091541999922, 40.73067136300012 ], [ -73.858865557999877, 40.735939139000067 ], [ -73.85625665099991, 40.730959123000112 ], [ -73.858510978999988, 40.730286802000109 ] ] ] } },
{ "type": "Feature", "properties": { "id": 197, "name": "Richmond Hill", "borough": "Queens" }, "geometry": { "type": "Polygon", "coordinates": [ [ [ -73.836962377999825, 40.704212452000128 ], [ -73.836618821999892, 40.703420018000081 ], [ -73.834602449999963, 40.703927467000071 ], [ -73.833917096999883, 40.702347367000129 ], [ -73.832132041999941, 40.702794081000093 ], [ -73.831521095999989, 40.701389629000133 ], [ -73.822458903999944, 40.703655531000074 ], [ -73.816378244999925, 40.702451964000076 ], [ -73.810632982999962, 40.691947383000084 ], [ -73.825011288999974, 40.687952318000107 ], [ -73.825993473999873, 40.689953662000086 ], [ -73.828511367999923, 40.689239056000133 ], [ -73.82753021399995, 40.687239483000099 ], [ -73.838077690999967, 40.684238910000062 ], [ -73.836974862999909, 40.681988018000098 ], [ -73.840128560999815, 40.681146651000091 ], [ -73.844191508999941, 40.689474408000109 ], [ -73.845005331999886, 40.689243911000091 ], [ -73.849477634999914, 40.698195807000062 ], [ -73.845024728999988, 40.6993593770001 ], [ -73.836962377999825, 40.704212452000128 ] ] ] } },
{ "type": "Feature", "properties": { "id": 198, "name": "Ridgewood", "borough": "Queens" }, "geometry": { "type": "Polygon", "coordinates": [ [ [ -73.909659800999947, 40.717793155000109 ], [ -73.906390100999985, 40.717363692000077 ], [ -73.905375821999826, 40.712876581000046 ], [ -73.885075556999865, 40.712161055000095 ], [ -73.880062676999785, 40.712652574000138 ], [ -73.879076852999987, 40.710359390000136 ], [ -73.879434954999851, 40.710284419000068 ], [ -73.878727831999882, 40.710027535000066 ], [ -73.877611341999852, 40.707167705000131 ], [ -73.88088332699985, 40.706453977000095 ], [ -73.885532141999988, 40.706445683000041 ], [ -73.889119177999888, 40.705598877000106 ], [ -73.895003226999989, 40.699712377000047 ], [ -73.89484994999988, 40.698589623000082 ], [ -73.89578005099996, 40.698510962000078 ], [ -73.895584575999862, 40.69712764200009 ], [ -73.898381851999957, 40.696135998000109 ], [ -73.901232906999937, 40.691442279000157 ], [ -73.905795970999932, 40.694127155000061 ], [ -73.904260183999895, 40.695700371000086 ], [ -73.911808200999872, 40.699938003000071 ], [ -73.910678826999984, 40.701045969000099 ], [ -73.912904040999834, 40.702361892000091 ], [ -73.911807100999923, 40.70343495300007 ], [ -73.92189184699987, 40.709396096000042 ], [ -73.920745196999846, 40.710529686000079 ], [ -73.921546016999983, 40.711043284000048 ], [ -73.922232946999912, 40.712854425000096 ], [ -73.924040112999933, 40.714008313000122 ], [ -73.910778073999879, 40.713187600000047 ], [ -73.910158178999978, 40.713821600000145 ], [ -73.912830376999921, 40.715360908000044 ], [ -73.909659800999947, 40.717793155000109 ] ] ] } },
{ "type": "Feature", "properties": { "id": 199, "name": "Rikers Island", "borough": "Bronx" }, "geometry": { "type": "Polygon", "coordinates": [ [ [ -73.888851484963126, 40.798706328958943 ], [ -73.886651085245788, 40.798038196700055 ], [ -73.883757415901556, 40.795708565420014 ], [ -73.87837437812739, 40.794520806767515 ], [ -73.872884574456549, 40.791452108207338 ], [ -73.871211541434818, 40.790036121737302 ], [ -73.870808885837079, 40.787896691841702 ], [ -73.873087616944545, 40.785854952391801 ], [ -73.876530899782054, 40.785837496915597 ], [ -73.878306800788096, 40.785356620754428 ], [ -73.889052124216022, 40.787372560129185 ], [ -73.890301355494543, 40.789876727167517 ], [ -73.892128031730039, 40.790315482124598 ], [ -73.892822836109261, 40.792817081951654 ], [ -73.891792896865681, 40.796775245758845 ], [ -73.890621482665367, 40.797748923448744 ], [ -73.890795051269876, 40.798021837855835 ], [ -73.888352480981894, 40.798139359701118 ], [ -73.888851484963126, 40.798706328958943 ] ] ] } },
{ "type": "Feature", "properties": { "id": 200, "name": "Riverdale/North Riverdale/Fieldston", "borough": "Bronx" }, "geometry": { "type": "Polygon", "coordinates": [ [ [ -73.896411335, 40.904504521000092 ], [ -73.897157171999936, 40.89937182700006 ], [ -73.896431707999852, 40.893655279000072 ], [ -73.897878874999833, 40.890276101000104 ], [ -73.898539118999921, 40.890389074000105 ], [ -73.900903013999965, 40.88891054900008 ], [ -73.902859490999887, 40.889164744000084 ], [ -73.904136423999915, 40.887080709000081 ], [ -73.907388301999816, 40.887819692000058 ], [ -73.9079634, 40.888859753000126 ], [ -73.90900536, 40.889500141000042 ], [ -73.909759302999973, 40.889250028000077 ], [ -73.911730890999834, 40.888218713000128 ], [ -73.912812774999821, 40.886395187000069 ], [ -73.914892769999895, 40.884624771000091 ], [ -73.918761514999957, 40.88556968400016 ], [ -73.918695904999936, 40.88688520400008 ], [ -73.920586418886018, 40.887182678310033 ], [ -73.915184558716604, 40.901584282862338 ], [ -73.915014495860447, 40.903081299106596 ], [ -73.914590392433198, 40.904119002196637 ], [ -73.914184167525221, 40.904139333801105 ], [ -73.912865402025474, 40.907535122203114 ], [ -73.91310863924069, 40.907844484150196 ], [ -73.912649321728779, 40.90807081195554 ], [ -73.911491907037444, 40.912233769312188 ], [ -73.911654724021986, 40.913417851896895 ], [ -73.910332568244499, 40.915532777002781 ], [ -73.896633338816372, 40.911417374923246 ], [ -73.896411335, 40.904504521000092 ] ] ] } },
{ "type": "Feature", "properties": { "id": 201, "name": "Rockaway Park", "borough": "Queens" }, "geometry": { "type": "Polygon", "coordinates": [ [ [ -73.818499018000011, 40.587362353000074 ], [ -73.817883222999839, 40.587448469000115 ], [ -73.815445178999965, 40.583373492000135 ], [ -73.817510591999934, 40.582785271000127 ], [ -73.817307959161155, 40.582334758970191 ], [ -73.833869231721877, 40.577649897609106 ], [ -73.862552860291544, 40.566810012301019 ], [ -73.864103100999856, 40.569354609000094 ], [ -73.864541760999927, 40.569242922000136 ], [ -73.866628120000016, 40.573057649000106 ], [ -73.86361132999987, 40.573823058000151 ], [ -73.86396642099993, 40.57502678700007 ], [ -73.86288301945423, 40.576059761627533 ], [ -73.853055495851152, 40.581255267855184 ], [ -73.850443851491903, 40.582130243581581 ], [ -73.84521016865186, 40.581579826263884 ], [ -73.83929597982015, 40.581863545478384 ], [ -73.838553064511117, 40.582791714299454 ], [ -73.835841323344141, 40.582875249429371 ], [ -73.828524712612122, 40.58485422038266 ], [ -73.828036924045477, 40.586052538366523 ], [ -73.824801166234352, 40.587154615370117 ], [ -73.822936886315063, 40.587491649727674 ], [ -73.821459719917684, 40.586769924921427 ], [ -73.819129163815788, 40.588038892972797 ], [ -73.818499018000011, 40.587362353000074 ] ] ] } },
{ "type": "Feature", "properties": { "id": 202, "name": "Roosevelt Island", "borough": "Manhattan" }, "geometry": { "type": "Polygon", "coordinates": [ [ [ -73.940355334775063, 40.770496574371293 ], [ -73.95177822026001, 40.758402549877154 ], [ -73.952540793368811, 40.757095314537452 ], [ -73.957914524931809, 40.752109854525507 ], [ -73.96158304969282, 40.749414301053363 ], [ -73.959016166637326, 40.75359505947884 ], [ -73.952086322832599, 40.760862154202577 ], [ -73.94472478498723, 40.769786271767543 ], [ -73.942126746234038, 40.772034700754851 ], [ -73.94007665725826, 40.772926186179163 ], [ -73.940355334775063, 40.770496574371293 ] ] ] } },
{ "type": "Feature", "properties": { "id": 203, "name": "Rosedale", "borough": "Queens" }, "geometry": { "type": "Polygon", "coordinates": [ [ [ -73.727535003012292, 40.67393028414633 ], [ -73.728263852016639, 40.668072875816087 ], [ -73.72781392396702, 40.663223969239155 ], [ -73.728330718879732, 40.663043943865674 ], [ -73.725926877205936, 40.65773131917657 ], [ -73.72505569109768, 40.653507893821057 ], [ -73.725226081034961, 40.652001000073923 ], [ -73.730514573005152, 40.650310312003405 ], [ -73.73513501486147, 40.64973204023353 ], [ -73.741437060211652, 40.646889178160919 ], [ -73.741661413087627, 40.642198062091403 ], [ -73.742050849263734, 40.641474204762993 ], [ -73.741422793074733, 40.640503390876852 ], [ -73.742273872129488, 40.64012338122587 ], [ -73.739471216133992, 40.635706431914869 ], [ -73.739959575352799, 40.635143809186786 ], [ -73.742466426152589, 40.6351192282523 ], [ -73.742436380204907, 40.635712755107647 ], [ -73.740964876863657, 40.637304775030252 ], [ -73.741890403056118, 40.638122213540463 ], [ -73.743971284962186, 40.637880012615042 ], [ -73.743734215046302, 40.639022117664098 ], [ -73.744795581485107, 40.637075029076271 ], [ -73.746495476567404, 40.636510303835415 ], [ -73.746589869371974, 40.637113263923432 ], [ -73.745162199737038, 40.638112187973228 ], [ -73.745327703335988, 40.638372211969951 ], [ -73.747042260241031, 40.636932365240298 ], [ -73.746322932388111, 40.639334645482613 ], [ -73.746314678839568, 40.641394313090984 ], [ -73.747291538893506, 40.643186686711331 ], [ -73.74875121280796, 40.644471103175306 ], [ -73.748776747873094, 40.645118190982679 ], [ -73.749448869764862, 40.644933500237777 ], [ -73.75428169216147, 40.647885346006376 ], [ -73.754875025211717, 40.647680932847386 ], [ -73.754600067649221, 40.647200773031514 ], [ -73.755223868999948, 40.647444469000078 ], [ -73.754110866999881, 40.648697665000107 ], [ -73.764062900999932, 40.654356266000093 ], [ -73.763190004999856, 40.655898054000076 ], [ -73.761844297999971, 40.656536950000124 ], [ -73.761657328999959, 40.658238086000047 ], [ -73.756809594999851, 40.657093284000112 ], [ -73.748671946999792, 40.652678088000108 ], [ -73.743325467999881, 40.65253780400009 ], [ -73.743287140999911, 40.656134732000098 ], [ -73.744874202999938, 40.656144558000129 ], [ -73.74506037799982, 40.657407150000083 ], [ -73.748531771999936, 40.657575697000127 ], [ -73.747332308999859, 40.65912452100013 ], [ -73.746792600999953, 40.658907622000108 ], [ -73.74684750599981, 40.660795541000056 ], [ -73.742818846999867, 40.66530554900006 ], [ -73.739549583000027, 40.665256022000086 ], [ -73.738910229000012, 40.665954492000047 ], [ -73.738564695000022, 40.666396898000109 ], [ -73.741178172999909, 40.666402954000077 ], [ -73.737757943999853, 40.670057547000141 ], [ -73.735934385999741, 40.672432971000063 ], [ -73.736249418, 40.672630602000112 ], [ -73.733032233999893, 40.67649502600009 ], [ -73.728516567999847, 40.681210473000121 ], [ -73.727182724999949, 40.683597330000076 ], [ -73.725862641911746, 40.683241080974092 ], [ -73.725630051099444, 40.679587950890841 ], [ -73.727535003012292, 40.67393028414633 ] ] ] } },
{ "type": "Feature", "properties": { "id": 204, "name": "Rossville/Woodrow", "borough": "Staten Island" }, "geometry": { "type": "Polygon", "coordinates": [ [ [ -74.203148259999963, 40.556061785000061 ], [ -74.191743687999988, 40.531916697000064 ], [ -74.199097837999943, 40.528299645000139 ], [ -74.201526615999953, 40.526265206000133 ], [ -74.2075530649999, 40.525247349000111 ], [ -74.209196602, 40.525376580000071 ], [ -74.211425183999893, 40.524414102000087 ], [ -74.215672303999895, 40.523957628000112 ], [ -74.215743410999892, 40.526464006000069 ], [ -74.218006764999956, 40.532298590000131 ], [ -74.218315151999903, 40.5353120790001 ], [ -74.217709760999966, 40.538311993000114 ], [ -74.217769415999925, 40.541126630000129 ], [ -74.221315626999981, 40.550253074000118 ], [ -74.217783776999966, 40.553049188000152 ], [ -74.217843977999976, 40.554432718000065 ], [ -74.213501754999953, 40.555667618000072 ], [ -74.210507894000017, 40.557064182000133 ], [ -74.205854485, 40.557502457000105 ], [ -74.203148259999963, 40.556061785000061 ] ] ] } },
{ "type": "Feature", "properties": { "id": 205, "name": "Saint Albans", "borough": "Queens" }, "geometry": { "type": "Polygon", "coordinates": [ [ [ -73.766369252, 40.702563397000105 ], [ -73.761263592999967, 40.703598940000106 ], [ -73.760955466000041, 40.702909578000146 ], [ -73.752050664999842, 40.705228028000136 ], [ -73.7493054709999, 40.69914231300011 ], [ -73.7501929579999, 40.698912082000085 ], [ -73.748633259999863, 40.695444761000111 ], [ -73.745237475999957, 40.696374659000135 ], [ -73.743592860999897, 40.696215325000068 ], [ -73.744679555999852, 40.693412263000091 ], [ -73.750089911999908, 40.685923446000089 ], [ -73.75576169199995, 40.675885909000058 ], [ -73.756918817, 40.676528871000137 ], [ -73.762486003999967, 40.674194982000088 ], [ -73.763676775999954, 40.674745525000112 ], [ -73.763804847999964, 40.673769933000138 ], [ -73.774697301999865, 40.680486046000119 ], [ -73.772202752999874, 40.681610339000102 ], [ -73.7732870399999, 40.683454732000058 ], [ -73.774184148999836, 40.683237921000092 ], [ -73.776997675999965, 40.686282689000123 ], [ -73.779668505999979, 40.685377123000151 ], [ -73.781486756999954, 40.688697183000095 ], [ -73.782344527999953, 40.688407438000141 ], [ -73.783266249999883, 40.689994293000119 ], [ -73.780781554999919, 40.691029943000139 ], [ -73.77977295099997, 40.6892811700001 ], [ -73.77789337399993, 40.689917690000129 ], [ -73.780237237999899, 40.692972335000107 ], [ -73.777835933999839, 40.694321335000048 ], [ -73.77395659499993, 40.69980578100008 ], [ -73.772307686999966, 40.700571507000099 ], [ -73.775074622999824, 40.705239984000073 ], [ -73.77559218799982, 40.705329309000064 ], [ -73.774900932999898, 40.707066662000074 ], [ -73.768445464999843, 40.70963702700007 ], [ -73.766369252, 40.702563397000105 ] ] ] } },
{ "type": "Feature", "properties": { "id": 206, "name": "Saint George/New Brighton", "borough": "Staten Island" }, "geometry": { "type": "Polygon", "coordinates": [ [ [ -74.085707543782121, 40.648880553370645 ], [ -74.078995463332632, 40.648142554422613 ], [ -74.07650657152854, 40.646968818183538 ], [ -74.074452825636982, 40.645067488723427 ], [ -74.073591079192653, 40.644998928043222 ], [ -74.073856536847202, 40.645424816099798 ], [ -74.073338138569895, 40.645783116162526 ], [ -74.073690118065429, 40.645305725060162 ], [ -74.072587755538706, 40.644790863173839 ], [ -74.07269828799015, 40.644441273467486 ], [ -74.071658297597835, 40.645033746435203 ], [ -74.072291902818108, 40.64426604782058 ], [ -74.071482024326201, 40.643292625063751 ], [ -74.070937844714763, 40.643345963840822 ], [ -74.072109524446375, 40.642463216792969 ], [ -74.070329237153857, 40.64252612813258 ], [ -74.073238291835921, 40.642184736082584 ], [ -74.073144005860215, 40.641852974480329 ], [ -74.070193995592135, 40.642007502805491 ], [ -74.073086898193736, 40.641636814969843 ], [ -74.072890056096242, 40.640922672876229 ], [ -74.069983546539518, 40.641068943116949 ], [ -74.072850411949418, 40.640803688445303 ], [ -74.073090355787841, 40.638618999686059 ], [ -74.072388529502902, 40.638245265996908 ], [ -74.07258133886755, 40.637941874296168 ], [ -74.076839977999896, 40.637750260000089 ], [ -74.078652696999924, 40.638304025000068 ], [ -74.083733972999937, 40.63573714400011 ], [ -74.085878828999952, 40.636691590000112 ], [ -74.086905927999894, 40.635857243000089 ], [ -74.08870582299987, 40.636845206000054 ], [ -74.089703782999891, 40.635682501000112 ], [ -74.092425134999928, 40.635581813000123 ], [ -74.093389422999948, 40.636599555000082 ], [ -74.094093125999976, 40.639266914000167 ], [ -74.09767290799995, 40.638960679000071 ], [ -74.09787969199995, 40.640358055000085 ], [ -74.109748332999942, 40.63786583300012 ], [ -74.11499559699989, 40.637292226000113 ], [ -74.115191473999985, 40.638347681000063 ], [ -74.117657224999959, 40.638062467000104 ], [ -74.116143211999955, 40.628702264000069 ], [ -74.113262495999891, 40.623054425000142 ], [ -74.117906548999883, 40.624877461000089 ], [ -74.121256778999935, 40.627822750000092 ], [ -74.131309852999905, 40.626328343000175 ], [ -74.130141414999969, 40.629965209000112 ], [ -74.130602203999942, 40.631357827000059 ], [ -74.129000540999968, 40.634333594000125 ], [ -74.128670472999943, 40.637348265000128 ], [ -74.126888726999894, 40.637210088000138 ], [ -74.127053622026253, 40.640241737819693 ], [ -74.124155784224925, 40.640134716820221 ], [ -74.122572804895711, 40.640622340047216 ], [ -74.12269555893829, 40.641353026836406 ], [ -74.119934800889112, 40.641197604384104 ], [ -74.11960716747862, 40.641380309354361 ], [ -74.119956998757601, 40.64220945342926 ], [ -74.119097204937219, 40.641473466523642 ], [ -74.11940029532461, 40.642379378532944 ], [ -74.119003482003038, 40.64146461451022 ], [ -74.118616352362622, 40.641530365029134 ], [ -74.118836246169479, 40.642541864060583 ], [ -74.11840185083544, 40.641529800543019 ], [ -74.118048911563505, 40.642157461012076 ], [ -74.117170932846804, 40.641624271041934 ], [ -74.117507025232825, 40.642420408430297 ], [ -74.117137064033471, 40.641898064631256 ], [ -74.116721876638877, 40.642031756096806 ], [ -74.117224700825503, 40.64302735996278 ], [ -74.11666607646228, 40.642106766334152 ], [ -74.11630000082738, 40.642202665102481 ], [ -74.116670413826881, 40.643189824893014 ], [ -74.116142086357158, 40.642216454150535 ], [ -74.115719170422906, 40.642351819214213 ], [ -74.116226919054114, 40.643307105862228 ], [ -74.115350821829253, 40.642470540158314 ], [ -74.113796660860046, 40.64360951580808 ], [ -74.113950940684774, 40.644136591675391 ], [ -74.112888065109672, 40.644532444637768 ], [ -74.113890108243424, 40.643989669126917 ], [ -74.113330231926227, 40.643723497586549 ], [ -74.109739325644895, 40.645463728185 ], [ -74.104123563017396, 40.645740432200398 ], [ -74.098800668858075, 40.645047034311062 ], [ -74.092988281876529, 40.645972780752707 ], [ -74.085707543782121, 40.648880553370645 ] ] ] } },
{ "type": "Feature", "properties": { "id": 207, "name": "Saint Michaels Cemetery/Woodside", "borough": "Queens" }, "geometry": { "type": "Polygon", "coordinates": [ [ [ -73.901376402999858, 40.759642038000088 ], [ -73.903569155999975, 40.765781789000108 ], [ -73.902179516999965, 40.767315842000158 ], [ -73.893496058999858, 40.765950930000116 ], [ -73.894538799999921, 40.765357267000098 ], [ -73.898661378999918, 40.75992101700016 ], [ -73.901376402999858, 40.759642038000088 ] ] ] } },
{ "type": "Feature", "properties": { "id": 208, "name": "Schuylerville/Edgewater Park", "borough": "Bronx" }, "geometry": { "type": "MultiPolygon", "coordinates": [ [ [ [ -73.826113006999961, 40.845338694000105 ], [ -73.825404825999769, 40.83565927500014 ], [ -73.826220878000029, 40.834354708000049 ], [ -73.826012526000028, 40.834020778000038 ], [ -73.825158839000053, 40.834614472000119 ], [ -73.824633465000034, 40.833855808000109 ], [ -73.815525009225041, 40.835976306926206 ], [ -73.816063395742233, 40.835772927473833 ], [ -73.815573970601008, 40.835525081831278 ], [ -73.816081883135936, 40.835361182400419 ], [ -73.816084014011068, 40.834590346265422 ], [ -73.815663581392442, 40.834490849307201 ], [ -73.8160119668146, 40.83398080521097 ], [ -73.814879373885901, 40.831030086491602 ], [ -73.814470336880305, 40.831141458252191 ], [ -73.814763876919557, 40.830816799993691 ], [ -73.813897833604869, 40.830907554158451 ], [ -73.814510165214529, 40.830614047051242 ], [ -73.813856719772559, 40.830561442922914 ], [ -73.814299592950377, 40.830350103702841 ], [ -73.81275469994516, 40.828248236251532 ], [ -73.809925159145962, 40.828179711992789 ], [ -73.810095781382429, 40.82781949309161 ], [ -73.811055781086083, 40.827984995683622 ], [ -73.810039400333082, 40.82777813878694 ], [ -73.812603388520586, 40.827835076749345 ], [ -73.813849748512482, 40.826803528750588 ], [ -73.813722076866185, 40.826271592515219 ], [ -73.812917761312221, 40.82635038912084 ], [ -73.813991115827918, 40.826069598431516 ], [ -73.813950540761397, 40.825729151443788 ], [ -73.813421021971948, 40.825925016768487 ], [ -73.813941619533907, 40.825717031728665 ], [ -73.813795235176613, 40.825298086001673 ], [ -73.812113505564355, 40.825552634659559 ], [ -73.813277355153062, 40.825161321707718 ], [ -73.813149130246117, 40.824871784188531 ], [ -73.814037458433518, 40.824483469494034 ], [ -73.813889347125055, 40.824087367422102 ], [ -73.813274173990138, 40.823966665819754 ], [ -73.812748349152344, 40.824777187102512 ], [ -73.811772848712053, 40.824339806172986 ], [ -73.809092346335277, 40.82587339816434 ], [ -73.807666047652333, 40.825896992059199 ], [ -73.806563615549763, 40.824606405431965 ], [ -73.806445390685866, 40.822996720660271 ], [ -73.805951691244459, 40.822882595349611 ], [ -73.805728029897281, 40.820177338695203 ], [ -73.80451800414906, 40.818927687518745 ], [ -73.803368401751101, 40.818251071676173 ], [ -73.802045607213003, 40.81854554171565 ], [ -73.797590327773221, 40.816507532070247 ], [ -73.797381125735257, 40.815763504895813 ], [ -73.799028163139994, 40.815541134938847 ], [ -73.800111468642797, 40.814024525560797 ], [ -73.801745612157987, 40.812865017918448 ], [ -73.801403809688452, 40.812363308658774 ], [ -73.801759321808206, 40.812861396987522 ], [ -73.803613901581144, 40.812521106621553 ], [ -73.803519979065086, 40.81292187125176 ], [ -73.803779120198769, 40.812809906043242 ], [ -73.804358103466996, 40.813608538674195 ], [ -73.803513706430692, 40.812935243289573 ], [ -73.803224493666121, 40.81335858052141 ], [ -73.803455192997603, 40.813402690990657 ], [ -73.804530816098335, 40.814254619924618 ], [ -73.803221762992848, 40.813374109942416 ], [ -73.803516673373679, 40.813951963648805 ], [ -73.805150179945528, 40.815667905941162 ], [ -73.806583587256966, 40.816594588165728 ], [ -73.805081034666969, 40.815197964012761 ], [ -73.804554405188654, 40.814629842237288 ], [ -73.804659428150416, 40.814544989122176 ], [ -73.806329325660187, 40.816137959320386 ], [ -73.806719679870724, 40.816575170747107 ], [ -73.806606031896578, 40.816664494041305 ], [ -73.806929331775521, 40.816568379076905 ], [ -73.806535724939366, 40.815891986386468 ], [ -73.807046001535085, 40.816533693875428 ], [ -73.806593284717721, 40.81561670615492 ], [ -73.805319025806526, 40.81478131299837 ], [ -73.805052136462535, 40.812894962434306 ], [ -73.803613820160223, 40.811938282058179 ], [ -73.802242453343467, 40.810197393660545 ], [ -73.80101172909842, 40.810713399647483 ], [ -73.801466700073277, 40.81014171796329 ], [ -73.798537659649497, 40.809587075529905 ], [ -73.792289073374235, 40.806849005579664 ], [ -73.791400598744858, 40.806997877913254 ], [ -73.79152359065651, 40.807489087909651 ], [ -73.790864757384057, 40.807341140440705 ], [ -73.790124632940916, 40.805771559885905 ], [ -73.790284108741716, 40.804817103689068 ], [ -73.792245292191708, 40.803996364315054 ], [ -73.793389822867198, 40.804204330036384 ], [ -73.795777693940011, 40.806162949029371 ], [ -73.797919677692519, 40.806694227553379 ], [ -73.801855247383656, 40.80896782614078 ], [ -73.802959217481174, 40.80907708372969 ], [ -73.803926734172038, 40.808527970811895 ], [ -73.8099202908178, 40.812929152261951 ], [ -73.81185065747438, 40.812939400040399 ], [ -73.813892753673642, 40.813587197838217 ], [ -73.814430673124349, 40.813518375715837 ], [ -73.814499941160079, 40.812908287604635 ], [ -73.81447727191015, 40.813518541841354 ], [ -73.816200568962913, 40.813847476479509 ], [ -73.820555215173243, 40.813017655077026 ], [ -73.820244361220361, 40.812430677574156 ], [ -73.821065120708099, 40.812203592467597 ], [ -73.820323555158936, 40.812439652195117 ], [ -73.821129698049219, 40.812449756866982 ], [ -73.820441796241511, 40.81265757783634 ], [ -73.82058709143999, 40.813019446608287 ], [ -73.824063874324963, 40.812169261526407 ], [ -73.82505782162761, 40.811829918389492 ], [ -73.824809053599921, 40.811439281600116 ], [ -73.825243504678255, 40.811761340240238 ], [ -73.824879389380726, 40.811272983828403 ], [ -73.825650702980909, 40.811592290916195 ], [ -73.825357668595487, 40.811027643923985 ], [ -73.825672290847749, 40.811584743730542 ], [ -73.825537104615478, 40.811015524280819 ], [ -73.825812557188911, 40.811533704520471 ], [ -73.82579755905094, 40.811205335639926 ], [ -73.828218375139812, 40.811424592136049 ], [ -73.830179153302382, 40.810834549489648 ], [ -73.832166170488804, 40.808502277670314 ], [ -73.831615744776997, 40.80493825599676 ], [ -73.83431545195694, 40.805162656923578 ], [ -73.837436121129244, 40.806202642591742 ], [ -73.840259528981164, 40.811443036891596 ], [ -73.840431995204611, 40.812541128118653 ], [ -73.839629016849003, 40.81400971777478 ], [ -73.839743559218647, 40.816406071751558 ], [ -73.836960702999917, 40.816340541000102 ], [ -73.836142394999854, 40.819198903000064 ], [ -73.836618196999922, 40.827114149000124 ], [ -73.837090613999905, 40.828967147000142 ], [ -73.84228428387955, 40.82864660499154 ], [ -73.842330774772662, 40.829073962453883 ], [ -73.841886437744279, 40.830713176534601 ], [ -73.838852323847391, 40.833690667848423 ], [ -73.839567002999871, 40.840547228000048 ], [ -73.839364527999948, 40.84087706700015 ], [ -73.837713748999917, 40.840406310000063 ], [ -73.836889251999963, 40.843374788000112 ], [ -73.830431863999848, 40.843857984000145 ], [ -73.826113006999961, 40.845338694000105 ] ] ], [ [ [ -73.839608504001518, 40.835708050842406 ], [ -73.839616725613737, 40.835667752627515 ], [ -73.839625994884386, 40.835699712184962 ], [ -73.839608504001518, 40.835708050842406 ] ] ], [ [ [ -73.83959266810578, 40.834560475823459 ], [ -73.839614872385695, 40.835610568365958 ], [ -73.839483741923956, 40.834574200794549 ], [ -73.83959266810578, 40.834560475823459 ] ] ] ] } },
{ "type": "Feature", "properties": { "id": 209, "name": "Seaport", "borough": "Manhattan" }, "geometry": { "type": "Polygon", "coordinates": [ [ [ -74.004998050999959, 40.712011897000075 ], [ -74.003661182999977, 40.711487283000139 ], [ -73.999194511544076, 40.707947376175902 ], [ -74.001186852628351, 40.70685982577195 ], [ -74.000982766917275, 40.706416712993075 ], [ -74.001406666919536, 40.706179388020828 ], [ -74.000582970479797, 40.705433933649076 ], [ -74.001436611793977, 40.704872177705433 ], [ -74.002569650797241, 40.705523579761923 ], [ -74.005056727999886, 40.708788769000144 ], [ -74.00906264699988, 40.710886704000131 ], [ -74.008600853999923, 40.711392240000144 ], [ -74.004998050999959, 40.712011897000075 ] ] ] } },
{ "type": "Feature", "properties": { "id": 210, "name": "Sheepshead Bay", "borough": "Brooklyn" }, "geometry": { "type": "Polygon", "coordinates": [ [ [ -73.92956858299992, 40.596820265000105 ], [ -73.918055718657428, 40.586436853116403 ], [ -73.920821569418877, 40.585995774206481 ], [ -73.92090603836381, 40.585590581533815 ], [ -73.922353373773049, 40.586023936562491 ], [ -73.925203615142408, 40.585806271155555 ], [ -73.927207741888992, 40.587722759186903 ], [ -73.927682877473188, 40.587361600134209 ], [ -73.927356809288895, 40.588022176276361 ], [ -73.927916257410487, 40.587548736392193 ], [ -73.928079068178491, 40.587702460523381 ], [ -73.927404501516463, 40.588206504490003 ], [ -73.927901757409899, 40.587953409280068 ], [ -73.928021852764289, 40.588068756351078 ], [ -73.927454677909765, 40.588299564074241 ], [ -73.927761436391023, 40.588660609758996 ], [ -73.923952948500897, 40.591139850525202 ], [ -73.9246012993856, 40.591199325003373 ], [ -73.928630614156361, 40.588572636420935 ], [ -73.928440904936608, 40.589030428142195 ], [ -73.929134403826396, 40.588879241682143 ], [ -73.928757034994149, 40.589152966925191 ], [ -73.92998187866192, 40.589515997878806 ], [ -73.929361283543457, 40.589250662982685 ], [ -73.929766157733113, 40.589292069447851 ], [ -73.930034274505573, 40.589425996500943 ], [ -73.930577057182418, 40.589890641203368 ], [ -73.930103259887446, 40.589606105071617 ], [ -73.930589404473551, 40.589952591132707 ], [ -73.930725787298258, 40.591089860265313 ], [ -73.930371977190163, 40.591211400876091 ], [ -73.930353644585651, 40.592554950294264 ], [ -73.929712820366078, 40.593120048248288 ], [ -73.930042384195829, 40.593060879318244 ], [ -73.930016509520811, 40.594094536062308 ], [ -73.930081594531387, 40.593595462871463 ], [ -73.930432461296078, 40.594402674950075 ], [ -73.931763874000197, 40.594284098763026 ], [ -73.930781313796132, 40.594498955277018 ], [ -73.932604205568438, 40.594929544525137 ], [ -73.932676539757566, 40.594236417967785 ], [ -73.931139560575659, 40.592008928747724 ], [ -73.93139997986377, 40.591804890562344 ], [ -73.931009893431593, 40.591931042481185 ], [ -73.931559394416141, 40.591292964070959 ], [ -73.931212948589547, 40.589531308119412 ], [ -73.930685680598131, 40.588821954227029 ], [ -73.930091382791986, 40.588988862379203 ], [ -73.930650219275293, 40.58866986977096 ], [ -73.930399675974883, 40.588465520415539 ], [ -73.929728463801922, 40.588613915829889 ], [ -73.930385452562618, 40.588441616079066 ], [ -73.929722326467228, 40.587560082904041 ], [ -73.931349178240652, 40.587328167229671 ], [ -73.931251912671314, 40.586849825214415 ], [ -73.928573939364568, 40.587061502371562 ], [ -73.928082329715849, 40.586697693937808 ], [ -73.928157006956127, 40.585864523066263 ], [ -73.927369557858881, 40.586006585316603 ], [ -73.927586418298844, 40.586254135332538 ], [ -73.927516219956033, 40.586398266715698 ], [ -73.927304338238756, 40.58586592842007 ], [ -73.926380418810638, 40.585295756348017 ], [ -73.926548209633324, 40.585575315387786 ], [ -73.925528608745836, 40.584978376572877 ], [ -73.926275295422315, 40.585352647442171 ], [ -73.92583335908428, 40.584953077110796 ], [ -73.927120818999938, 40.584879357000091 ], [ -73.9344471859999, 40.586652075000124 ], [ -73.948662305999974, 40.584893856000143 ], [ -73.951238656000044, 40.584924633000092 ], [ -73.953573660999822, 40.585309188000089 ], [ -73.953878607000036, 40.585721246000119 ], [ -73.960258258999957, 40.585029308000138 ], [ -73.960349535999882, 40.587306286000135 ], [ -73.956193136999858, 40.587762269000137 ], [ -73.957003303999969, 40.592002256000086 ], [ -73.95607720399984, 40.592101432000135 ], [ -73.956927197, 40.596612076000063 ], [ -73.942484732999915, 40.598200365000061 ], [ -73.942889540999843, 40.600318650000133 ], [ -73.934471588999969, 40.601231512000098 ], [ -73.935032745999962, 40.601733790000033 ], [ -73.933551171999795, 40.602687281000087 ], [ -73.928131396999987, 40.597777928000056 ], [ -73.92956858299992, 40.596820265000105 ] ] ] } },
{ "type": "Feature", "properties": { "id": 211, "name": "SoHo", "borough": "Manhattan" }, "geometry": { "type": "Polygon", "coordinates": [ [ [ -73.996771757999895, 40.7254319440001 ], [ -74.00188406299992, 40.719397571000101 ], [ -74.005391866999886, 40.722037366000087 ], [ -74.003730175, 40.726250059000144 ], [ -74.002148914999964, 40.728035367000096 ], [ -73.996771757999895, 40.7254319440001 ] ] ] } },
{ "type": "Feature", "properties": { "id": 212, "name": "Soundview/Bruckner", "borough": "Bronx" }, "geometry": { "type": "Polygon", "coordinates": [ [ [ -73.884219765999873, 40.822996458000063 ], [ -73.884613359999975, 40.825276503000097 ], [ -73.883784140999921, 40.828274292000145 ], [ -73.877299304999951, 40.828742774000091 ], [ -73.86085019699982, 40.83361353800008 ], [ -73.857391212999985, 40.832297372000042 ], [ -73.856151129000025, 40.826770046000064 ], [ -73.884219765999873, 40.822996458000063 ] ] ] } },
{ "type": "Feature", "properties": { "id": 213, "name": "Soundview/Castle Hill", "borough": "Bronx" }, "geometry": { "type": "MultiPolygon", "coordinates": [ [ [ [ -73.836142394999854, 40.819198903000064 ], [ -73.836960702999917, 40.816340541000102 ], [ -73.839743559218647, 40.816406071751558 ], [ -73.840033087269546, 40.816822140962323 ], [ -73.840053237233377, 40.817921288113872 ], [ -73.838683477007223, 40.819591381519565 ], [ -73.839063989238554, 40.819802432341838 ], [ -73.838882316467334, 40.822140489856196 ], [ -73.84228428387955, 40.828646604491524 ], [ -73.837090613999905, 40.828967147000142 ], [ -73.836125989999843, 40.82349743200011 ], [ -73.836142394999854, 40.819198903000064 ] ] ], [ [ [ -73.842895275039027, 40.828569176061038 ], [ -73.840017529956995, 40.822190243125675 ], [ -73.839998604074225, 40.819934946813255 ], [ -73.841986848340497, 40.81877437390829 ], [ -73.845207368851035, 40.811887022009707 ], [ -73.846173028720429, 40.810676664430574 ], [ -73.847196845096406, 40.810580487614409 ], [ -73.848214865155825, 40.812462909498464 ], [ -73.851144722606904, 40.814396548876182 ], [ -73.852911775018541, 40.814500996711715 ], [ -73.852612625192648, 40.813962582840368 ], [ -73.853368578688048, 40.813593903136528 ], [ -73.855380302436927, 40.81428888208297 ], [ -73.853467740585231, 40.813477711608876 ], [ -73.851199977251738, 40.813553144376364 ], [ -73.849032941806726, 40.812118910078723 ], [ -73.850042416129014, 40.809215408487816 ], [ -73.849550769349364, 40.808720867511077 ], [ -73.849966968028184, 40.808578018843775 ], [ -73.849611664203806, 40.808124185051454 ], [ -73.848760077459843, 40.808337457793279 ], [ -73.849522182567355, 40.808055277720392 ], [ -73.848416409616405, 40.80736877579551 ], [ -73.8483795372141, 40.806360186334736 ], [ -73.847488226419003, 40.805448909149376 ], [ -73.848647846062093, 40.804699371480567 ], [ -73.849977227091614, 40.805059594982097 ], [ -73.850198390364014, 40.804510024974149 ], [ -73.856614854501998, 40.804796923950519 ], [ -73.857623287968181, 40.805369488341896 ], [ -73.85866549456955, 40.806833088596257 ], [ -73.858389962288086, 40.808258809149002 ], [ -73.858951412217706, 40.81027141758674 ], [ -73.860126952355898, 40.809605499891454 ], [ -73.85935625734362, 40.808988034286649 ], [ -73.859388754267869, 40.808166141207266 ], [ -73.859794079328381, 40.809112122065329 ], [ -73.860652225142914, 40.809636681692005 ], [ -73.867656462844565, 40.810583761937302 ], [ -73.870778048859307, 40.814486895487981 ], [ -73.878062832999902, 40.816182632000128 ], [ -73.88244779599998, 40.819268323000109 ], [ -73.884398548999897, 40.82296557600008 ], [ -73.856356774999924, 40.826752085000138 ], [ -73.855136396999967, 40.822436189000058 ], [ -73.842898588000025, 40.82408305900006 ], [ -73.843906249999989, 40.828407829000128 ], [ -73.842895275039027, 40.828569176061038 ] ] ] ] } },
{ "type": "Feature", "properties": { "id": 214, "name": "South Beach/Dongan Hills", "borough": "Staten Island" }, "geometry": { "type": "Polygon", "coordinates": [ [ [ -74.085875118999965, 40.595890121000046 ], [ -74.083768622999983, 40.595520957000133 ], [ -74.081733429999915, 40.592156286000062 ], [ -74.078466937999906, 40.593300012000086 ], [ -74.078881916999919, 40.593942792000092 ], [ -74.070439760999918, 40.59673474700007 ], [ -74.067284106999921, 40.590986203000071 ], [ -74.065776828999972, 40.5900213910001 ], [ -74.064360037212481, 40.588267891174993 ], [ -74.064778330329844, 40.588488310725872 ], [ -74.067222768169856, 40.586734450262867 ], [ -74.070211542894654, 40.583981357711707 ], [ -74.071448375956109, 40.582434067964691 ], [ -74.070657815378055, 40.581625625038001 ], [ -74.071776384311917, 40.581876535164191 ], [ -74.07499413073505, 40.579236557416507 ], [ -74.07336118472098, 40.578275488289336 ], [ -74.07508288192615, 40.579160158755705 ], [ -74.075798195407117, 40.578309250650818 ], [ -74.075346225823935, 40.577887969571925 ], [ -74.076015969778908, 40.578244912290394 ], [ -74.079263212569131, 40.575671292205961 ], [ -74.078679339389112, 40.575081825223606 ], [ -74.07933640538252, 40.575627204017032 ], [ -74.080178674420438, 40.575180418259734 ], [ -74.084957158191926, 40.571259840021277 ], [ -74.085976474999924, 40.572236971000073 ], [ -74.100390834999956, 40.579688666000131 ], [ -74.098440008999972, 40.581241706000107 ], [ -74.105257754999968, 40.585921436000064 ], [ -74.100882516999945, 40.590179216000102 ], [ -74.100830522999942, 40.592632306000063 ], [ -74.099795889999953, 40.593871366000108 ], [ -74.093754537999985, 40.596744890000089 ], [ -74.089836558999878, 40.600774095000169 ], [ -74.082187292999876, 40.601941008000075 ], [ -74.081257858999891, 40.600678848000044 ], [ -74.081303437999978, 40.599387656000125 ], [ -74.082483033999921, 40.598329808000123 ], [ -74.085326500999912, 40.597008322000157 ], [ -74.085875118999965, 40.595890121000046 ] ] ] } },
{ "type": "Feature", "properties": { "id": 215, "name": "South Jamaica", "borough": "Queens" }, "geometry": { "type": "Polygon", "coordinates": [ [ [ -73.780344912000032, 40.705412417000055 ], [ -73.773956594999859, 40.699805782000105 ], [ -73.777835933999839, 40.694321335000048 ], [ -73.780237237999899, 40.692972335000107 ], [ -73.77789337399993, 40.689917690000129 ], [ -73.77977295099997, 40.6892811700001 ], [ -73.780781554999919, 40.691029943000139 ], [ -73.793908417, 40.686304691000053 ], [ -73.795614867999873, 40.6886568910001 ], [ -73.79995042799996, 40.686827719000114 ], [ -73.798982090999942, 40.684858738000067 ], [ -73.805768401999913, 40.682932391000129 ], [ -73.810632982999962, 40.691947383000084 ], [ -73.808902169000035, 40.692564349000122 ], [ -73.806424793999838, 40.69087385800011 ], [ -73.797861933999968, 40.697993404000094 ], [ -73.792605067999872, 40.700432100000086 ], [ -73.791869165999913, 40.701366137000086 ], [ -73.792391702999879, 40.702166530000085 ], [ -73.782565825999953, 40.705424864000094 ], [ -73.780344912000032, 40.705412417000055 ] ] ] } },
{ "type": "Feature", "properties": { "id": 216, "name": "South Ozone Park", "borough": "Queens" }, "geometry": { "type": "Polygon", "coordinates": [ [ [ -73.810632982999962, 40.691947383000084 ], [ -73.801428367999875, 40.67366683400008 ], [ -73.801179090999938, 40.669100265000118 ], [ -73.80203207699995, 40.665248025000125 ], [ -73.8084501619999, 40.664461301000095 ], [ -73.81176694899986, 40.662934536000151 ], [ -73.814969224999857, 40.662472668000092 ], [ -73.826873539000019, 40.663704107000108 ], [ -73.832705339, 40.665405773000053 ], [ -73.840128560999815, 40.681146651000091 ], [ -73.836974862999909, 40.681988018000098 ], [ -73.838077690999967, 40.684238910000062 ], [ -73.82753021399995, 40.687239483000099 ], [ -73.828511367999923, 40.689239056000133 ], [ -73.825993473999873, 40.689953662000086 ], [ -73.825011288999974, 40.687952318000107 ], [ -73.810632982999962, 40.691947383000084 ] ] ] } },
{ "type": "Feature", "properties": { "id": 217, "name": "South Williamsburg", "borough": "Brooklyn" }, "geometry": { "type": "Polygon", "coordinates": [ [ [ -73.957904307999883, 40.708427173000125 ], [ -73.951910556999792, 40.706360079000099 ], [ -73.947052052999908, 40.703663949000067 ], [ -73.951288193999886, 40.700922365000075 ], [ -73.953811969000029, 40.703180980000099 ], [ -73.957457363999922, 40.700822603000134 ], [ -73.957019931999909, 40.698973914000142 ], [ -73.962839636999931, 40.69803866800013 ], [ -73.962179781999978, 40.700220710000096 ], [ -73.967209619999849, 40.704255709000137 ], [ -73.968389336999948, 40.706829187000089 ], [ -73.963278738, 40.707729299000142 ], [ -73.958455768, 40.70725184700008 ], [ -73.957904307999883, 40.708427173000125 ] ] ] } },
{ "type": "Feature", "properties": { "id": 218, "name": "Springfield Gardens North", "borough": "Queens" }, "geometry": { "type": "Polygon", "coordinates": [ [ [ -73.774697301999865, 40.680486046000119 ], [ -73.763804847999964, 40.673769933000138 ], [ -73.763676775999954, 40.674745525000112 ], [ -73.762486003999967, 40.674194982000088 ], [ -73.760314639999933, 40.675109971000047 ], [ -73.758571988999861, 40.672637331000068 ], [ -73.756362393000018, 40.672429237000181 ], [ -73.756437343999792, 40.669666379000098 ], [ -73.757631295999914, 40.666451157000111 ], [ -73.773424627999916, 40.668027619000064 ], [ -73.789409993999868, 40.666841159000143 ], [ -73.788086473999854, 40.673009627000098 ], [ -73.785737308999927, 40.672385035000062 ], [ -73.783762439999876, 40.675315686000104 ], [ -73.777229236, 40.679652721000096 ], [ -73.774697301999865, 40.680486046000119 ] ] ] } },
{ "type": "Feature", "properties": { "id": 219, "name": "Springfield Gardens South", "borough": "Queens" }, "geometry": { "type": "Polygon", "coordinates": [ [ [ -73.773424627999916, 40.668027619000064 ], [ -73.756021733999788, 40.666391716000092 ], [ -73.738564695000022, 40.666396898000109 ], [ -73.739549583000027, 40.665256022000086 ], [ -73.742818846000063, 40.665305549000045 ], [ -73.744053138999888, 40.663658071000128 ], [ -73.744509225999792, 40.663821278000071 ], [ -73.746847504999849, 40.660795541000056 ], [ -73.746792600999953, 40.658907622000108 ], [ -73.747332308999859, 40.65912452100013 ], [ -73.748531771999936, 40.657575697000127 ], [ -73.745060378999881, 40.657407150000083 ], [ -73.744874202999938, 40.656144558000129 ], [ -73.743287140999911, 40.656134732000098 ], [ -73.743325468999927, 40.652537804000126 ], [ -73.748671946999792, 40.652678088000108 ], [ -73.756809594999851, 40.657093284000112 ], [ -73.761657328999959, 40.658238086000047 ], [ -73.761844297999971, 40.656536950000124 ], [ -73.763190004999856, 40.655898054000076 ], [ -73.764062900999932, 40.654356266000093 ], [ -73.774189235999927, 40.659860524000109 ], [ -73.783218334999972, 40.663166284000077 ], [ -73.79582296400001, 40.664953256000111 ], [ -73.80203207699995, 40.665248025000125 ], [ -73.801555653000037, 40.666753364000101 ], [ -73.789409993999911, 40.666841158000132 ], [ -73.773424627999916, 40.668027619000064 ] ] ] } },
{ "type": "Feature", "properties": { "id": 220, "name": "Spuyten Duyvil/Kingsbridge", "borough": "Bronx" }, "geometry": { "type": "Polygon", "coordinates": [ [ [ -73.897878874999833, 40.890276101000104 ], [ -73.899725885999885, 40.88651488700004 ], [ -73.896615465999858, 40.88595525600013 ], [ -73.898550598999989, 40.884374727000164 ], [ -73.903694547999919, 40.87850161800008 ], [ -73.906081305999876, 40.873239629000082 ], [ -73.90746489699994, 40.873547354000046 ], [ -73.906665309999951, 40.875715609000082 ], [ -73.906818730999902, 40.876619588000118 ], [ -73.910331935999977, 40.879038047000073 ], [ -73.911489131999843, 40.879018859000084 ], [ -73.91205829999997, 40.878119320000096 ], [ -73.915786093200836, 40.875717182480514 ], [ -73.917756693648315, 40.875663627930301 ], [ -73.919783812664221, 40.8764214360531 ], [ -73.92273788293744, 40.878905445214095 ], [ -73.92490327486523, 40.87888836792672 ], [ -73.923805256054976, 40.880324901636314 ], [ -73.920586418886018, 40.887182678310033 ], [ -73.918695904999822, 40.886885203000091 ], [ -73.918761514999943, 40.885569685000092 ], [ -73.914892769999895, 40.884624771000091 ], [ -73.912812774999821, 40.886395187000069 ], [ -73.911730890999834, 40.888218713000128 ], [ -73.90900536, 40.889500141000042 ], [ -73.9079634, 40.888859753000126 ], [ -73.907388301999816, 40.887819692000058 ], [ -73.904136423999915, 40.887080709000081 ], [ -73.902859490999887, 40.889164744000084 ], [ -73.900903013999965, 40.88891054900008 ], [ -73.898348963, 40.890444997000088 ], [ -73.897878874999833, 40.890276101000104 ] ] ] } },
{ "type": "Feature", "properties": { "id": 221, "name": "Stapleton", "borough": "Staten Island" }, "geometry": { "type": "Polygon", "coordinates": [ [ [ -74.075305500999917, 40.637729959000147 ], [ -74.07258133886755, 40.637941874296168 ], [ -74.073483538017157, 40.637787357935885 ], [ -74.073487373035576, 40.637233529236397 ], [ -74.07053959705199, 40.637471404624428 ], [ -74.070527198318672, 40.637132058705831 ], [ -74.073415626328227, 40.636893950965728 ], [ -74.072094838075031, 40.63664727762481 ], [ -74.073358220455845, 40.636536094165379 ], [ -74.072831844104229, 40.63366603282585 ], [ -74.073328213164103, 40.63205844299052 ], [ -74.072984746123296, 40.630308978981603 ], [ -74.068021735439459, 40.628787585185606 ], [ -74.072911779365484, 40.62999637940672 ], [ -74.072255009557779, 40.624608750194142 ], [ -74.069755430883234, 40.621208139872607 ], [ -74.066493352963775, 40.618897601595364 ], [ -74.065960652717763, 40.619359015593922 ], [ -74.066199079548639, 40.618722481288962 ], [ -74.06544586069478, 40.619202628289443 ], [ -74.066682079829192, 40.61806749593871 ], [ -74.0649618928053, 40.617772399570612 ], [ -74.064257217515873, 40.618171687585757 ], [ -74.065099084072131, 40.617510956125642 ], [ -74.064436620050316, 40.6170624146027 ], [ -74.063908922403527, 40.617328825149286 ], [ -74.064327458580451, 40.616988503022306 ], [ -74.061307095502769, 40.614192250765782 ], [ -74.060336807920095, 40.611901880219889 ], [ -74.059854443286184, 40.612102958608311 ], [ -74.059999197116312, 40.612783899618805 ], [ -74.059769307381771, 40.612056647139575 ], [ -74.060272248099409, 40.611819639939377 ], [ -74.059270762163081, 40.611493132537241 ], [ -74.059085843087004, 40.610633677254647 ], [ -74.056858123902316, 40.608056357772753 ], [ -74.065170912999903, 40.604213508000093 ], [ -74.063505656999951, 40.602150055000109 ], [ -74.073999652999987, 40.605725567000064 ], [ -74.081554700999902, 40.606290297000079 ], [ -74.075025699, 40.616378740000094 ], [ -74.0714060829999, 40.619431379000119 ], [ -74.071165687999951, 40.620698786000098 ], [ -74.072535516999878, 40.622464022000081 ], [ -74.080000949999942, 40.618552952000137 ], [ -74.087209827999956, 40.613306973000078 ], [ -74.087823418999903, 40.615087935000084 ], [ -74.086267565999961, 40.617832011000154 ], [ -74.084962117999908, 40.624625233000138 ], [ -74.084154198999983, 40.62626711500009 ], [ -74.082988088999926, 40.62735007300008 ], [ -74.080843714999972, 40.627379491000077 ], [ -74.07972492199994, 40.628950688000053 ], [ -74.08173135299991, 40.630012226000112 ], [ -74.081406153999978, 40.630301236000129 ], [ -74.08574928999991, 40.633955557000078 ], [ -74.084436475999908, 40.63540524800009 ], [ -74.078788310999954, 40.638268559000124 ], [ -74.075305500999917, 40.637729959000147 ] ] ] } },
{ "type": "Feature", "properties": { "id": 222, "name": "Starrett City", "borough": "Brooklyn" }, "geometry": { "type": "MultiPolygon", "coordinates": [ [ [ [ -73.882213648999937, 40.654518638000155 ], [ -73.876103980000039, 40.646214789000105 ], [ -73.874580810999902, 40.645610106000134 ], [ -73.878415894069249, 40.638912189353519 ], [ -73.880483869226254, 40.640978034547707 ], [ -73.880736235463289, 40.641565958475951 ], [ -73.880292480685767, 40.641404915733361 ], [ -73.880067141324247, 40.642003446626944 ], [ -73.881393062306159, 40.64234733997931 ], [ -73.882148325625607, 40.643743727840771 ], [ -73.883419992030113, 40.644523815649634 ], [ -73.885577621244408, 40.644040950146319 ], [ -73.887434447084217, 40.645936681773968 ], [ -73.887640721667253, 40.647802390007456 ], [ -73.888636384340913, 40.648024492615846 ], [ -73.890067800730549, 40.649323635640656 ], [ -73.890347346937702, 40.64903360577825 ], [ -73.891251471999951, 40.650025597000123 ], [ -73.890005891999877, 40.651148697000117 ], [ -73.882213648999937, 40.654518638000155 ] ] ], [ [ [ -73.888285313560402, 40.646722413276279 ], [ -73.888641376206792, 40.647079553158193 ], [ -73.888516375685285, 40.647360691522103 ], [ -73.888200507266475, 40.647140869529231 ], [ -73.888285313560402, 40.646722413276279 ] ] ] ] } },
{ "type": "Feature", "properties": { "id": 223, "name": "Steinway", "borough": "Queens" }, "geometry": { "type": "Polygon", "coordinates": [ [ [ -73.909858629257741, 40.790945493782075 ], [ -73.900326297438156, 40.789007662825881 ], [ -73.895929629755102, 40.785648944313948 ], [ -73.895829143770598, 40.785221527383641 ], [ -73.898748976383985, 40.782781155766223 ], [ -73.901145775521073, 40.782711106090716 ], [ -73.902178153159909, 40.781780561863641 ], [ -73.902579296723445, 40.780289120835754 ], [ -73.901291276189198, 40.781858419270534 ], [ -73.898654378440327, 40.781995420320946 ], [ -73.894377779341269, 40.784243203484422 ], [ -73.8960637773842, 40.783157201805402 ], [ -73.89477429053531, 40.782253592494435 ], [ -73.895421979716716, 40.781717771016481 ], [ -73.895357505675193, 40.781657657133572 ], [ -73.894600917745947, 40.782253158981597 ], [ -73.895348504673748, 40.781649265484567 ], [ -73.895284679113004, 40.781541249255007 ], [ -73.894164690838025, 40.782472046441541 ], [ -73.893060906920539, 40.781848289707312 ], [ -73.892307502036459, 40.782466041573912 ], [ -73.892749178764078, 40.782965706685012 ], [ -73.891654591237142, 40.782194781530841 ], [ -73.892241910974278, 40.782410799061253 ], [ -73.893009861801929, 40.781798023562338 ], [ -73.891650052278393, 40.780843379675794 ], [ -73.892536367935051, 40.77955306588084 ], [ -73.891668597028428, 40.779492539410057 ], [ -73.8911958970439, 40.778563287887238 ], [ -73.892510645423357, 40.777392869272902 ], [ -73.891416059011931, 40.7763389561173 ], [ -73.891832449022459, 40.774880199944498 ], [ -73.890341959999958, 40.773237605000162 ], [ -73.889976727194409, 40.773723610074164 ], [ -73.88945486901865, 40.773532951063757 ], [ -73.888725512999798, 40.768916239000134 ], [ -73.88822109399986, 40.768592290000143 ], [ -73.887706617999854, 40.766838598000135 ], [ -73.890890436999968, 40.765858198000117 ], [ -73.891835357999867, 40.766227080000135 ], [ -73.893496058999858, 40.765950930000116 ], [ -73.917591204999965, 40.769900871000104 ], [ -73.918116864999917, 40.770028486000086 ], [ -73.91770217299991, 40.770393112000086 ], [ -73.923981429, 40.774615113000117 ], [ -73.923025715, 40.775384310000092 ], [ -73.923757612999978, 40.776547012000094 ], [ -73.917965813999928, 40.781256292000123 ], [ -73.919964587964955, 40.78263506876845 ], [ -73.917171186464259, 40.784193484371606 ], [ -73.916832770164135, 40.78519139248764 ], [ -73.915260139360939, 40.786192216641695 ], [ -73.915587101397563, 40.786429631166015 ], [ -73.912599859115005, 40.789376329634138 ], [ -73.912229524264333, 40.789179279463809 ], [ -73.909858629257741, 40.790945493782075 ] ] ] } },
{ "type": "Feature", "properties": { "id": 224, "name": "Stuy Town/Peter Cooper Village", "borough": "Manhattan" }, "geometry": { "type": "Polygon", "coordinates": [ [ [ -73.978498455999954, 40.736790957000082 ], [ -73.974437009792965, 40.735316356064821 ], [ -73.973413217308519, 40.73128241642884 ], [ -73.971518826280217, 40.729351361740285 ], [ -73.971626972858616, 40.726628452998625 ], [ -73.982556292999845, 40.731350134000081 ], [ -73.978498455999954, 40.736790957000082 ] ] ] } },
{ "type": "Feature", "properties": { "id": 225, "name": "Stuyvesant Heights", "borough": "Brooklyn" }, "geometry": { "type": "Polygon", "coordinates": [ [ [ -73.91804607, 40.687213248000084 ], [ -73.916301198999903, 40.678577112000106 ], [ -73.921835000999963, 40.678945559000105 ], [ -73.922813742999949, 40.683414430000099 ], [ -73.929008839999852, 40.682702905000106 ], [ -73.929161306999916, 40.683436324000112 ], [ -73.935008216999918, 40.682763768000051 ], [ -73.934350664999926, 40.679563408000099 ], [ -73.94032794, 40.679889975000066 ], [ -73.943949472999961, 40.698221279000116 ], [ -73.938177185999862, 40.698640223000062 ], [ -73.91804607, 40.687213248000084 ] ] ] } },
{ "type": "Feature", "properties": { "id": 226, "name": "Sunnyside", "borough": "Queens" }, "geometry": { "type": "Polygon", "coordinates": [ [ [ -73.909443319999895, 40.750755231000063 ], [ -73.910158606999943, 40.748501968000113 ], [ -73.911642027999832, 40.748684576000088 ], [ -73.911875040999917, 40.748220796000126 ], [ -73.912448537999893, 40.745920402000039 ], [ -73.911247222999805, 40.745783993000067 ], [ -73.911941297999903, 40.742382949000138 ], [ -73.913793886999798, 40.742514492000154 ], [ -73.914434831999884, 40.740531053000062 ], [ -73.915674695999883, 40.740784930000089 ], [ -73.917177379999941, 40.73689787100006 ], [ -73.916515227999867, 40.736757346000054 ], [ -73.916897418999909, 40.735444708000074 ], [ -73.917592508000013, 40.735239441000033 ], [ -73.919038251999865, 40.73200596600006 ], [ -73.917342506, 40.731382826000129 ], [ -73.917966966999956, 40.728500771000078 ], [ -73.915072337999888, 40.727970820000095 ], [ -73.915052180999979, 40.728601181000116 ], [ -73.912050212999944, 40.728506363000115 ], [ -73.911747341999884, 40.729912033000112 ], [ -73.907122530999899, 40.727424728000123 ], [ -73.912571876999834, 40.723239635000063 ], [ -73.913848282999837, 40.722898412000085 ], [ -73.91132095099978, 40.719624230000129 ], [ -73.922327739784478, 40.716592644061272 ], [ -73.923938673293478, 40.719042756787154 ], [ -73.924243649210013, 40.721429498758745 ], [ -73.925152072719214, 40.722335339821001 ], [ -73.924422987548496, 40.723589975986371 ], [ -73.920733560941216, 40.723309812770623 ], [ -73.92037064235663, 40.723681113821222 ], [ -73.92490316165177, 40.724506575671654 ], [ -73.929234858761603, 40.728260165761235 ], [ -73.934531763756738, 40.72910480653514 ], [ -73.938044785071611, 40.730509967846245 ], [ -73.939110545748036, 40.731379806525695 ], [ -73.940067093270329, 40.733762152980241 ], [ -73.941624726364523, 40.735841442338362 ], [ -73.945944103330262, 40.737512515700672 ], [ -73.94140886345744, 40.739299570853369 ], [ -73.938696645999983, 40.738140817000058 ], [ -73.937261106999927, 40.745176491000088 ], [ -73.944195615999831, 40.742882146000113 ], [ -73.94401030399996, 40.743639454000096 ], [ -73.940326961000068, 40.745413143000135 ], [ -73.936636818999816, 40.748204094000073 ], [ -73.937396537999916, 40.748916440000102 ], [ -73.933832693999932, 40.751604702000094 ], [ -73.925960724999953, 40.752096467000158 ], [ -73.917631927999878, 40.753857848000095 ], [ -73.91547326299991, 40.753791818000096 ], [ -73.910354929999841, 40.752749909000052 ], [ -73.909443319999895, 40.750755231000063 ] ] ] } },
{ "type": "Feature", "properties": { "id": 227, "name": "Sunset Park East", "borough": "Brooklyn" }, "geometry": { "type": "Polygon", "coordinates": [ [ [ -73.98905872499985, 40.644119241000141 ], [ -73.995510336999899, 40.639809667000122 ], [ -73.999175646999888, 40.642025442000111 ], [ -74.007356366999957, 40.634163627000099 ], [ -74.005564903999925, 40.633083176000106 ], [ -74.010003407999946, 40.630113089000105 ], [ -74.015602049999927, 40.633516978000081 ], [ -74.016020101, 40.633317114000164 ], [ -74.016835401, 40.635355429000143 ], [ -74.013960885999893, 40.638153267000142 ], [ -74.016167114999931, 40.639482441000105 ], [ -74.002144746999932, 40.652956107000136 ], [ -73.997794660999816, 40.65028889000012 ], [ -73.998306022999856, 40.649740015000134 ], [ -73.98905872499985, 40.644119241000141 ] ] ] } },
{ "type": "Feature", "properties": { "id": 228, "name": "Sunset Park West", "borough": "Brooklyn" }, "geometry": { "type": "Polygon", "coordinates": [ [ [ -73.998618879999896, 40.671830172000085 ], [ -73.994903500999882, 40.666785435000108 ], [ -73.996926898999845, 40.664374915000124 ], [ -73.990635453999971, 40.660579089000095 ], [ -73.988716511, 40.662404938000158 ], [ -73.987250688999964, 40.660378956000123 ], [ -73.990188415, 40.657600818000084 ], [ -73.992383394999862, 40.658899016000149 ], [ -73.992964019999818, 40.658337409000069 ], [ -73.995168901999989, 40.659669522000144 ], [ -74.016167114999931, 40.639482441000105 ], [ -74.013960885999893, 40.638153267000142 ], [ -74.016835401, 40.635355429000143 ], [ -74.021410383999921, 40.638584903000044 ], [ -74.021760408999967, 40.639824346000076 ], [ -74.021080513999976, 40.64149093700015 ], [ -74.024754375999976, 40.63812141800009 ], [ -74.026952446999928, 40.639446065000186 ], [ -74.026262673999895, 40.640094381000054 ], [ -74.02890829899998, 40.641173411000103 ], [ -74.029059688999936, 40.641726673000115 ], [ -74.032665589989577, 40.643720344890262 ], [ -74.032310705982468, 40.64357458661793 ], [ -74.032541737956649, 40.643825484854695 ], [ -74.031897084943338, 40.643889349369992 ], [ -74.030518308634129, 40.645274425209159 ], [ -74.029080908857765, 40.644403596930488 ], [ -74.029154189945189, 40.64458144541981 ], [ -74.02886241127031, 40.644866023723161 ], [ -74.029086542892401, 40.644583001799845 ], [ -74.028190530493106, 40.644414330206502 ], [ -74.028205695450069, 40.644015982890544 ], [ -74.026049484003153, 40.646261350326313 ], [ -74.029740782110679, 40.648486026210591 ], [ -74.029389904866193, 40.648804055114105 ], [ -74.025717588048067, 40.646615492291133 ], [ -74.024614871031048, 40.647151125118988 ], [ -74.026221024755728, 40.648248427809456 ], [ -74.024883054911314, 40.647410523024426 ], [ -74.024145660505638, 40.647615101260037 ], [ -74.025129119552346, 40.6483231814574 ], [ -74.02553864578033, 40.649782159348234 ], [ -74.024844363634443, 40.650599638057273 ], [ -74.026051331967935, 40.650994300743307 ], [ -74.025529715436491, 40.651478550693021 ], [ -74.02477160495674, 40.650687707435559 ], [ -74.024240213475338, 40.651133516313529 ], [ -74.025416040285933, 40.651933806855297 ], [ -74.024177529733961, 40.651191773212382 ], [ -74.022851417959828, 40.65116919516187 ], [ -74.025226629726561, 40.652829856959833 ], [ -74.021541383192144, 40.650671622911418 ], [ -74.021052303922048, 40.651098282927919 ], [ -74.022337346668294, 40.651910605381801 ], [ -74.020898628708338, 40.651247275218481 ], [ -74.023807039031212, 40.653044728511674 ], [ -74.021959000905923, 40.652222781970899 ], [ -74.021186700278847, 40.65283983689551 ], [ -74.023204647271413, 40.654096116818131 ], [ -74.021629462954877, 40.653645165216233 ], [ -74.021149634844832, 40.654210755211764 ], [ -74.02164486415387, 40.654878983382673 ], [ -74.018622383085699, 40.653491349023163 ], [ -74.018118978764733, 40.653885271105523 ], [ -74.020051824542918, 40.655335948874622 ], [ -74.017874072238158, 40.654061502330983 ], [ -74.017153195810209, 40.654775104362329 ], [ -74.019705964102215, 40.656581163751248 ], [ -74.017267159365929, 40.655194187986702 ], [ -74.016394375337725, 40.655620642850906 ], [ -74.019108438031182, 40.657368884303686 ], [ -74.018605694609988, 40.657845874023032 ], [ -74.015853700568229, 40.656213240555545 ], [ -74.015436322696445, 40.656632396759846 ], [ -74.017865731096677, 40.658308447298722 ], [ -74.015047382218498, 40.656950386693602 ], [ -74.014421304845484, 40.657608021951567 ], [ -74.017458030878984, 40.659450197386903 ], [ -74.015541653889969, 40.660758355476339 ], [ -74.011838620565428, 40.658912837274912 ], [ -74.011107504102995, 40.659706274580813 ], [ -74.014022476780241, 40.661529747440269 ], [ -74.013155549388102, 40.66198159772614 ], [ -74.008599569682829, 40.659520923098469 ], [ -74.007458581638843, 40.660558476210049 ], [ -74.010372012972297, 40.662398880232679 ], [ -74.009550741420256, 40.663267694130596 ], [ -74.008683715912966, 40.663372012840419 ], [ -74.006161411363209, 40.661845068990758 ], [ -74.005685947568978, 40.662274740360672 ], [ -74.004283582501145, 40.661444894101471 ], [ -74.006226982479248, 40.662787827861187 ], [ -74.005923605030219, 40.663108250739263 ], [ -74.003808154708807, 40.661907945728402 ], [ -74.003488011006496, 40.662240556128694 ], [ -74.005997486826928, 40.663258610828791 ], [ -74.005613486817538, 40.663458390254938 ], [ -74.007721335067032, 40.66471863301998 ], [ -74.007125326467303, 40.664915218474448 ], [ -74.006524696001165, 40.664547227663093 ], [ -74.006882153073107, 40.664340372943116 ], [ -74.005841576324798, 40.66413802067477 ], [ -74.006046085189737, 40.663840005635727 ], [ -74.005757810454767, 40.663922756801817 ], [ -74.005641407544786, 40.664531491896035 ], [ -74.005650259595797, 40.663900337844034 ], [ -74.003628625085611, 40.662734847534786 ], [ -74.003403485956255, 40.662985726598521 ], [ -74.005281321773481, 40.664657003524248 ], [ -74.004861937926478, 40.665064821938373 ], [ -74.000834011084436, 40.663006442691902 ], [ -73.999531526099162, 40.664397485937101 ], [ -74.002924635163822, 40.666462312163532 ], [ -74.000687748687653, 40.667545951899008 ], [ -73.999981493391232, 40.66745027490888 ], [ -73.999026009983837, 40.668442972127131 ], [ -73.998618879999896, 40.671830172000085 ] ] ] } },
{ "type": "Feature", "properties": { "id": 229, "name": "Sutton Place/Turtle Bay North", "borough": "Manhattan" }, "geometry": { "type": "Polygon", "coordinates": [ [ [ -73.958777908113348, 40.758270920924559 ], [ -73.96482214210387, 40.751596325791326 ], [ -73.967067339, 40.752620675000124 ], [ -73.966615818000022, 40.753243425000136 ], [ -73.971217044999904, 40.755193324000146 ], [ -73.966583383999904, 40.761550935000074 ], [ -73.958777908113348, 40.758270920924559 ] ] ] } },
{ "type": "Feature", "properties": { "id": 230, "name": "Times Sq/Theatre District", "borough": "Manhattan" }, "geometry": { "type": "Polygon", "coordinates": [ [ [ -73.978601693999892, 40.762396072000129 ], [ -73.984117547999986, 40.754842053000147 ], [ -73.989790853999949, 40.75723313200011 ], [ -73.984282300999865, 40.764791815000137 ], [ -73.978601693999892, 40.762396072000129 ] ] ] } },
{ "type": "Feature", "properties": { "id": 231, "name": "TriBeCa/Civic Center", "borough": "Manhattan" }, "geometry": { "type": "Polygon", "coordinates": [ [ [ -74.01102457999994, 40.72579386200011 ], [ -73.999956209, 40.718017095000071 ], [ -74.002722861999942, 40.714389709000116 ], [ -74.004857680999962, 40.712452541000097 ], [ -74.00834760999993, 40.711358546000056 ], [ -74.013753884999971, 40.713690555000056 ], [ -74.012441091999889, 40.719057673000073 ], [ -74.013030681132079, 40.719131455909725 ], [ -74.012914487463306, 40.71970829322558 ], [ -74.013389069034346, 40.720042607273392 ], [ -74.014572314380828, 40.720274137742386 ], [ -74.012965585268248, 40.720328675587325 ], [ -74.013080101456268, 40.721545807195426 ], [ -74.012538758072509, 40.721503176576554 ], [ -74.011964320245511, 40.724329864120065 ], [ -74.011354282999946, 40.724277183000062 ], [ -74.01102457999994, 40.72579386200011 ] ] ] } },
{ "type": "Feature", "properties": { "id": 232, "name": "Two Bridges/Seward Park", "borough": "Manhattan" }, "geometry": { "type": "Polygon", "coordinates": [ [ [ -73.976355251999948, 40.719132884000047 ], [ -73.97347975524508, 40.718861429113105 ], [ -73.976123688387958, 40.712460325398588 ], [ -73.977820916382456, 40.71064544490725 ], [ -73.981276842109835, 40.710217251191168 ], [ -73.981237344620908, 40.709823343318661 ], [ -73.988390640232609, 40.709126949162801 ], [ -73.988736817075306, 40.709970741845304 ], [ -73.991943465999896, 40.709589053000101 ], [ -73.992562421999892, 40.714388077000166 ], [ -73.990220126999887, 40.71440494000008 ], [ -73.989154637999789, 40.71670864700009 ], [ -73.988366262999875, 40.716445702000115 ], [ -73.98675136699994, 40.719592846000168 ], [ -73.985073423, 40.719083294000086 ], [ -73.983823872999807, 40.721472872000071 ], [ -73.976355251999948, 40.719132884000047 ] ] ] } },
{ "type": "Feature", "properties": { "id": 233, "name": "UN/Turtle Bay South", "borough": "Manhattan" }, "geometry": { "type": "MultiPolygon", "coordinates": [ [ [ [ -73.967067338999925, 40.752620676000092 ], [ -73.96482214210387, 40.751596325791326 ], [ -73.970940629604144, 40.74447144402567 ], [ -73.970703174655796, 40.74399049541131 ], [ -73.971181935760598, 40.744103232708028 ], [ -73.971233015201918, 40.743414663960259 ], [ -73.971679212004062, 40.743054464030074 ], [ -73.973508350000031, 40.743782034000077 ], [ -73.97121971999988, 40.746921541000148 ], [ -73.975834666999901, 40.748863146000168 ], [ -73.971217044999904, 40.755193324000146 ], [ -73.966615818000022, 40.753243425000136 ], [ -73.967067338999925, 40.752620676000092 ] ] ], [ [ [ -73.964159802884367, 40.746865547359747 ], [ -73.964445227526184, 40.746410425763365 ], [ -73.964583184269415, 40.746454400673507 ], [ -73.964159802884367, 40.746865547359747 ] ] ] ] } },
{ "type": "Feature", "properties": { "id": 234, "name": "Union Sq", "borough": "Manhattan" }, "geometry": { "type": "Polygon", "coordinates": [ [ [ -73.98996936399989, 40.734904567000143 ], [ -73.98990295999991, 40.734434790000108 ], [ -73.996839938999983, 40.737360889000144 ], [ -73.990517612999852, 40.746038638000094 ], [ -73.984074852999939, 40.743324718000082 ], [ -73.98996936399989, 40.734904567000143 ] ] ] } },
{ "type": "Feature", "properties": { "id": 235, "name": "University Heights/Morris Heights", "borough": "Bronx" }, "geometry": { "type": "Polygon", "coordinates": [ [ [ -73.909478629999882, 40.86180812900006 ], [ -73.913284370000028, 40.859618601000122 ], [ -73.910567992999887, 40.858620593000147 ], [ -73.909761658999884, 40.857182612000081 ], [ -73.907773205999831, 40.85960753800002 ], [ -73.906797348999831, 40.859373589000064 ], [ -73.904868471999933, 40.858693225000081 ], [ -73.905659534999884, 40.857398734000157 ], [ -73.904683713999873, 40.857060302000093 ], [ -73.910581699, 40.850181595000087 ], [ -73.914161841999928, 40.84517918800011 ], [ -73.92478318799985, 40.844752664000083 ], [ -73.928082093868369, 40.845391596916912 ], [ -73.92151543705522, 40.854510063891482 ], [ -73.920800702893246, 40.855380814394728 ], [ -73.920300272134241, 40.855246371341742 ], [ -73.920526531328434, 40.855686668402008 ], [ -73.91956620889232, 40.856840183843957 ], [ -73.914228240499128, 40.862490790359814 ], [ -73.910755957999868, 40.861651484000078 ], [ -73.909039508999896, 40.862678864000095 ], [ -73.909478629999882, 40.86180812900006 ] ] ] } },
{ "type": "Feature", "properties": { "id": 236, "name": "Upper East Side North", "borough": "Manhattan" }, "geometry": { "type": "Polygon", "coordinates": [ [ [ -73.949331705999924, 40.785193127000142 ], [ -73.958255348999984, 40.772965337000095 ], [ -73.964687357999921, 40.775677082000129 ], [ -73.955777358999896, 40.787913924000144 ], [ -73.949331705999924, 40.785193127000142 ] ] ] } },
{ "type": "Feature", "properties": { "id": 237, "name": "Upper East Side South", "borough": "Manhattan" }, "geometry": { "type": "Polygon", "coordinates": [ [ [ -73.958255348999984, 40.772965337000095 ], [ -73.966583383999904, 40.761550935000074 ], [ -73.973014871999951, 40.764278879000095 ], [ -73.964687357999921, 40.775677082000129 ], [ -73.958255348999984, 40.772965337000095 ] ] ] } },
{ "type": "Feature", "properties": { "id": 238, "name": "Upper West Side North", "borough": "Manhattan" }, "geometry": { "type": "Polygon", "coordinates": [ [ [ -73.964175985999887, 40.792362045000083 ], [ -73.969335732999909, 40.785293280000104 ], [ -73.981886459232442, 40.790516580467695 ], [ -73.976399519652645, 40.798273210846432 ], [ -73.969415438999988, 40.795360779000163 ], [ -73.969870632999957, 40.794735205000094 ], [ -73.964175985999887, 40.792362045000083 ] ] ] } },
{ "type": "Feature", "properties": { "id": 239, "name": "Upper West Side South", "borough": "Manhattan" }, "geometry": { "type": "Polygon", "coordinates": [ [ [ -73.981886459232442, 40.790516580467695 ], [ -73.969335732999909, 40.785293280000104 ], [ -73.974997440000053, 40.777532546000089 ], [ -73.985071842999886, 40.781779681000124 ], [ -73.985679360999967, 40.780312633000136 ], [ -73.988127461343396, 40.781401796723834 ], [ -73.985465811970315, 40.78536070057563 ], [ -73.986172704965341, 40.786068452258831 ], [ -73.987119013942447, 40.785210319004293 ], [ -73.986128422485791, 40.786239001331282 ], [ -73.985429321269322, 40.785413942184782 ], [ -73.985081137731896, 40.785921935110643 ], [ -73.98576566029756, 40.786196274858902 ], [ -73.985016964065025, 40.786014237195914 ], [ -73.98465507883023, 40.786534741808111 ], [ -73.985949561556467, 40.786487113966707 ], [ -73.98461942858404, 40.786586016349965 ], [ -73.981886459232442, 40.790516580467695 ] ] ] } },
{ "type": "Feature", "properties": { "id": 240, "name": "Van Cortlandt Park", "borough": "Bronx" }, "geometry": { "type": "Polygon", "coordinates": [ [ [ -73.876437430999943, 40.896870593000145 ], [ -73.877119740999902, 40.895468664000155 ], [ -73.870486725999868, 40.896640211000097 ], [ -73.864916324999967, 40.895749495000111 ], [ -73.861359278999842, 40.894662319000119 ], [ -73.866206614999911, 40.885378614000111 ], [ -73.866052312999841, 40.884287044000132 ], [ -73.869434713000047, 40.878129199000135 ], [ -73.870943675000021, 40.878510767000158 ], [ -73.870241000999854, 40.880229353000146 ], [ -73.874945897999908, 40.879947669000067 ], [ -73.874676015, 40.881562852000108 ], [ -73.878125943999919, 40.882153826000092 ], [ -73.877606764999825, 40.88452304400009 ], [ -73.878035623999963, 40.887118322000077 ], [ -73.881244224999918, 40.882709633000097 ], [ -73.882748333999984, 40.88339738700013 ], [ -73.884216963999947, 40.883197728000091 ], [ -73.886834865999845, 40.884342026000134 ], [ -73.899725884999825, 40.886514887000111 ], [ -73.896431707999852, 40.893655279000072 ], [ -73.897157171999936, 40.89937182700006 ], [ -73.896357859999966, 40.903200132000087 ], [ -73.896633338316462, 40.911417374923339 ], [ -73.867890437068056, 40.90298695407629 ], [ -73.870103695999887, 40.900741947000093 ], [ -73.874820415999849, 40.898445438000117 ], [ -73.876437430999943, 40.896870593000145 ] ] ] } },
{ "type": "Feature", "properties": { "id": 241, "name": "Van Cortlandt Village", "borough": "Bronx" }, "geometry": { "type": "Polygon", "coordinates": [ [ [ -73.896615465999858, 40.88595525600013 ], [ -73.887051425999843, 40.884349576000105 ], [ -73.887165051999844, 40.88257651100006 ], [ -73.88595071699983, 40.880507412000121 ], [ -73.885675179999865, 40.878872511000061 ], [ -73.887735775999928, 40.877033882000056 ], [ -73.88937163799983, 40.873382298000131 ], [ -73.887935036999806, 40.872030232000064 ], [ -73.891574000999881, 40.869684253000131 ], [ -73.894381302999932, 40.866068851000158 ], [ -73.897403232999807, 40.86747419000011 ], [ -73.89656060499982, 40.86856520000012 ], [ -73.89891854299988, 40.869658574000105 ], [ -73.899603003999857, 40.868728208000093 ], [ -73.899424361999877, 40.867880838000112 ], [ -73.90235804799984, 40.868696121000077 ], [ -73.903749758999865, 40.869595627000123 ], [ -73.904488605999887, 40.870578549000079 ], [ -73.904469014999904, 40.872415521000107 ], [ -73.906081305999876, 40.873239629000082 ], [ -73.903694547999919, 40.87850161800008 ], [ -73.898550598999989, 40.884374727000164 ], [ -73.896615465999858, 40.88595525600013 ] ] ] } },
{ "type": "Feature", "properties": { "id": 242, "name": "Van Nest/Morris Park", "borough": "Bronx" }, "geometry": { "type": "Polygon", "coordinates": [ [ [ -73.835559001999925, 40.851964013000128 ], [ -73.836199071999943, 40.845827396000146 ], [ -73.83771374799997, 40.840406310000056 ], [ -73.839364527999948, 40.84087706700015 ], [ -73.842041446999971, 40.840645897000115 ], [ -73.844581291999859, 40.838535508000113 ], [ -73.850522780999867, 40.842789489000047 ], [ -73.863472323999943, 40.841305933000079 ], [ -73.869207668999948, 40.839600046000101 ], [ -73.873597135999873, 40.839798555000129 ], [ -73.870995181000012, 40.843111392000132 ], [ -73.868042003999975, 40.844813839000089 ], [ -73.868637216999872, 40.845309843000109 ], [ -73.868926528, 40.846881741000082 ], [ -73.868354659999909, 40.847080233000064 ], [ -73.867859929999838, 40.848864931000065 ], [ -73.869209445999942, 40.849238373000112 ], [ -73.868234660999946, 40.850913737000049 ], [ -73.868605155999887, 40.852068646000099 ], [ -73.86518787199995, 40.850164386000124 ], [ -73.863039380999965, 40.850611307000129 ], [ -73.86250923799993, 40.848362281000071 ], [ -73.860694565999935, 40.848753394000113 ], [ -73.854573882999915, 40.851508346000131 ], [ -73.853045268999935, 40.849547332000057 ], [ -73.84968869799998, 40.851058907000066 ], [ -73.844308469999902, 40.851190464000091 ], [ -73.844969540999898, 40.850097031000104 ], [ -73.844940537999818, 40.84821822100011 ], [ -73.840497673999906, 40.854184105000087 ], [ -73.838185611999833, 40.855564010000094 ], [ -73.834995525999929, 40.856571201000087 ], [ -73.83667557299988, 40.856652663000091 ], [ -73.836819184999882, 40.857276809000098 ], [ -73.829874887, 40.85974042000008 ], [ -73.828473466999938, 40.860731353000098 ], [ -73.832835022999859, 40.856035845000079 ], [ -73.831291576999874, 40.8554341050001 ], [ -73.834639701999919, 40.853817994000096 ], [ -73.835559001999925, 40.851964013000128 ] ] ] } },
{ "type": "Feature", "properties": { "id": 243, "name": "Washington Heights North", "borough": "Manhattan" }, "geometry": { "type": "Polygon", "coordinates": [ [ [ -73.931565369999944, 40.869582158000107 ], [ -73.931414373999957, 40.868961928000104 ], [ -73.927269150999848, 40.865534560000143 ], [ -73.924741533999921, 40.861593638000116 ], [ -73.925286626999906, 40.860125797000151 ], [ -73.927099515999842, 40.85827552100011 ], [ -73.92691117499983, 40.857508761000119 ], [ -73.926175268999899, 40.858154096000121 ], [ -73.925189249999931, 40.858027537000147 ], [ -73.924670946999981, 40.856810889000087 ], [ -73.927695657999962, 40.852487782000068 ], [ -73.927033156999812, 40.852200775000071 ], [ -73.927476805999845, 40.85069437000012 ], [ -73.929707315999948, 40.848122612000061 ], [ -73.930621078999806, 40.848480977000101 ], [ -73.931393553999868, 40.847428231000059 ], [ -73.936396831000039, 40.84954119500005 ], [ -73.935753942999938, 40.850168203000081 ], [ -73.941262202999823, 40.8513919620001 ], [ -73.942038717999836, 40.851931029000092 ], [ -73.942903461999833, 40.850997164000084 ], [ -73.943178060999955, 40.849799943000093 ], [ -73.946926264524208, 40.850528055834353 ], [ -73.943479785456148, 40.852281882947288 ], [ -73.941869964266729, 40.853867739442947 ], [ -73.932519100229442, 40.867410578207739 ], [ -73.93235370807281, 40.869755255296738 ], [ -73.931565369999944, 40.869582158000107 ] ] ] } },
{ "type": "Feature", "properties": { "id": 244, "name": "Washington Heights South", "borough": "Manhattan" }, "geometry": { "type": "Polygon", "coordinates": [ [ [ -73.942038717999836, 40.851931029000092 ], [ -73.935753942999938, 40.850168203000081 ], [ -73.936396831000039, 40.84954119500005 ], [ -73.931393553999868, 40.847428231000059 ], [ -73.93556697199989, 40.841712528000123 ], [ -73.935055087999842, 40.839333236000094 ], [ -73.936383168999924, 40.837850125000074 ], [ -73.938042357999933, 40.834288545000092 ], [ -73.940246008000031, 40.831842121000108 ], [ -73.940346432999831, 40.830457842000094 ], [ -73.950155210482933, 40.834396759408094 ], [ -73.948560545204927, 40.839564885664416 ], [ -73.946124164217721, 40.843892496557302 ], [ -73.946964417595893, 40.850465525818379 ], [ -73.943178060999841, 40.84979994400009 ], [ -73.942903461999833, 40.850997164000084 ], [ -73.942038717999836, 40.851931029000092 ] ] ] } },
{ "type": "Feature", "properties": { "id": 245, "name": "West Brighton", "borough": "Staten Island" }, "geometry": { "type": "Polygon", "coordinates": [ [ [ -74.09787969199995, 40.640358055000085 ], [ -74.09767290799995, 40.638960679000071 ], [ -74.094093125999976, 40.639266914000167 ], [ -74.093389422999948, 40.636599555000082 ], [ -74.092425134999928, 40.635581813000123 ], [ -74.089703782999891, 40.635682501000112 ], [ -74.08870582299987, 40.636845206000054 ], [ -74.086905927999894, 40.635857243000089 ], [ -74.085878828999952, 40.636691590000112 ], [ -74.083733972999937, 40.63573714400011 ], [ -74.089340456999963, 40.629923285000125 ], [ -74.092239713999945, 40.625742916000085 ], [ -74.103509252999942, 40.616416075000117 ], [ -74.106089395999973, 40.618984195000124 ], [ -74.110943928999944, 40.621194489000068 ], [ -74.113262495999891, 40.623054425000142 ], [ -74.116143211999955, 40.628702264000069 ], [ -74.117657224999974, 40.638062466000143 ], [ -74.115191473999985, 40.638347681000063 ], [ -74.11499559699989, 40.637292226000113 ], [ -74.109748332999942, 40.63786583300012 ], [ -74.09787969199995, 40.640358055000085 ] ] ] } },
{ "type": "Feature", "properties": { "id": 246, "name": "West Chelsea/Hudson Yards", "borough": "Manhattan" }, "geometry": { "type": "Polygon", "coordinates": [ [ [ -74.004399762035135, 40.76267135909908 ], [ -74.002200820732639, 40.761728432226619 ], [ -74.00153309083484, 40.762644598063936 ], [ -74.001277962999907, 40.762075825000053 ], [ -73.995474501999922, 40.759626857000093 ], [ -74.008204018999876, 40.742147518000053 ], [ -74.00916608208486, 40.742416591231809 ], [ -74.009584643457089, 40.743263520483289 ], [ -74.012137269361716, 40.743531927059458 ], [ -74.012020850064033, 40.743939770209103 ], [ -74.009512017673572, 40.743676093760449 ], [ -74.00890032962846, 40.743917927096277 ], [ -74.008727800588801, 40.744858232910147 ], [ -74.009916608134446, 40.745327255007204 ], [ -74.009872110854758, 40.744916502126017 ], [ -74.010167905353924, 40.744942329709865 ], [ -74.009973950219106, 40.745323135109452 ], [ -74.010469200118564, 40.745386766029121 ], [ -74.010419372093949, 40.74497682467377 ], [ -74.010764197806807, 40.745005032021005 ], [ -74.010531065376995, 40.745382050389601 ], [ -74.011103598048777, 40.745447670244168 ], [ -74.011044591508195, 40.745046212402229 ], [ -74.011387699741874, 40.745073112682874 ], [ -74.011154191769052, 40.745446378084068 ], [ -74.011739585528147, 40.745519918190368 ], [ -74.011836428724067, 40.745125963678909 ], [ -74.011678855055919, 40.745979461816127 ], [ -74.009463898559616, 40.745750143659677 ], [ -74.009365504957756, 40.746337200862278 ], [ -74.011528218555597, 40.746575224764129 ], [ -74.011504112355283, 40.746990802505344 ], [ -74.009243145925879, 40.746762790753948 ], [ -74.009137362599205, 40.747359762803185 ], [ -74.0113567533772, 40.747592418346947 ], [ -74.011331744416992, 40.748000575342118 ], [ -74.009058479013504, 40.747785645333046 ], [ -74.00894606502311, 40.748411893168843 ], [ -74.011215621304046, 40.748696821176019 ], [ -74.011108911829837, 40.749049876422312 ], [ -74.009948179380245, 40.748931988005957 ], [ -74.009560049786842, 40.749935041791723 ], [ -74.010808158008984, 40.750319311368187 ], [ -74.00925340917918, 40.749985206224693 ], [ -74.008532569250121, 40.7518836093045 ], [ -74.009340892452684, 40.752355609545759 ], [ -74.008426364472257, 40.752157850239406 ], [ -74.009990558197401, 40.752816187149278 ], [ -74.009970587970116, 40.752933564153338 ], [ -74.008353528388426, 40.75235073934244 ], [ -74.007744786056321, 40.754336542719606 ], [ -74.004803925601777, 40.757809843164843 ], [ -74.005278947978866, 40.758028554928394 ], [ -74.005031051366345, 40.758357016473255 ], [ -74.007003589040153, 40.759231870341239 ], [ -74.006475883719489, 40.759893601268246 ], [ -74.00450483093914, 40.759084996552822 ], [ -74.00390742032765, 40.759375692183724 ], [ -74.004318894250702, 40.759910685763643 ], [ -74.003668914535297, 40.759705969576842 ], [ -74.00392854933564, 40.760003019720614 ], [ -74.002335281300574, 40.761543727001765 ], [ -74.004399762035135, 40.76267135909908 ] ] ] } },
{ "type": "Feature", "properties": { "id": 247, "name": "West Concourse", "borough": "Bronx" }, "geometry": { "type": "Polygon", "coordinates": [ [ [ -73.91193751499992, 40.843202388000094 ], [ -73.913831258999849, 40.838639045000058 ], [ -73.919860893999854, 40.831947227000114 ], [ -73.924996548999871, 40.822202701000116 ], [ -73.926343456999973, 40.820578552000086 ], [ -73.928856420999921, 40.814879866000091 ], [ -73.930278126999838, 40.813248025000149 ], [ -73.932426320009441, 40.814117518979799 ], [ -73.932466035188853, 40.821577434975978 ], [ -73.933072510840688, 40.828156152018288 ], [ -73.930339330999942, 40.828495555000167 ], [ -73.928500738999873, 40.82935235000015 ], [ -73.925375400999826, 40.832628096000136 ], [ -73.923990494999913, 40.835052298000086 ], [ -73.919016684000042, 40.838381093000081 ], [ -73.916183443999913, 40.842334900000104 ], [ -73.917949651999876, 40.842229571000168 ], [ -73.917292249999917, 40.8451099400001 ], [ -73.91193751499992, 40.843202388000094 ] ] ] } },
{ "type": "Feature", "properties": { "id": 248, "name": "West Farms/Bronx River", "borough": "Bronx" }, "geometry": { "type": "Polygon", "coordinates": [ [ [ -73.863937480999795, 40.840044566000124 ], [ -73.862711143999931, 40.832991509000166 ], [ -73.877299304999951, 40.828742774000091 ], [ -73.883784140999921, 40.828274292000145 ], [ -73.883520187999906, 40.82926018100013 ], [ -73.883900948000033, 40.829802816000075 ], [ -73.880051884999872, 40.834702059000094 ], [ -73.879252394999924, 40.834424790000092 ], [ -73.877565245999961, 40.835818752000087 ], [ -73.874822281999855, 40.836859480000051 ], [ -73.874908511, 40.837359610000185 ], [ -73.873795901999927, 40.837445133000088 ], [ -73.872772046999813, 40.839751282000158 ], [ -73.86920766899992, 40.83960004700009 ], [ -73.864480117999946, 40.841087797000135 ], [ -73.863937480999795, 40.840044566000124 ] ] ] } },
{ "type": "Feature", "properties": { "id": 249, "name": "West Village", "borough": "Manhattan" }, "geometry": { "type": "Polygon", "coordinates": [ [ [ -73.996839938999983, 40.737360889000144 ], [ -74.002817265999923, 40.72836312900013 ], [ -74.007090207999894, 40.728772253000123 ], [ -74.00515808199998, 40.740858081000098 ], [ -73.996839938999983, 40.737360889000144 ] ] ] } },
{ "type": "Feature", "properties": { "id": 250, "name": "Westchester Village/Unionport", "borough": "Bronx" }, "geometry": { "type": "Polygon", "coordinates": [ [ [ -73.850522780999867, 40.842789489000047 ], [ -73.844581291999859, 40.838535508000113 ], [ -73.842041446999971, 40.840645897000115 ], [ -73.839364527999948, 40.84087706700015 ], [ -73.839720144577612, 40.839565405993234 ], [ -73.840302825371907, 40.839524313945134 ], [ -73.839591084761352, 40.834041688045438 ], [ -73.842758842937684, 40.830818484142995 ], [ -73.842895275039027, 40.828569176561039 ], [ -73.843906249999961, 40.828407830000117 ], [ -73.842898588000025, 40.82408305900006 ], [ -73.855136397999814, 40.822436189000051 ], [ -73.857391212999985, 40.832297372000042 ], [ -73.860338458999948, 40.833253166000141 ], [ -73.851684596999974, 40.834201052000097 ], [ -73.853335249999859, 40.842470155000079 ], [ -73.850522780999867, 40.842789489000047 ] ] ] } },
{ "type": "Feature", "properties": { "id": 251, "name": "Westerleigh", "borough": "Staten Island" }, "geometry": { "type": "Polygon", "coordinates": [ [ [ -74.131074602999945, 40.631147729000141 ], [ -74.130474289999853, 40.630885509000095 ], [ -74.130141414999969, 40.629965209000112 ], [ -74.131309852999905, 40.626328343000175 ], [ -74.121256778999935, 40.627822750000092 ], [ -74.117906548999883, 40.624877461000089 ], [ -74.113262495999891, 40.623054425000142 ], [ -74.110943928999944, 40.621194489000068 ], [ -74.10552598799994, 40.618592330000112 ], [ -74.102094342999919, 40.614600491000104 ], [ -74.0977696879999, 40.610623593000085 ], [ -74.108901461999935, 40.610251585000142 ], [ -74.115668337999907, 40.611175385000088 ], [ -74.124526187999962, 40.609022319000118 ], [ -74.132104596999909, 40.608152924000102 ], [ -74.132150511999981, 40.608551964000135 ], [ -74.144711005999966, 40.608034297000145 ], [ -74.149543435999959, 40.609627173000085 ], [ -74.146968641999877, 40.610151356000102 ], [ -74.146035620999982, 40.617012777000163 ], [ -74.139821847999926, 40.616299825000063 ], [ -74.138366668999865, 40.621737117000094 ], [ -74.138263581999922, 40.624243770000149 ], [ -74.135810082999967, 40.625064340000101 ], [ -74.138058494999925, 40.627068518000051 ], [ -74.138063937999917, 40.627568471000096 ], [ -74.136742377999923, 40.628662537000054 ], [ -74.135861083999956, 40.628061528000103 ], [ -74.134086982999918, 40.629541681000042 ], [ -74.133437312999916, 40.629074346000095 ], [ -74.131074602999945, 40.631147729000141 ] ] ] } },
{ "type": "Feature", "properties": { "id": 252, "name": "Whitestone", "borough": "Queens" }, "geometry": { "type": "Polygon", "coordinates": [ [ [ -73.820499199953048, 40.801011467819258 ], [ -73.813679076331979, 40.797545787911126 ], [ -73.813699637252583, 40.797079415665287 ], [ -73.813420504158557, 40.797693020410875 ], [ -73.813493503685606, 40.797058380377912 ], [ -73.813052794699246, 40.797455018851018 ], [ -73.812883864524792, 40.79716656522718 ], [ -73.812253655671867, 40.798126946801951 ], [ -73.811609382023065, 40.797372409443689 ], [ -73.806363314525598, 40.796393605437899 ], [ -73.806231350123667, 40.796817477582962 ], [ -73.806330767146733, 40.79639274043614 ], [ -73.805395732749716, 40.796170821513485 ], [ -73.804348259354001, 40.796214090992962 ], [ -73.80427353614904, 40.796641261328588 ], [ -73.804311386999231, 40.796212876160219 ], [ -73.803349963629614, 40.79671302643014 ], [ -73.802260388400612, 40.796262209355582 ], [ -73.800256629358415, 40.796260149266786 ], [ -73.800120804882866, 40.796631412711569 ], [ -73.800182353881127, 40.796266913697011 ], [ -73.798111080452074, 40.795605888565554 ], [ -73.797582954713448, 40.795967202154976 ], [ -73.797870149144046, 40.79555201314669 ], [ -73.79712783133192, 40.795303718424776 ], [ -73.796409534263304, 40.795728824199806 ], [ -73.796705875622166, 40.795197625951992 ], [ -73.794428447828167, 40.794806810498713 ], [ -73.794975231564337, 40.791876181419049 ], [ -73.793751264841035, 40.789061933339134 ], [ -73.793386285659835, 40.789581230952791 ], [ -73.793620072760163, 40.788996637750024 ], [ -73.792861567295688, 40.788789647719327 ], [ -73.79179280401884, 40.78935161654946 ], [ -73.790582989999876, 40.788192910000092 ], [ -73.795824630999974, 40.786130588000084 ], [ -73.802427915999772, 40.786068274000129 ], [ -73.803790228999887, 40.775610112000116 ], [ -73.81485850699984, 40.776485923000074 ], [ -73.814529977999754, 40.77888817500012 ], [ -73.823312868999864, 40.779578660000077 ], [ -73.822241276999989, 40.781693879000116 ], [ -73.838699212999956, 40.781676957000066 ], [ -73.838244290999938, 40.787785916000153 ], [ -73.840081574999971, 40.787851531000115 ], [ -73.83992306199994, 40.790649902000105 ], [ -73.839005240999938, 40.790617322000131 ], [ -73.838956760999835, 40.791438431000145 ], [ -73.840815325999941, 40.791504885000094 ], [ -73.840678283000059, 40.793907892000142 ], [ -73.83922303099996, 40.793043046000101 ], [ -73.836632889116856, 40.792516375769459 ], [ -73.836531873247154, 40.791743432405852 ], [ -73.837647050752622, 40.79102861194778 ], [ -73.837503588835787, 40.790461660725605 ], [ -73.836818149570547, 40.790469906359959 ], [ -73.837481914032352, 40.790434497922021 ], [ -73.837280244460757, 40.789009520772844 ], [ -73.837134329895122, 40.789564033014479 ], [ -73.835680220690207, 40.789574917568487 ], [ -73.834135665212628, 40.789066136551554 ], [ -73.833795481098946, 40.788517169043836 ], [ -73.83251063648018, 40.788624476626957 ], [ -73.831436288893869, 40.789181356548788 ], [ -73.832148720009101, 40.790033244853383 ], [ -73.831660809278659, 40.791102591159884 ], [ -73.828366576485834, 40.792395419557543 ], [ -73.829228575339386, 40.793019340411057 ], [ -73.828291552995566, 40.792514245960781 ], [ -73.827848755719202, 40.793087673214345 ], [ -73.828013723559209, 40.794932408770244 ], [ -73.829459915343591, 40.796823367591607 ], [ -73.827417688311883, 40.79678901882918 ], [ -73.826738561666872, 40.797796245453156 ], [ -73.825064966994432, 40.797375776568458 ], [ -73.823433234508002, 40.798406514408036 ], [ -73.823679836938666, 40.798769946499704 ], [ -73.823408723098751, 40.79841781429613 ], [ -73.823305524975808, 40.798962866120739 ], [ -73.822599356172788, 40.798901842475892 ], [ -73.822777278828298, 40.799320221379176 ], [ -73.822519164558685, 40.798987735689423 ], [ -73.822621745567645, 40.799407808072317 ], [ -73.822387547366276, 40.799112891573749 ], [ -73.820432459666279, 40.800627864421223 ], [ -73.820499199953048, 40.801011467819258 ] ] ] } },
{ "type": "Feature", "properties": { "id": 253, "name": "Willets Point", "borough": "Queens" }, "geometry": { "type": "Polygon", "coordinates": [ [ [ -73.840526354792587, 40.765387990202854 ], [ -73.837904295999934, 40.764587797000083 ], [ -73.836916943999952, 40.762766680000098 ], [ -73.836791072999858, 40.761166671000112 ], [ -73.838673218999872, 40.757019979000134 ], [ -73.843243813999763, 40.755336804000152 ], [ -73.84606731299985, 40.760908864000051 ], [ -73.846709337149861, 40.761345269319968 ], [ -73.843687876641326, 40.763612726083878 ], [ -73.843069612696567, 40.76359256915395 ], [ -73.842728193964859, 40.76462854893186 ], [ -73.840526354792587, 40.765387990202854 ] ] ] } },
{ "type": "Feature", "properties": { "id": 254, "name": "Williamsbridge/Olinville", "borough": "Bronx" }, "geometry": { "type": "Polygon", "coordinates": [ [ [ -73.852483058000033, 40.879463705000077 ], [ -73.85091896099982, 40.87789344100004 ], [ -73.852548540999877, 40.877091587000116 ], [ -73.851722360999858, 40.876843371000142 ], [ -73.850689556999882, 40.875486678000129 ], [ -73.85363638799987, 40.873300599000153 ], [ -73.856512923999929, 40.874217793000128 ], [ -73.856613824999926, 40.871250167000106 ], [ -73.870561924999876, 40.871510778000143 ], [ -73.870199448999855, 40.876311355000063 ], [ -73.866052312999841, 40.884287044000132 ], [ -73.866206614999911, 40.885378614000111 ], [ -73.860710982, 40.895370544000144 ], [ -73.856956193999864, 40.894167938000116 ], [ -73.857362817000038, 40.893411439000054 ], [ -73.845905685999981, 40.889741369000049 ], [ -73.852483058000033, 40.879463705000077 ] ] ] } },
{ "type": "Feature", "properties": { "id": 255, "name": "Williamsburg (North Side)", "borough": "Brooklyn" }, "geometry": { "type": "Polygon", "coordinates": [ [ [ -73.962114615834167, 40.725148063199669 ], [ -73.957719891999943, 40.724284957000087 ], [ -73.954776629000037, 40.722459505000131 ], [ -73.951646322999977, 40.723485857000121 ], [ -73.950645942999969, 40.721705693000075 ], [ -73.949078167999858, 40.722540287000115 ], [ -73.948416385999948, 40.718455533000146 ], [ -73.947213417999862, 40.718560986000071 ], [ -73.953484721999828, 40.714070208000066 ], [ -73.954339042000015, 40.714071702000091 ], [ -73.955475960999919, 40.71226542600008 ], [ -73.967363916667026, 40.716483679527641 ], [ -73.966596903326902, 40.717967980887842 ], [ -73.967296525213314, 40.718311814173752 ], [ -73.966527925816777, 40.718032524197795 ], [ -73.9658789353266, 40.718755077686545 ], [ -73.966629933609028, 40.719132427861119 ], [ -73.96654344630538, 40.719222942469614 ], [ -73.96552577399207, 40.718900892712746 ], [ -73.965153859760449, 40.719269683047628 ], [ -73.965374310617193, 40.720093633067108 ], [ -73.964356061313552, 40.720163003598906 ], [ -73.964682836412834, 40.720470457360129 ], [ -73.964087691478682, 40.720755529522485 ], [ -73.965049145493523, 40.721357344251992 ], [ -73.963997937244727, 40.720938438072928 ], [ -73.962981244912328, 40.722031676395439 ], [ -73.961659843006686, 40.724860454231688 ], [ -73.962114615834167, 40.725148063199669 ] ] ] } },
{ "type": "Feature", "properties": { "id": 256, "name": "Williamsburg (South Side)", "borough": "Brooklyn" }, "geometry": { "type": "Polygon", "coordinates": [ [ [ -73.967363916667054, 40.716483679027718 ], [ -73.955475960999919, 40.71226542600008 ], [ -73.954339042000015, 40.714071702000091 ], [ -73.949372318999849, 40.714066878000047 ], [ -73.94865533499987, 40.709724983000072 ], [ -73.950874926999958, 40.709513115000107 ], [ -73.950236937999961, 40.705473247000128 ], [ -73.957904307999883, 40.708427173000125 ], [ -73.958455768, 40.70725184700008 ], [ -73.963278738, 40.707729299000142 ], [ -73.968389336999948, 40.706829187000089 ], [ -73.969292963742433, 40.707093331047965 ], [ -73.969848648235313, 40.70800304168786 ], [ -73.969556795896906, 40.710296071319995 ], [ -73.970009532225205, 40.710453937627797 ], [ -73.968469733470215, 40.712824709346336 ], [ -73.968842290502707, 40.713223925021794 ], [ -73.967363916667054, 40.716483679027718 ] ] ] } },
{ "type": "Feature", "properties": { "id": 257, "name": "Windsor Terrace", "borough": "Brooklyn" }, "geometry": { "type": "Polygon", "coordinates": [ [ [ -73.982230342, 40.662141492000146 ], [ -73.97436701299992, 40.658187904000108 ], [ -73.972328462999968, 40.651397929000069 ], [ -73.972657697999892, 40.650912040000065 ], [ -73.972109785999805, 40.650664143000078 ], [ -73.970841136999937, 40.64637857100012 ], [ -73.974642245, 40.644813219000099 ], [ -73.974827416999872, 40.645663421000144 ], [ -73.977773806000016, 40.64534187700017 ], [ -73.978190743999917, 40.647525992000112 ], [ -73.980291154999932, 40.647297161000068 ], [ -73.981795686999959, 40.655246097000109 ], [ -73.988431352999768, 40.65925121200015 ], [ -73.98688464499989, 40.660366389000096 ], [ -73.985086793999983, 40.659013288000075 ], [ -73.982230342, 40.662141492000146 ] ] ] } },
{ "type": "Feature", "properties": { "id": 258, "name": "Woodhaven", "borough": "Queens" }, "geometry": { "type": "Polygon", "coordinates": [ [ [ -73.845041948999906, 40.689318947000146 ], [ -73.844191508999941, 40.689474408000109 ], [ -73.841196056999806, 40.683351366000089 ], [ -73.847868175999849, 40.681486832000118 ], [ -73.851978645999893, 40.682564211000056 ], [ -73.850990892999874, 40.68056836700007 ], [ -73.85392389199987, 40.679686156000074 ], [ -73.85819836099995, 40.679430849000063 ], [ -73.858785768999866, 40.680630463000085 ], [ -73.86334943599995, 40.6793516400001 ], [ -73.864100967000027, 40.682372850000078 ], [ -73.866026668999964, 40.681918052000107 ], [ -73.868684543999962, 40.694034692000109 ], [ -73.868424898000015, 40.694718120000132 ], [ -73.852772386999987, 40.697557112000077 ], [ -73.852711308999901, 40.698414962000157 ], [ -73.854434556999891, 40.700602952000146 ], [ -73.850708423000015, 40.70020312500008 ], [ -73.849138372999761, 40.698282741000163 ], [ -73.849477634999914, 40.698195807000062 ], [ -73.845041948999906, 40.689318947000146 ] ] ] } },
{ "type": "Feature", "properties": { "id": 259, "name": "Woodlawn/Wakefield", "borough": "Bronx" }, "geometry": { "type": "Polygon", "coordinates": [ [ [ -73.851071161918981, 40.910371520111141 ], [ -73.853475223667161, 40.907530293514412 ], [ -73.850920593814152, 40.906616494244986 ], [ -73.850173175429191, 40.90750786582548 ], [ -73.84481886992495, 40.905529949837529 ], [ -73.844892649046287, 40.904190866898261 ], [ -73.841386892692057, 40.904172741766679 ], [ -73.840679663620847, 40.901517031231613 ], [ -73.839194866902716, 40.899350692215691 ], [ -73.839648128064908, 40.89733053517044 ], [ -73.838391991617513, 40.894067008024187 ], [ -73.837379561611058, 40.893924741304545 ], [ -73.835548539999948, 40.889133504000107 ], [ -73.847049579999947, 40.887671816000079 ], [ -73.845905685999981, 40.889741369000049 ], [ -73.857362817000038, 40.893411439000054 ], [ -73.856956193999864, 40.894167938000116 ], [ -73.860710982, 40.895370544000144 ], [ -73.861359278999842, 40.894662319000119 ], [ -73.864916324999967, 40.895749495000111 ], [ -73.870486725999868, 40.896640211000097 ], [ -73.877119740999902, 40.895468664000155 ], [ -73.876437430999871, 40.896870594000127 ], [ -73.874820415999849, 40.898445438000117 ], [ -73.870103695999887, 40.900741947000093 ], [ -73.867890437068056, 40.90298695407629 ], [ -73.859467787503689, 40.900517209133561 ], [ -73.85907692320508, 40.901007993050541 ], [ -73.859376965125051, 40.901565218082354 ], [ -73.8588640130816, 40.901711695025014 ], [ -73.859578829741139, 40.902440842885916 ], [ -73.858160000024185, 40.902305710101473 ], [ -73.857110904899727, 40.903649532848142 ], [ -73.857177660879771, 40.905286541830911 ], [ -73.856010233446199, 40.905305983813676 ], [ -73.856810136192749, 40.906155828163165 ], [ -73.854237766934418, 40.907032868127303 ], [ -73.853741036153636, 40.907787916367944 ], [ -73.8547107831982, 40.908006309471638 ], [ -73.854589405441175, 40.908939499149284 ], [ -73.852956184607052, 40.910353044089774 ], [ -73.852274516082346, 40.909854099321706 ], [ -73.851071161918981, 40.910371520111141 ] ] ] } },
{ "type": "Feature", "properties": { "id": 260, "name": "Woodside", "borough": "Queens" }, "geometry": { "type": "Polygon", "coordinates": [ [ [ -73.903569155999975, 40.765781789000108 ], [ -73.901470530999944, 40.759633050000076 ], [ -73.898661377999986, 40.759921017000096 ], [ -73.899677474999919, 40.758296864000144 ], [ -73.899768620999978, 40.75666423700013 ], [ -73.897707448999824, 40.752734859000086 ], [ -73.8970765, 40.750118876000109 ], [ -73.89480782, 40.746062465000165 ], [ -73.894912089999906, 40.744281231000144 ], [ -73.900578253999853, 40.739492896000073 ], [ -73.906729504999944, 40.736913485000102 ], [ -73.909260029999885, 40.736403180000046 ], [ -73.910688763999971, 40.73347108100014 ], [ -73.906289034999872, 40.732400752000089 ], [ -73.905169488999832, 40.735859643000055 ], [ -73.90107970900003, 40.733914634000065 ], [ -73.905180578999989, 40.728956577000154 ], [ -73.907122530999899, 40.727424728000123 ], [ -73.911747341999884, 40.729912033000112 ], [ -73.912050212999944, 40.728506363000115 ], [ -73.915052180999851, 40.728601180000105 ], [ -73.915072337999888, 40.727970820000095 ], [ -73.917966966999956, 40.728500771000078 ], [ -73.917342506, 40.731382826000129 ], [ -73.919038251999865, 40.73200596600006 ], [ -73.917592508000013, 40.735239441000033 ], [ -73.916897418999909, 40.735444708000074 ], [ -73.916515227999867, 40.736757346000054 ], [ -73.917177379999785, 40.736897870000142 ], [ -73.91651190599994, 40.738944758000066 ], [ -73.915674695999954, 40.740784929000071 ], [ -73.914434831999884, 40.740531053000062 ], [ -73.913793886999798, 40.742514492000154 ], [ -73.911941297999903, 40.742382949000138 ], [ -73.911247222999805, 40.745783993000067 ], [ -73.912448537999893, 40.745920402000039 ], [ -73.911909790999928, 40.748105395000067 ], [ -73.911642027999832, 40.748684576000088 ], [ -73.910158606999943, 40.748501968000113 ], [ -73.909451827999831, 40.750655507000118 ], [ -73.910674748999966, 40.752995077000101 ], [ -73.909012590999922, 40.75427981500016 ], [ -73.906315050999879, 40.759843876000105 ], [ -73.907794054999869, 40.760517800000088 ], [ -73.903569155999975, 40.765781789000108 ] ] ] } },
{ "type": "Feature", "properties": { "id": 261, "name": "World Trade Center", "borough": "Manhattan" }, "geometry": { "type": "Polygon", "coordinates": [ [ [ -74.013253963999929, 40.70587051400009 ], [ -74.013269794999971, 40.704553496000166 ], [ -74.016686130999986, 40.704799338000122 ], [ -74.013753884999971, 40.713690555000056 ], [ -74.008600853999923, 40.711392240000144 ], [ -74.013253963999929, 40.70587051400009 ] ] ] } },
{ "type": "Feature", "properties": { "id": 262, "name": "Yorkville East", "borough": "Manhattan" }, "geometry": { "type": "MultiPolygon", "coordinates": [ [ [ [ -73.943832566999859, 40.782859089000112 ], [ -73.94360047475412, 40.780159099466317 ], [ -73.943213862652172, 40.779317588660206 ], [ -73.942716005450848, 40.779544169476324 ], [ -73.942893408187885, 40.778614093246397 ], [ -73.942074188038774, 40.776917846977263 ], [ -73.942081604573815, 40.775957016317228 ], [ -73.942930437813814, 40.774676268035968 ], [ -73.947489754781699, 40.770115154009723 ], [ -73.952685149999937, 40.772339405000118 ], [ -73.944722644999857, 40.783247572000057 ], [ -73.943832566999859, 40.782859089000112 ] ] ], [ [ [ -73.938046406034218, 40.780829544275655 ], [ -73.937646318214789, 40.781001215893035 ], [ -73.93759894622616, 40.780467840861604 ], [ -73.939583789724651, 40.779576474007328 ], [ -73.938744230892681, 40.781043876042467 ], [ -73.9380821326871, 40.781418437777383 ], [ -73.938046406034218, 40.780829544275655 ] ] ] ] } },
{ "type": "Feature", "properties": { "id": 263, "name": "Yorkville West", "borough": "Manhattan" }, "geometry": { "type": "Polygon", "coordinates": [ [ [ -73.944722644999857, 40.783247572000057 ], [ -73.952685149999937, 40.772339405000118 ], [ -73.957294099999856, 40.774283555000103 ], [ -73.949331705999924, 40.785193127000142 ], [ -73.944722644999857, 40.783247572000057 ] ] ] } }
]
}
